captured_at,date,sport,home_team,away_team,market,book,home_odds,away_odds,over_odds,under_odds,total_line
2026-07-03T20:41:40,2026-07-03,MLB,Chicago Cubs,St. Louis Cardinals,moneyline,fanduel,-146,114,,,
2026-07-03T20:41:40,2026-07-03,MLB,Chicago Cubs,St. Louis Cardinals,spread,fanduel,144,-194,,,
2026-07-03T20:41:40,2026-07-03,MLB,Chicago Cubs,St. Louis Cardinals,total,fanduel,,,104,-138,9.5
2026-07-03T20:41:40,2026-07-03,MLB,Chicago Cubs,St. Louis Cardinals,moneyline,draftkings,-135,104,,,
2026-07-03T20:41:40,2026-07-03,MLB,Chicago Cubs,St. Louis Cardinals,spread,draftkings,160,-213,,,
2026-07-03T20:41:40,2026-07-03,MLB,Chicago Cubs,St. Louis Cardinals,total,draftkings,,,102,-133,9.5
2026-07-03T20:41:40,2026-07-03,MLB,Chicago Cubs,St. Louis Cardinals,moneyline,betmgm,-155,125,,,
2026-07-03T20:41:40,2026-07-03,MLB,Chicago Cubs,St. Louis Cardinals,spread,betmgm,140,-185,,,
2026-07-03T20:41:40,2026-07-03,MLB,Chicago Cubs,St. Louis Cardinals,total,betmgm,,,-120,-105,8.5
2026-07-03T20:41:40,2026-07-03,MLB,Washington Nationals,Pittsburgh Pirates,moneyline,fanduel,-148,126,,,
2026-07-03T20:41:40,2026-07-03,MLB,Washington Nationals,Pittsburgh Pirates,spread,fanduel,138,-166,,,
2026-07-03T20:41:40,2026-07-03,MLB,Washington Nationals,Pittsburgh Pirates,total,fanduel,,,-115,-105,9.5
2026-07-03T20:41:40,2026-07-03,MLB,Washington Nationals,Pittsburgh Pirates,moneyline,draftkings,-150,124,,,
2026-07-03T20:41:40,2026-07-03,MLB,Washington Nationals,Pittsburgh Pirates,spread,draftkings,139,-169,,,
2026-07-03T20:41:40,2026-07-03,MLB,Washington Nationals,Pittsburgh Pirates,total,draftkings,,,-116,-104,9.5
2026-07-03T20:41:40,2026-07-03,MLB,Washington Nationals,Pittsburgh Pirates,moneyline,betmgm,-155,125,,,
2026-07-03T20:41:40,2026-07-03,MLB,Washington Nationals,Pittsburgh Pirates,spread,betmgm,135,-165,,,
2026-07-03T20:41:40,2026-07-03,MLB,Washington Nationals,Pittsburgh Pirates,total,betmgm,,,-115,-105,9.5
2026-07-03T20:41:40,2026-07-03,MLB,New York Yankees,Minnesota Twins,moneyline,fanduel,-220,184,,,
2026-07-03T20:41:40,2026-07-03,MLB,New York Yankees,Minnesota Twins,spread,fanduel,-108,-111,,,
2026-07-03T20:41:40,2026-07-03,MLB,New York Yankees,Minnesota Twins,total,fanduel,,,-122,100,9.5
2026-07-03T20:41:40,2026-07-03,MLB,New York Yankees,Minnesota Twins,moneyline,draftkings,-220,179,,,
2026-07-03T20:41:40,2026-07-03,MLB,New York Yankees,Minnesota Twins,spread,draftkings,-107,-112,,,
2026-07-03T20:41:40,2026-07-03,MLB,New York Yankees,Minnesota Twins,total,draftkings,,,-104,-116,10.0
2026-07-03T20:41:40,2026-07-03,MLB,New York Yankees,Minnesota Twins,moneyline,betmgm,-220,180,,,
2026-07-03T20:41:40,2026-07-03,MLB,New York Yankees,Minnesota Twins,total,betmgm,,,-102,-118,10.0
2026-07-03T20:41:40,2026-07-03,MLB,Cincinnati Reds,Baltimore Orioles,moneyline,fanduel,106,-124,,,
2026-07-03T20:41:40,2026-07-03,MLB,Cincinnati Reds,Baltimore Orioles,spread,fanduel,-152,126,,,
2026-07-03T20:41:40,2026-07-03,MLB,Cincinnati Reds,Baltimore Orioles,total,fanduel,,,-105,-115,10.5
2026-07-03T20:41:40,2026-07-03,MLB,Cincinnati Reds,Baltimore Orioles,moneyline,draftkings,102,-123,,,
2026-07-03T20:41:40,2026-07-03,MLB,Cincinnati Reds,Baltimore Orioles,spread,draftkings,-155,128,,,
2026-07-03T20:41:40,2026-07-03,MLB,Cincinnati Reds,Baltimore Orioles,total,draftkings,,,-114,-106,10.5
2026-07-03T20:41:40,2026-07-03,MLB,Cincinnati Reds,Baltimore Orioles,moneyline,betmgm,100,-120,,,
2026-07-03T20:41:40,2026-07-03,MLB,Cincinnati Reds,Baltimore Orioles,spread,betmgm,-155,125,,,
2026-07-03T20:41:40,2026-07-03,MLB,Cincinnati Reds,Baltimore Orioles,total,betmgm,,,-110,-110,10.5
2026-07-03T20:41:40,2026-07-03,MLB,Cleveland Guardians,Chicago White Sox,moneyline,fanduel,-132,112,,,
2026-07-03T20:41:40,2026-07-03,MLB,Cleveland Guardians,Chicago White Sox,spread,fanduel,158,-194,,,
2026-07-03T20:41:40,2026-07-03,MLB,Cleveland Guardians,Chicago White Sox,total,fanduel,,,-118,-104,8.0
2026-07-03T20:41:40,2026-07-03,MLB,Cleveland Guardians,Chicago White Sox,moneyline,draftkings,-137,114,,,
2026-07-03T20:41:40,2026-07-03,MLB,Cleveland Guardians,Chicago White Sox,spread,draftkings,148,-180,,,
2026-07-03T20:41:40,2026-07-03,MLB,Cleveland Guardians,Chicago White Sox,total,draftkings,,,-114,-106,8.0
2026-07-03T20:41:40,2026-07-03,MLB,Cleveland Guardians,Chicago White Sox,moneyline,betmgm,-135,110,,,
2026-07-03T20:41:40,2026-07-03,MLB,Cleveland Guardians,Chicago White Sox,spread,betmgm,150,-185,,,
2026-07-03T20:41:40,2026-07-03,MLB,Cleveland Guardians,Chicago White Sox,total,betmgm,,,-118,-102,8.0
2026-07-03T20:41:40,2026-07-03,MLB,Atlanta Braves,New York Mets,moneyline,fanduel,-108,-108,,,
2026-07-03T20:41:40,2026-07-03,MLB,Atlanta Braves,New York Mets,spread,fanduel,-178,146,,,
2026-07-03T20:41:40,2026-07-03,MLB,Atlanta Braves,New York Mets,total,fanduel,,,-106,-114,9.0
2026-07-03T20:41:40,2026-07-03,MLB,Atlanta Braves,New York Mets,moneyline,draftkings,-120,-101,,,
2026-07-03T20:41:40,2026-07-03,MLB,Atlanta Braves,New York Mets,spread,draftkings,-195,160,,,
2026-07-03T20:41:40,2026-07-03,MLB,Atlanta Braves,New York Mets,total,draftkings,,,-106,-114,9.0
2026-07-03T20:41:40,2026-07-03,MLB,Atlanta Braves,New York Mets,moneyline,betmgm,-115,-105,,,
2026-07-03T20:41:40,2026-07-03,MLB,Atlanta Braves,New York Mets,total,betmgm,,,-110,-110,9.0
2026-07-03T20:41:40,2026-07-04,MLB,Colorado Rockies,San Francisco Giants,moneyline,fanduel,130,-154,,,
2026-07-03T20:41:40,2026-07-04,MLB,Colorado Rockies,San Francisco Giants,spread,fanduel,-118,-102,,,
2026-07-03T20:41:40,2026-07-04,MLB,Colorado Rockies,San Francisco Giants,total,fanduel,,,-105,-115,11.5
2026-07-03T20:41:40,2026-07-04,MLB,Colorado Rockies,San Francisco Giants,moneyline,draftkings,128,-154,,,
2026-07-03T20:41:40,2026-07-04,MLB,Colorado Rockies,San Francisco Giants,spread,draftkings,-116,-104,,,
2026-07-03T20:41:40,2026-07-04,MLB,Colorado Rockies,San Francisco Giants,total,draftkings,,,-108,-112,11.5
2026-07-03T20:41:40,2026-07-04,MLB,Colorado Rockies,San Francisco Giants,moneyline,betmgm,125,-155,,,
2026-07-03T20:41:40,2026-07-04,MLB,Colorado Rockies,San Francisco Giants,spread,betmgm,-118,-102,,,
2026-07-03T20:41:40,2026-07-04,MLB,Colorado Rockies,San Francisco Giants,total,betmgm,,,-110,-110,11.5
2026-07-04T20:29:19,2026-07-04,MLB,Houston Astros,Tampa Bay Rays,moneyline,fanduel,-112,-104,,,
2026-07-04T20:29:19,2026-07-04,MLB,Houston Astros,Tampa Bay Rays,spread,fanduel,-200,164,,,
2026-07-04T20:29:19,2026-07-04,MLB,Houston Astros,Tampa Bay Rays,total,fanduel,,,-115,-105,7.0
2026-07-04T20:29:19,2026-07-04,MLB,Houston Astros,Tampa Bay Rays,moneyline,betmgm,-118,-102,,,
2026-07-04T20:29:19,2026-07-04,MLB,Houston Astros,Tampa Bay Rays,spread,betmgm,-200,165,,,
2026-07-04T20:29:19,2026-07-04,MLB,Houston Astros,Tampa Bay Rays,total,betmgm,,,-118,-102,7.0
2026-07-04T20:29:19,2026-07-04,MLB,Houston Astros,Tampa Bay Rays,moneyline,draftkings,-118,-102,,,
2026-07-04T20:29:19,2026-07-04,MLB,Houston Astros,Tampa Bay Rays,spread,draftkings,-198,162,,,
2026-07-04T20:29:19,2026-07-04,MLB,Houston Astros,Tampa Bay Rays,total,draftkings,,,-118,-102,7.0
2026-07-03T20:41:40,2026-07-04,MLB,Los Angeles Angels,Boston Red Sox,moneyline,fanduel,-112,-104,,,
2026-07-03T20:41:40,2026-07-04,MLB,Los Angeles Angels,Boston Red Sox,spread,fanduel,-188,155,,,
2026-07-03T20:41:40,2026-07-04,MLB,Los Angeles Angels,Boston Red Sox,total,fanduel,,,-114,-106,7.5
2026-07-03T20:41:40,2026-07-04,MLB,Los Angeles Angels,Boston Red Sox,moneyline,betmgm,-115,-105,,,
2026-07-03T20:41:40,2026-07-04,MLB,Los Angeles Angels,Boston Red Sox,spread,betmgm,-200,165,,,
2026-07-03T20:41:40,2026-07-04,MLB,Los Angeles Angels,Boston Red Sox,total,betmgm,,,-110,-110,7.5
2026-07-03T20:41:40,2026-07-04,MLB,Los Angeles Angels,Boston Red Sox,moneyline,draftkings,-112,-108,,,
2026-07-03T20:41:40,2026-07-04,MLB,Los Angeles Angels,Boston Red Sox,spread,draftkings,-196,161,,,
2026-07-03T20:41:40,2026-07-04,MLB,Los Angeles Angels,Boston Red Sox,total,draftkings,,,-111,-108,7.5
2026-07-03T20:41:40,2026-07-04,MLB,Athletics,Miami Marlins,moneyline,fanduel,-142,120,,,
2026-07-03T20:41:40,2026-07-04,MLB,Athletics,Miami Marlins,spread,fanduel,142,-172,,,
2026-07-03T20:41:40,2026-07-04,MLB,Athletics,Miami Marlins,total,fanduel,,,-114,-106,10.5
2026-07-03T20:41:40,2026-07-04,MLB,Athletics,Miami Marlins,moneyline,draftkings,-143,119,,,
2026-07-03T20:41:40,2026-07-04,MLB,Athletics,Miami Marlins,spread,draftkings,139,-168,,,
2026-07-03T20:41:40,2026-07-04,MLB,Athletics,Miami Marlins,total,draftkings,,,-114,-105,10.5
2026-07-03T20:41:40,2026-07-04,MLB,Athletics,Miami Marlins,moneyline,betmgm,-145,118,,,
2026-07-03T20:41:40,2026-07-04,MLB,Athletics,Miami Marlins,spread,betmgm,135,-165,,,
2026-07-03T20:41:40,2026-07-04,MLB,Athletics,Miami Marlins,total,betmgm,,,-118,-102,10.5
2026-07-03T20:41:40,2026-07-04,MLB,Arizona Diamondbacks,Milwaukee Brewers,moneyline,fanduel,126,-148,,,
2026-07-03T20:41:40,2026-07-04,MLB,Arizona Diamondbacks,Milwaukee Brewers,spread,fanduel,-138,115,,,
2026-07-03T20:41:40,2026-07-04,MLB,Arizona Diamondbacks,Milwaukee Brewers,total,fanduel,,,-120,-102,8.5
2026-07-03T20:41:40,2026-07-04,MLB,Arizona Diamondbacks,Milwaukee Brewers,moneyline,draftkings,119,-144,,,
2026-07-03T20:41:40,2026-07-04,MLB,Arizona Diamondbacks,Milwaukee Brewers,spread,draftkings,-131,109,,,
2026-07-03T20:41:40,2026-07-04,MLB,Arizona Diamondbacks,Milwaukee Brewers,total,draftkings,,,-112,-108,8.5
2026-07-03T20:41:40,2026-07-04,MLB,Arizona Diamondbacks,Milwaukee Brewers,moneyline,betmgm,120,-145,,,
2026-07-03T20:41:40,2026-07-04,MLB,Arizona Diamondbacks,Milwaukee Brewers,spread,betmgm,-135,110,,,
2026-07-03T20:41:40,2026-07-04,MLB,Arizona Diamondbacks,Milwaukee Brewers,total,betmgm,,,-110,-110,8.5
2026-07-03T20:41:40,2026-07-04,MLB,Los Angeles Dodgers,San Diego Padres,moneyline,fanduel,-250,205,,,
2026-07-03T20:41:40,2026-07-04,MLB,Los Angeles Dodgers,San Diego Padres,spread,fanduel,-115,-104,,,
2026-07-03T20:41:40,2026-07-04,MLB,Los Angeles Dodgers,San Diego Padres,total,fanduel,,,-128,104,7.5
2026-07-03T20:41:40,2026-07-04,MLB,Los Angeles Dodgers,San Diego Padres,moneyline,draftkings,-252,203,,,
2026-07-03T20:41:40,2026-07-04,MLB,Los Angeles Dodgers,San Diego Padres,spread,draftkings,-120,100,,,
2026-07-03T20:41:40,2026-07-04,MLB,Los Angeles Dodgers,San Diego Padres,total,draftkings,,,-107,-112,8.0
2026-07-03T20:41:40,2026-07-04,MLB,Los Angeles Dodgers,San Diego Padres,moneyline,betmgm,-250,200,,,
2026-07-03T20:41:40,2026-07-04,MLB,Los Angeles Dodgers,San Diego Padres,spread,betmgm,-118,-102,,,
2026-07-03T20:41:40,2026-07-04,MLB,Los Angeles Dodgers,San Diego Padres,total,betmgm,,,-105,-115,8.0
2026-07-04T20:29:19,2026-07-04,MLB,Seattle Mariners,Toronto Blue Jays,moneyline,fanduel,-188,146,,,
2026-07-04T20:29:19,2026-07-04,MLB,Seattle Mariners,Toronto Blue Jays,spread,fanduel,130,-174,,,
2026-07-04T20:29:19,2026-07-04,MLB,Seattle Mariners,Toronto Blue Jays,total,fanduel,,,-106,-125,6.5
2026-07-04T20:29:19,2026-07-04,MLB,Seattle Mariners,Toronto Blue Jays,moneyline,draftkings,-201,152,,,
2026-07-04T20:29:19,2026-07-04,MLB,Seattle Mariners,Toronto Blue Jays,spread,draftkings,121,-157,,,
2026-07-04T20:29:19,2026-07-04,MLB,Seattle Mariners,Toronto Blue Jays,total,draftkings,,,-127,-103,5.5
2026-07-04T20:29:19,2026-07-04,MLB,Seattle Mariners,Toronto Blue Jays,moneyline,betmgm,-200,160,,,
2026-07-04T20:29:19,2026-07-04,MLB,Seattle Mariners,Toronto Blue Jays,spread,betmgm,125,-160,,,
2026-07-04T20:29:19,2026-07-04,MLB,Seattle Mariners,Toronto Blue Jays,total,betmgm,,,-105,-120,6.5
2026-07-04T09:08:45,2026-07-04,MLB,Washington Nationals,Pittsburgh Pirates,moneyline,fanduel,138,-164,,,
2026-07-04T09:08:45,2026-07-04,MLB,Washington Nationals,Pittsburgh Pirates,spread,fanduel,-115,-104,,,
2026-07-04T09:08:45,2026-07-04,MLB,Washington Nationals,Pittsburgh Pirates,total,fanduel,,,-104,-118,10.0
2026-07-04T09:08:45,2026-07-04,MLB,Washington Nationals,Pittsburgh Pirates,moneyline,draftkings,138,-167,,,
2026-07-04T09:08:45,2026-07-04,MLB,Washington Nationals,Pittsburgh Pirates,total,draftkings,,,-109,-110,10.0
2026-07-04T20:29:19,2026-07-04,MLB,Texas Rangers,Detroit Tigers,moneyline,fanduel,265,-370,,,
2026-07-04T20:29:19,2026-07-04,MLB,Texas Rangers,Detroit Tigers,spread,fanduel,100,-132,,,
2026-07-04T20:29:19,2026-07-04,MLB,Texas Rangers,Detroit Tigers,total,fanduel,,,-122,-108,9.5
2026-07-04T20:29:19,2026-07-04,MLB,Texas Rangers,Detroit Tigers,moneyline,draftkings,382,-597,,,
2026-07-04T20:29:19,2026-07-04,MLB,Texas Rangers,Detroit Tigers,total,draftkings,,,-134,103,10.5
2026-07-04T20:29:19,2026-07-04,MLB,Cincinnati Reds,Baltimore Orioles,moneyline,fanduel,-126,108,,,
2026-07-04T20:29:19,2026-07-04,MLB,Cincinnati Reds,Baltimore Orioles,spread,fanduel,160,-194,,,
2026-07-04T20:29:19,2026-07-04,MLB,Cincinnati Reds,Baltimore Orioles,total,fanduel,,,102,-124,9.5
2026-07-04T20:29:19,2026-07-04,MLB,Cincinnati Reds,Baltimore Orioles,moneyline,draftkings,-131,109,,,
2026-07-04T20:29:19,2026-07-04,MLB,Cincinnati Reds,Baltimore Orioles,total,draftkings,,,-118,-102,9.0
2026-07-04T20:29:19,2026-07-04,MLB,Cleveland Guardians,Chicago White Sox,moneyline,fanduel,-144,122,,,
2026-07-04T20:29:19,2026-07-04,MLB,Cleveland Guardians,Chicago White Sox,spread,fanduel,155,-188,,,
2026-07-04T20:29:19,2026-07-04,MLB,Cleveland Guardians,Chicago White Sox,total,fanduel,,,100,-122,7.5
2026-07-04T20:29:19,2026-07-04,MLB,Cleveland Guardians,Chicago White Sox,moneyline,draftkings,-148,123,,,
2026-07-04T20:29:19,2026-07-04,MLB,Cleveland Guardians,Chicago White Sox,total,draftkings,,,-102,-118,7.5
2026-07-05T20:38:49,2026-07-05,MLB,Atlanta Braves,New York Mets,moneyline,fanduel,900,-2500,,,
2026-07-05T20:38:49,2026-07-05,MLB,Atlanta Braves,New York Mets,spread,fanduel,350,-550,,,
2026-07-05T20:38:49,2026-07-05,MLB,Atlanta Braves,New York Mets,total,fanduel,,,118,-158,8.5
2026-07-05T20:38:49,2026-07-05,MLB,Atlanta Braves,New York Mets,moneyline,draftkings,700,-1560,,,
2026-07-05T20:38:49,2026-07-05,MLB,Atlanta Braves,New York Mets,total,draftkings,,,103,-134,8.5
2026-07-05T20:38:49,2026-07-05,MLB,Chicago Cubs,St. Louis Cardinals,moneyline,fanduel,-4000,1100,,,
2026-07-05T20:38:49,2026-07-05,MLB,Chicago Cubs,St. Louis Cardinals,spread,fanduel,-230,168,,,
2026-07-05T20:38:49,2026-07-05,MLB,Chicago Cubs,St. Louis Cardinals,total,fanduel,,,-125,-106,10.5
2026-07-05T20:38:49,2026-07-05,MLB,Chicago Cubs,St. Louis Cardinals,moneyline,draftkings,-5400,1100,,,
2026-07-05T20:38:49,2026-07-05,MLB,Kansas City Royals,Philadelphia Phillies,moneyline,fanduel,-650,420,,,
2026-07-05T20:38:49,2026-07-05,MLB,Kansas City Royals,Philadelphia Phillies,spread,fanduel,-192,142,,,
2026-07-05T20:38:49,2026-07-05,MLB,Kansas City Royals,Philadelphia Phillies,total,fanduel,,,-160,120,6.5
2026-07-05T20:38:49,2026-07-05,MLB,Kansas City Royals,Philadelphia Phillies,moneyline,draftkings,-630,395,,,
2026-07-05T20:38:49,2026-07-05,MLB,Kansas City Royals,Philadelphia Phillies,total,draftkings,,,112,-145,7.5
2026-07-04T20:29:19,2026-07-05,MLB,Los Angeles Angels,Boston Red Sox,moneyline,fanduel,138,-164,,,
2026-07-04T20:29:19,2026-07-05,MLB,Los Angeles Angels,Boston Red Sox,spread,fanduel,-126,105,,,
2026-07-04T20:29:19,2026-07-05,MLB,Los Angeles Angels,Boston Red Sox,total,fanduel,,,-108,-112,8.5
2026-07-04T20:29:19,2026-07-05,MLB,Los Angeles Angels,Boston Red Sox,moneyline,draftkings,141,-171,,,
2026-07-04T20:29:19,2026-07-05,MLB,Los Angeles Angels,Boston Red Sox,total,draftkings,,,-108,-111,8.5
2026-07-05T20:38:49,2026-07-05,MLB,Arizona Diamondbacks,Milwaukee Brewers,moneyline,fanduel,-240,182,,,
2026-07-05T20:38:49,2026-07-05,MLB,Arizona Diamondbacks,Milwaukee Brewers,spread,fanduel,-102,-130,,,
2026-07-05T20:38:49,2026-07-05,MLB,Arizona Diamondbacks,Milwaukee Brewers,total,fanduel,,,-106,-125,8.5
2026-07-05T20:38:49,2026-07-05,MLB,Arizona Diamondbacks,Milwaukee Brewers,moneyline,draftkings,-218,164,,,
2026-07-05T20:38:49,2026-07-05,MLB,Arizona Diamondbacks,Milwaukee Brewers,total,draftkings,,,-110,-118,8.5
2026-07-05T20:38:49,2026-07-05,MLB,Athletics,Miami Marlins,moneyline,fanduel,-142,112,,,
2026-07-05T20:38:49,2026-07-05,MLB,Athletics,Miami Marlins,spread,fanduel,148,-200,,,
2026-07-05T20:38:49,2026-07-05,MLB,Athletics,Miami Marlins,total,fanduel,,,-104,-128,9.5
2026-07-05T20:38:49,2026-07-05,MLB,Athletics,Miami Marlins,moneyline,draftkings,-153,117,,,
2026-07-05T20:38:49,2026-07-05,MLB,Athletics,Miami Marlins,total,draftkings,,,-107,-121,9.5
2026-07-06T01:28:17,2026-07-05,MLB,Los Angeles Dodgers,San Diego Padres,moneyline,fanduel,158,-205,,,
2026-07-06T01:28:17,2026-07-05,MLB,Los Angeles Dodgers,San Diego Padres,spread,fanduel,-230,168,,,
2026-07-06T01:28:17,2026-07-05,MLB,Los Angeles Dodgers,San Diego Padres,total,fanduel,,,-114,-114,3.5
2026-07-06T01:28:17,2026-07-05,MLB,Los Angeles Dodgers,San Diego Padres,moneyline,draftkings,135,-176,,,
2026-07-06T01:28:17,2026-07-05,MLB,Los Angeles Dodgers,San Diego Padres,total,draftkings,,,-128,-101,3.5
2026-07-04T09:08:45,2026-07-04,MLB,Washington Nationals,Pittsburgh Pirates,spread,draftkings,-112,-107,,,
2026-07-04T09:08:45,2026-07-04,MLB,Washington Nationals,Pittsburgh Pirates,moneyline,betmgm,140,-170,,,
2026-07-04T09:08:45,2026-07-04,MLB,Washington Nationals,Pittsburgh Pirates,spread,betmgm,-110,-110,,,
2026-07-04T09:08:45,2026-07-04,MLB,Washington Nationals,Pittsburgh Pirates,total,betmgm,,,-105,-115,10.0
2026-07-04T20:29:19,2026-07-04,MLB,New York Yankees,Minnesota Twins,moneyline,fanduel,1000,-3000,,,
2026-07-04T20:29:19,2026-07-04,MLB,New York Yankees,Minnesota Twins,spread,fanduel,-125,-106,,,
2026-07-04T20:29:19,2026-07-04,MLB,New York Yankees,Minnesota Twins,total,fanduel,,,-104,-128,13.5
2026-07-04T20:29:19,2026-07-04,MLB,New York Yankees,Minnesota Twins,moneyline,draftkings,1040,-4300,,,
2026-07-04T20:29:19,2026-07-04,MLB,New York Yankees,Minnesota Twins,spread,draftkings,132,-173,,,
2026-07-04T20:29:19,2026-07-04,MLB,New York Yankees,Minnesota Twins,total,draftkings,,,-122,-106,13.5
2026-07-04T20:29:19,2026-07-04,MLB,New York Yankees,Minnesota Twins,moneyline,betmgm,1150,-3000,,,
2026-07-04T20:29:19,2026-07-04,MLB,New York Yankees,Minnesota Twins,total,betmgm,,,-135,105,13.5
2026-07-04T20:29:19,2026-07-04,MLB,Texas Rangers,Detroit Tigers,spread,draftkings,101,-131,,,
2026-07-04T20:29:19,2026-07-04,MLB,Texas Rangers,Detroit Tigers,moneyline,betmgm,475,-700,,,
2026-07-04T20:29:19,2026-07-04,MLB,Texas Rangers,Detroit Tigers,spread,betmgm,110,-145,,,
2026-07-04T20:29:19,2026-07-04,MLB,Texas Rangers,Detroit Tigers,total,betmgm,,,105,-135,11.5
2026-07-04T20:29:19,2026-07-04,MLB,Cincinnati Reds,Baltimore Orioles,spread,draftkings,158,-193,,,
2026-07-04T20:29:19,2026-07-04,MLB,Cincinnati Reds,Baltimore Orioles,moneyline,betmgm,-130,105,,,
2026-07-04T20:29:19,2026-07-04,MLB,Cincinnati Reds,Baltimore Orioles,spread,betmgm,155,-190,,,
2026-07-04T20:29:19,2026-07-04,MLB,Cincinnati Reds,Baltimore Orioles,total,betmgm,,,-118,-102,9.0
2026-07-04T20:29:19,2026-07-04,MLB,Cleveland Guardians,Chicago White Sox,spread,draftkings,156,-190,,,
2026-07-04T20:29:19,2026-07-04,MLB,Cleveland Guardians,Chicago White Sox,moneyline,betmgm,-145,118,,,
2026-07-04T20:29:19,2026-07-04,MLB,Cleveland Guardians,Chicago White Sox,spread,betmgm,155,-190,,,
2026-07-04T20:29:19,2026-07-04,MLB,Cleveland Guardians,Chicago White Sox,total,betmgm,,,-105,-115,7.5
2026-07-05T20:38:49,2026-07-05,MLB,Atlanta Braves,New York Mets,spread,draftkings,264,-375,,,
2026-07-05T20:38:49,2026-07-05,MLB,Atlanta Braves,New York Mets,moneyline,betmgm,875,-2000,,,
2026-07-04T20:29:19,2026-07-05,MLB,Atlanta Braves,New York Mets,spread,betmgm,118,-145,,,
2026-07-05T20:38:49,2026-07-05,MLB,Atlanta Braves,New York Mets,total,betmgm,,,118,-155,8.5
2026-07-05T20:38:49,2026-07-05,MLB,Chicago Cubs,St. Louis Cardinals,spread,draftkings,150,-198,,,
2026-07-05T20:38:49,2026-07-05,MLB,Chicago Cubs,St. Louis Cardinals,total,draftkings,,,-122,-107,10.5
2026-07-05T20:38:49,2026-07-05,MLB,Chicago Cubs,St. Louis Cardinals,moneyline,betmgm,-1200,675,,,
2026-07-05T20:38:49,2026-07-05,MLB,Chicago Cubs,St. Louis Cardinals,spread,betmgm,105,-135,,,
2026-07-05T20:38:49,2026-07-05,MLB,Chicago Cubs,St. Louis Cardinals,total,betmgm,,,110,-145,11.5
2026-07-05T20:38:49,2026-07-05,MLB,Colorado Rockies,San Francisco Giants,moneyline,fanduel,-150,118,,,
2026-07-05T20:38:49,2026-07-05,MLB,Colorado Rockies,San Francisco Giants,spread,fanduel,134,-180,,,
2026-07-05T20:38:49,2026-07-05,MLB,Colorado Rockies,San Francisco Giants,total,fanduel,,,-138,104,14.5
2026-07-05T20:38:49,2026-07-05,MLB,Colorado Rockies,San Francisco Giants,moneyline,draftkings,-151,116,,,
2026-07-05T20:38:49,2026-07-05,MLB,Colorado Rockies,San Francisco Giants,spread,draftkings,129,-169,,,
2026-07-05T20:38:49,2026-07-05,MLB,Colorado Rockies,San Francisco Giants,total,draftkings,,,-103,-127,15.5
2026-07-05T20:38:49,2026-07-05,MLB,Colorado Rockies,San Francisco Giants,moneyline,betmgm,-155,125,,,
2026-07-05T20:38:49,2026-07-05,MLB,Colorado Rockies,San Francisco Giants,spread,betmgm,130,-165,,,
2026-07-05T20:38:49,2026-07-05,MLB,Colorado Rockies,San Francisco Giants,total,betmgm,,,105,-135,15.5
2026-07-05T20:38:49,2026-07-05,MLB,Kansas City Royals,Philadelphia Phillies,spread,draftkings,132,-173,,,
2026-07-05T20:38:49,2026-07-05,MLB,Kansas City Royals,Philadelphia Phillies,moneyline,betmgm,-650,450,,,
2026-07-05T20:38:49,2026-07-05,MLB,Kansas City Royals,Philadelphia Phillies,spread,betmgm,-185,140,,,
2026-07-05T20:38:49,2026-07-05,MLB,Kansas City Royals,Philadelphia Phillies,total,betmgm,,,-165,130,6.5
2026-07-04T20:29:19,2026-07-05,MLB,Los Angeles Angels,Boston Red Sox,spread,draftkings,-121,100,,,
2026-07-04T20:29:19,2026-07-05,MLB,Los Angeles Angels,Boston Red Sox,moneyline,betmgm,140,-170,,,
2026-07-04T20:29:19,2026-07-05,MLB,Los Angeles Angels,Boston Red Sox,spread,betmgm,-118,-102,,,
2026-07-04T20:29:19,2026-07-05,MLB,Los Angeles Angels,Boston Red Sox,total,betmgm,,,-110,-110,8.5
2026-07-05T20:38:49,2026-07-05,MLB,Arizona Diamondbacks,Milwaukee Brewers,spread,draftkings,-101,-129,,,
2026-07-05T20:38:49,2026-07-05,MLB,Arizona Diamondbacks,Milwaukee Brewers,moneyline,betmgm,-235,185,,,
2026-07-05T20:38:49,2026-07-05,MLB,Arizona Diamondbacks,Milwaukee Brewers,spread,betmgm,-105,-120,,,
2026-07-05T20:38:49,2026-07-05,MLB,Arizona Diamondbacks,Milwaukee Brewers,total,betmgm,,,-110,-115,8.5
2026-07-05T20:38:49,2026-07-05,MLB,Athletics,Miami Marlins,spread,draftkings,131,-172,,,
2026-07-05T20:38:49,2026-07-05,MLB,Athletics,Miami Marlins,moneyline,betmgm,-118,-105,,,
2026-07-05T20:38:49,2026-07-05,MLB,Athletics,Miami Marlins,spread,betmgm,-190,145,,,
2026-07-05T20:38:49,2026-07-05,MLB,Athletics,Miami Marlins,total,betmgm,,,-135,105,9.5
2026-07-06T01:28:17,2026-07-05,MLB,Los Angeles Dodgers,San Diego Padres,spread,draftkings,-237,180,,,
2026-07-06T01:28:17,2026-07-05,MLB,Los Angeles Dodgers,San Diego Padres,moneyline,betmgm,105,-135,,,
2026-07-06T01:28:17,2026-07-05,MLB,Los Angeles Dodgers,San Diego Padres,spread,betmgm,-275,210,,,
2026-07-06T01:28:17,2026-07-05,MLB,Los Angeles Dodgers,San Diego Padres,total,betmgm,,,-105,-120,4.5
2026-07-04T20:29:19,2026-07-04,MLB,New York Yankees,Minnesota Twins,spread,betmgm,145,-190,,,
2026-07-05T09:46:41,2026-07-05,MLB,Washington Nationals,Pittsburgh Pirates,moneyline,fanduel,-134,116,,,
2026-07-05T20:38:49,2026-07-05,MLB,Washington Nationals,Pittsburgh Pirates,spread,fanduel,580,-1200,,,
2026-07-05T20:38:49,2026-07-05,MLB,Washington Nationals,Pittsburgh Pirates,total,fanduel,,,580,-1200,16.5
2026-07-05T09:46:41,2026-07-05,MLB,Washington Nationals,Pittsburgh Pirates,moneyline,draftkings,-131,109,,,
2026-07-05T20:38:49,2026-07-05,MLB,Washington Nationals,Pittsburgh Pirates,spread,draftkings,660,-1400,,,
2026-07-05T20:38:49,2026-07-05,MLB,Washington Nationals,Pittsburgh Pirates,total,draftkings,,,660,-1400,16.5
2026-07-05T09:46:41,2026-07-05,MLB,Washington Nationals,Pittsburgh Pirates,moneyline,betmgm,-135,110,,,
2026-07-05T20:38:49,2026-07-05,MLB,Washington Nationals,Pittsburgh Pirates,spread,betmgm,600,-1100,,,
2026-07-05T20:38:49,2026-07-05,MLB,Washington Nationals,Pittsburgh Pirates,total,betmgm,,,600,-1100,16.5
2026-07-05T09:46:41,2026-07-05,MLB,Cincinnati Reds,Baltimore Orioles,moneyline,draftkings,-110,-110,,,
2026-07-05T09:46:41,2026-07-05,MLB,Cincinnati Reds,Baltimore Orioles,spread,draftkings,-174,143,,,
2026-07-05T09:46:41,2026-07-05,MLB,Cincinnati Reds,Baltimore Orioles,total,draftkings,,,-111,-108,9.5
2026-07-05T09:46:41,2026-07-05,MLB,Cincinnati Reds,Baltimore Orioles,moneyline,fanduel,-108,-108,,,
2026-07-05T09:46:41,2026-07-05,MLB,Cincinnati Reds,Baltimore Orioles,spread,fanduel,-170,140,,,
2026-07-05T09:46:41,2026-07-05,MLB,Cincinnati Reds,Baltimore Orioles,total,fanduel,,,-110,-110,9.5
2026-07-05T09:46:41,2026-07-05,MLB,Cincinnati Reds,Baltimore Orioles,moneyline,betmgm,-110,-110,,,
2026-07-05T09:46:41,2026-07-05,MLB,Cincinnati Reds,Baltimore Orioles,spread,betmgm,-175,145,,,
2026-07-05T09:46:41,2026-07-05,MLB,Cincinnati Reds,Baltimore Orioles,total,betmgm,,,-110,-110,9.5
2026-07-05T09:46:41,2026-07-05,MLB,New York Yankees,Minnesota Twins,moneyline,draftkings,-136,113,,,
2026-07-05T20:38:49,2026-07-05,MLB,New York Yankees,Minnesota Twins,spread,draftkings,1080,-4700,,,
2026-07-05T20:38:49,2026-07-05,MLB,New York Yankees,Minnesota Twins,total,draftkings,,,1080,-4700,7.5
2026-07-05T09:46:41,2026-07-05,MLB,New York Yankees,Minnesota Twins,moneyline,fanduel,-136,116,,,
2026-07-05T20:38:49,2026-07-05,MLB,New York Yankees,Minnesota Twins,spread,fanduel,800,-2200,,,
2026-07-05T20:38:49,2026-07-05,MLB,New York Yankees,Minnesota Twins,total,fanduel,,,750,-2000,7.5
2026-07-05T20:38:49,2026-07-05,MLB,New York Yankees,Minnesota Twins,moneyline,betmgm,3300,-10000,,,
2026-07-05T20:38:49,2026-07-05,MLB,New York Yankees,Minnesota Twins,total,betmgm,,,950,-2500,7.5
2026-07-05T20:38:49,2026-07-05,MLB,Cleveland Guardians,Chicago White Sox,moneyline,draftkings,339,-512,,,
2026-07-05T20:38:49,2026-07-05,MLB,Cleveland Guardians,Chicago White Sox,spread,draftkings,106,-138,,,
2026-07-05T20:38:49,2026-07-05,MLB,Cleveland Guardians,Chicago White Sox,total,draftkings,,,-101,-129,14.5
2026-07-05T20:38:49,2026-07-05,MLB,Cleveland Guardians,Chicago White Sox,moneyline,fanduel,360,-530,,,
2026-07-05T20:38:49,2026-07-05,MLB,Cleveland Guardians,Chicago White Sox,spread,fanduel,106,-140,,,
2026-07-05T20:38:49,2026-07-05,MLB,Cleveland Guardians,Chicago White Sox,total,fanduel,,,-102,-130,14.5
2026-07-05T20:38:49,2026-07-05,MLB,Cleveland Guardians,Chicago White Sox,moneyline,betmgm,375,-550,,,
2026-07-05T20:38:49,2026-07-05,MLB,Cleveland Guardians,Chicago White Sox,spread,betmgm,105,-135,,,
2026-07-05T20:38:49,2026-07-05,MLB,Cleveland Guardians,Chicago White Sox,total,betmgm,,,105,-135,14.5
2026-07-05T20:38:49,2026-07-05,MLB,Texas Rangers,Detroit Tigers,moneyline,fanduel,158,-205,,,
2026-07-05T20:38:49,2026-07-05,MLB,Texas Rangers,Detroit Tigers,spread,fanduel,-138,104,,,
2026-07-05T20:38:49,2026-07-05,MLB,Texas Rangers,Detroit Tigers,total,fanduel,,,-130,-102,7.5
2026-07-05T20:38:49,2026-07-05,MLB,Texas Rangers,Detroit Tigers,moneyline,draftkings,157,-209,,,
2026-07-05T20:38:49,2026-07-05,MLB,Texas Rangers,Detroit Tigers,spread,draftkings,-129,-101,,,
2026-07-05T20:38:49,2026-07-05,MLB,Texas Rangers,Detroit Tigers,total,draftkings,,,-122,-106,7.5
2026-07-05T20:38:49,2026-07-05,MLB,Texas Rangers,Detroit Tigers,moneyline,betmgm,150,-190,,,
2026-07-05T20:38:49,2026-07-05,MLB,Texas Rangers,Detroit Tigers,spread,betmgm,-150,115,,,
2026-07-05T20:38:49,2026-07-05,MLB,Texas Rangers,Detroit Tigers,total,betmgm,,,-140,110,7.5
2026-07-05T20:38:49,2026-07-05,MLB,Seattle Mariners,Toronto Blue Jays,moneyline,draftkings,-120,100,,,
2026-07-05T20:38:49,2026-07-05,MLB,Seattle Mariners,Toronto Blue Jays,spread,draftkings,-207,169,,,
2026-07-05T20:38:49,2026-07-05,MLB,Seattle Mariners,Toronto Blue Jays,total,draftkings,,,-101,-120,7.5
2026-07-05T20:38:49,2026-07-05,MLB,Seattle Mariners,Toronto Blue Jays,moneyline,fanduel,-118,100,,,
2026-07-05T20:38:49,2026-07-05,MLB,Seattle Mariners,Toronto Blue Jays,spread,fanduel,-215,176,,,
2026-07-05T20:38:49,2026-07-05,MLB,Seattle Mariners,Toronto Blue Jays,total,fanduel,,,-102,-120,7.5
2026-07-05T20:38:49,2026-07-05,MLB,Seattle Mariners,Toronto Blue Jays,moneyline,betmgm,-118,-102,,,
2026-07-05T20:38:49,2026-07-05,MLB,Seattle Mariners,Toronto Blue Jays,spread,betmgm,165,-220,,,
2026-07-05T20:38:49,2026-07-05,MLB,Seattle Mariners,Toronto Blue Jays,total,betmgm,,,100,-120,7.5
2026-07-06T01:28:17,2026-07-06,MLB,Los Angeles Angels,Boston Red Sox,moneyline,fanduel,140,-166,,,
2026-07-06T01:28:17,2026-07-06,MLB,Los Angeles Angels,Boston Red Sox,spread,fanduel,-122,102,,,
2026-07-06T01:28:17,2026-07-06,MLB,Los Angeles Angels,Boston Red Sox,total,fanduel,,,-110,-110,8.0
2026-07-06T01:28:17,2026-07-06,MLB,Los Angeles Angels,Boston Red Sox,moneyline,draftkings,135,-163,,,
2026-07-06T01:28:17,2026-07-06,MLB,Los Angeles Angels,Boston Red Sox,spread,draftkings,-125,104,,,
2026-07-06T01:28:17,2026-07-06,MLB,Los Angeles Angels,Boston Red Sox,total,draftkings,,,-110,-109,8.0
2026-07-06T01:28:17,2026-07-06,MLB,Los Angeles Angels,Boston Red Sox,moneyline,betmgm,135,-160,,,
2026-07-06T01:28:17,2026-07-06,MLB,Los Angeles Angels,Boston Red Sox,spread,betmgm,-130,105,,,
2026-07-06T01:28:17,2026-07-06,MLB,Los Angeles Angels,Boston Red Sox,total,betmgm,,,-110,-110,8.0
2026-07-05T20:38:49,2026-07-05,MLB,New York Yankees,Minnesota Twins,spread,betmgm,950,-2500,,,
2026-07-05T20:38:49,2026-07-05,MLB,Houston Astros,Tampa Bay Rays,moneyline,fanduel,-280,210,,,
2026-07-05T20:38:49,2026-07-05,MLB,Houston Astros,Tampa Bay Rays,spread,fanduel,108,-144,,,
2026-07-05T20:38:49,2026-07-05,MLB,Houston Astros,Tampa Bay Rays,total,fanduel,,,-128,-104,5.5
2026-07-05T20:38:49,2026-07-05,MLB,Houston Astros,Tampa Bay Rays,moneyline,draftkings,-242,180,,,
2026-07-05T20:38:49,2026-07-05,MLB,Houston Astros,Tampa Bay Rays,spread,draftkings,117,-153,,,
2026-07-05T20:38:49,2026-07-05,MLB,Houston Astros,Tampa Bay Rays,total,draftkings,,,-120,-109,5.5
2026-07-05T20:38:49,2026-07-05,MLB,Houston Astros,Tampa Bay Rays,moneyline,betmgm,-145,115,,,
2026-07-05T20:38:49,2026-07-05,MLB,Houston Astros,Tampa Bay Rays,spread,betmgm,160,-210,,,
2026-07-05T20:38:49,2026-07-05,MLB,Houston Astros,Tampa Bay Rays,total,betmgm,,,-160,125,4.5
2026-07-06T18:47:31,2026-07-06,MLB,Kansas City Royals,Philadelphia Phillies,moneyline,fanduel,-800,480,,,
2026-07-06T18:47:31,2026-07-06,MLB,Kansas City Royals,Philadelphia Phillies,spread,fanduel,-154,116,,,
2026-07-06T18:47:31,2026-07-06,MLB,Kansas City Royals,Philadelphia Phillies,total,fanduel,,,-118,-112,14.5
2026-07-06T18:47:31,2026-07-06,MLB,Kansas City Royals,Philadelphia Phillies,moneyline,draftkings,-579,373,,,
2026-07-06T18:47:31,2026-07-06,MLB,Kansas City Royals,Philadelphia Phillies,spread,draftkings,-114,-114,,,
2026-07-06T18:47:31,2026-07-06,MLB,Kansas City Royals,Philadelphia Phillies,total,draftkings,,,-130,100,14.5
2026-07-06T18:47:31,2026-07-06,MLB,Kansas City Royals,Philadelphia Phillies,moneyline,betmgm,-600,400,,,
2026-07-06T18:47:31,2026-07-06,MLB,Kansas City Royals,Philadelphia Phillies,spread,betmgm,-105,-120,,,
2026-07-06T18:47:31,2026-07-06,MLB,Kansas City Royals,Philadelphia Phillies,total,betmgm,,,-140,110,14.5
2026-07-06T18:47:31,2026-07-06,MLB,Tampa Bay Rays,New York Yankees,moneyline,fanduel,-110,-106,,,
2026-07-06T18:47:31,2026-07-06,MLB,Tampa Bay Rays,New York Yankees,spread,fanduel,-188,155,,,
2026-07-06T18:47:31,2026-07-06,MLB,Tampa Bay Rays,New York Yankees,total,fanduel,,,-102,-120,7.5
2026-07-06T18:47:31,2026-07-06,MLB,Tampa Bay Rays,New York Yankees,moneyline,betmgm,-110,-110,,,
2026-07-06T18:47:31,2026-07-06,MLB,Tampa Bay Rays,New York Yankees,spread,betmgm,-190,155,,,
2026-07-06T18:47:31,2026-07-06,MLB,Tampa Bay Rays,New York Yankees,total,betmgm,,,105,-125,7.5
2026-07-06T18:47:31,2026-07-06,MLB,Tampa Bay Rays,New York Yankees,moneyline,draftkings,-112,-108,,,
2026-07-06T18:47:31,2026-07-06,MLB,Tampa Bay Rays,New York Yankees,spread,draftkings,-194,159,,,
2026-07-06T18:47:31,2026-07-06,MLB,Tampa Bay Rays,New York Yankees,total,draftkings,,,103,-125,7.5
2026-07-06T18:47:31,2026-07-06,MLB,Washington Nationals,Houston Astros,moneyline,fanduel,-116,-102,,,
2026-07-06T18:47:31,2026-07-06,MLB,Washington Nationals,Houston Astros,spread,fanduel,-184,152,,,
2026-07-06T18:47:31,2026-07-06,MLB,Washington Nationals,Houston Astros,total,fanduel,,,-120,-102,9.5
2026-07-07T01:28:12,2026-07-06,MLB,Washington Nationals,Houston Astros,moneyline,draftkings,-431,296,,,
2026-07-07T01:28:12,2026-07-06,MLB,Washington Nationals,Houston Astros,spread,draftkings,-1360,650,,,
2026-07-07T01:28:12,2026-07-06,MLB,Washington Nationals,Houston Astros,total,draftkings,,,161,-215,23.5
2026-07-07T01:28:12,2026-07-06,MLB,Washington Nationals,Houston Astros,moneyline,betmgm,-750,475,,,
2026-07-07T01:28:12,2026-07-06,MLB,Washington Nationals,Houston Astros,spread,betmgm,310,-450,,,
2026-07-07T01:28:12,2026-07-06,MLB,Washington Nationals,Houston Astros,total,betmgm,,,-105,-120,23.5
2026-07-07T01:28:12,2026-07-06,MLB,Atlanta Braves,New York Mets,moneyline,fanduel,-280,210,,,
2026-07-07T01:28:12,2026-07-06,MLB,Atlanta Braves,New York Mets,spread,fanduel,178,-245,,,
2026-07-07T01:28:12,2026-07-06,MLB,Atlanta Braves,New York Mets,total,fanduel,,,110,-146,8.5
2026-07-07T01:28:12,2026-07-06,MLB,Atlanta Braves,New York Mets,moneyline,draftkings,-232,173,,,
2026-07-07T01:28:12,2026-07-06,MLB,Atlanta Braves,New York Mets,spread,draftkings,196,-265,,,
2026-07-07T01:28:12,2026-07-06,MLB,Atlanta Braves,New York Mets,total,draftkings,,,-101,-129,8.5
2026-07-07T01:28:12,2026-07-06,MLB,Atlanta Braves,New York Mets,moneyline,betmgm,-210,165,,,
2026-07-07T01:28:12,2026-07-06,MLB,Atlanta Braves,New York Mets,spread,betmgm,210,-285,,,
2026-07-07T01:28:12,2026-07-06,MLB,Atlanta Braves,New York Mets,total,betmgm,,,100,-130,8.5
2026-07-07T01:28:12,2026-07-06,MLB,St. Louis Cardinals,Milwaukee Brewers,moneyline,fanduel,-670,430,,,
2026-07-07T01:28:12,2026-07-06,MLB,St. Louis Cardinals,Milwaukee Brewers,spread,fanduel,-192,142,,,
2026-07-07T01:28:12,2026-07-06,MLB,St. Louis Cardinals,Milwaukee Brewers,total,fanduel,,,-112,-118,4.5
2026-07-07T01:28:12,2026-07-06,MLB,St. Louis Cardinals,Milwaukee Brewers,moneyline,draftkings,-750,451,,,
2026-07-07T01:28:12,2026-07-06,MLB,St. Louis Cardinals,Milwaukee Brewers,spread,draftkings,140,-184,,,
2026-07-07T01:28:12,2026-07-06,MLB,St. Louis Cardinals,Milwaukee Brewers,total,draftkings,,,-127,-102,4.5
2026-07-07T01:28:12,2026-07-06,MLB,St. Louis Cardinals,Milwaukee Brewers,moneyline,betmgm,-600,400,,,
2026-07-07T01:28:12,2026-07-06,MLB,St. Louis Cardinals,Milwaukee Brewers,spread,betmgm,135,-175,,,
2026-07-07T01:28:12,2026-07-06,MLB,St. Louis Cardinals,Milwaukee Brewers,total,betmgm,,,-130,100,4.5
2026-07-07T01:28:12,2026-07-07,MLB,San Francisco Giants,Toronto Blue Jays,moneyline,fanduel,-106,-110,,,
2026-07-07T01:28:12,2026-07-07,MLB,San Francisco Giants,Toronto Blue Jays,spread,fanduel,-192,158,,,
2026-07-07T01:28:12,2026-07-07,MLB,San Francisco Giants,Toronto Blue Jays,total,fanduel,,,-120,-102,7.5
2026-07-07T01:28:12,2026-07-07,MLB,San Francisco Giants,Toronto Blue Jays,moneyline,betmgm,-110,-110,,,
2026-07-07T01:28:12,2026-07-07,MLB,San Francisco Giants,Toronto Blue Jays,spread,betmgm,-175,145,,,
2026-07-07T01:28:12,2026-07-07,MLB,San Francisco Giants,Toronto Blue Jays,total,betmgm,,,-110,-110,7.5
2026-07-07T01:28:12,2026-07-07,MLB,San Francisco Giants,Toronto Blue Jays,moneyline,draftkings,-108,-112,,,
2026-07-07T01:28:12,2026-07-07,MLB,San Francisco Giants,Toronto Blue Jays,spread,draftkings,-180,148,,,
2026-07-07T01:28:12,2026-07-07,MLB,San Francisco Giants,Toronto Blue Jays,total,draftkings,,,-112,-107,7.5
2026-07-07T01:28:12,2026-07-07,MLB,San Diego Padres,Arizona Diamondbacks,moneyline,fanduel,-124,106,,,
2026-07-07T01:28:12,2026-07-07,MLB,San Diego Padres,Arizona Diamondbacks,spread,fanduel,-205,168,,,
2026-07-07T01:28:12,2026-07-07,MLB,San Diego Padres,Arizona Diamondbacks,total,fanduel,,,-106,-114,8.5
2026-07-07T01:28:12,2026-07-07,MLB,San Diego Padres,Arizona Diamondbacks,moneyline,draftkings,-126,105,,,
2026-07-07T01:28:12,2026-07-07,MLB,San Diego Padres,Arizona Diamondbacks,total,draftkings,,,-107,-112,8.5
2026-07-07T01:28:12,2026-07-07,MLB,Los Angeles Dodgers,Colorado Rockies,moneyline,fanduel,-235,194,,,
2026-07-07T01:28:12,2026-07-07,MLB,Los Angeles Dodgers,Colorado Rockies,spread,fanduel,-120,100,,,
2026-07-07T01:28:12,2026-07-07,MLB,Los Angeles Dodgers,Colorado Rockies,total,fanduel,,,-124,102,9.5
2026-07-07T01:28:12,2026-07-07,MLB,Los Angeles Dodgers,Colorado Rockies,moneyline,draftkings,-251,203,,,
2026-07-07T01:28:12,2026-07-07,MLB,Los Angeles Dodgers,Colorado Rockies,total,draftkings,,,-106,-114,10.0
2026-07-07T01:28:12,2026-07-07,MLB,San Diego Padres,Arizona Diamondbacks,spread,draftkings,163,-198,,,
2026-07-07T01:28:12,2026-07-07,MLB,San Diego Padres,Arizona Diamondbacks,moneyline,betmgm,-125,105,,,
2026-07-07T01:28:12,2026-07-07,MLB,San Diego Padres,Arizona Diamondbacks,spread,betmgm,165,-200,,,
2026-07-07T01:28:12,2026-07-07,MLB,San Diego Padres,Arizona Diamondbacks,total,betmgm,,,-105,-115,8.5
2026-07-07T01:28:12,2026-07-07,MLB,Los Angeles Dodgers,Colorado Rockies,spread,draftkings,-126,105,,,
2026-07-07T01:28:12,2026-07-07,MLB,Los Angeles Dodgers,Colorado Rockies,moneyline,betmgm,-235,195,,,
2026-07-07T01:28:12,2026-07-07,MLB,Los Angeles Dodgers,Colorado Rockies,spread,betmgm,-120,100,,,
2026-07-07T01:28:12,2026-07-07,MLB,Los Angeles Dodgers,Colorado Rockies,total,betmgm,,,-105,-115,10.0
2026-07-08T01:14:04,2026-07-07,MLB,Baltimore Orioles,Chicago Cubs,moneyline,fanduel,420,-650,,,
2026-07-08T01:14:04,2026-07-07,MLB,Baltimore Orioles,Chicago Cubs,spread,fanduel,102,-136,,,
2026-07-08T01:14:04,2026-07-07,MLB,Baltimore Orioles,Chicago Cubs,total,fanduel,,,-122,-108,6.5
2026-07-07T18:51:34,2026-07-07,MLB,Detroit Tigers,Athletics,moneyline,fanduel,-205,172,,,
2026-07-08T01:14:04,2026-07-07,MLB,Detroit Tigers,Athletics,spread,fanduel,300,-450,,,
2026-07-08T01:14:04,2026-07-07,MLB,Detroit Tigers,Athletics,total,fanduel,,,102,-136,8.5
2026-07-08T01:14:04,2026-07-07,MLB,Washington Nationals,Houston Astros,moneyline,fanduel,1100,-4000,,,
2026-07-08T01:14:04,2026-07-07,MLB,Washington Nationals,Houston Astros,spread,fanduel,-230,168,,,
2026-07-08T01:14:04,2026-07-07,MLB,Washington Nationals,Houston Astros,total,fanduel,,,-112,-118,8.5
2026-07-08T01:14:04,2026-07-07,MLB,Chicago White Sox,Boston Red Sox,moneyline,fanduel,1060,-3500,,,
2026-07-08T01:14:04,2026-07-07,MLB,Chicago White Sox,Boston Red Sox,spread,fanduel,-162,122,,,
2026-07-08T01:14:04,2026-07-07,MLB,Chicago White Sox,Boston Red Sox,total,fanduel,,,102,-136,7.5
2026-07-08T01:14:04,2026-07-07,MLB,Minnesota Twins,Cleveland Guardians,moneyline,fanduel,-330,240,,,
2026-07-08T01:14:04,2026-07-07,MLB,Minnesota Twins,Cleveland Guardians,spread,fanduel,154,-210,,,
2026-07-08T01:14:04,2026-07-07,MLB,Minnesota Twins,Cleveland Guardians,total,fanduel,,,-125,-106,5.5
2026-07-08T01:14:04,2026-07-08,MLB,Texas Rangers,Los Angeles Angels,moneyline,fanduel,-136,106,,,
2026-07-08T01:14:04,2026-07-08,MLB,Texas Rangers,Los Angeles Angels,spread,fanduel,225,-320,,,
2026-07-08T01:14:04,2026-07-08,MLB,Texas Rangers,Los Angeles Angels,total,fanduel,,,-138,104,7.5
2026-07-08T01:14:04,2026-07-08,MLB,Los Angeles Dodgers,Colorado Rockies,moneyline,fanduel,-310,250,,,
2026-07-08T01:14:04,2026-07-08,MLB,Los Angeles Dodgers,Colorado Rockies,spread,fanduel,-146,122,,,
2026-07-08T01:14:04,2026-07-08,MLB,Los Angeles Dodgers,Colorado Rockies,total,fanduel,,,-105,-115,9.5
2026-07-08T01:14:04,2026-07-07,MLB,St. Louis Cardinals,Milwaukee Brewers,moneyline,fanduel,560,-1000,,,
2026-07-08T01:14:04,2026-07-07,MLB,St. Louis Cardinals,Milwaukee Brewers,spread,fanduel,122,-162,,,
2026-07-08T01:14:04,2026-07-07,MLB,St. Louis Cardinals,Milwaukee Brewers,total,fanduel,,,-130,-102,5.5
2026-07-08T01:14:04,2026-07-07,MLB,Baltimore Orioles,Chicago Cubs,moneyline,draftkings,416,-670,,,
2026-07-08T01:14:04,2026-07-07,MLB,Baltimore Orioles,Chicago Cubs,spread,draftkings,110,-143,,,
2026-07-08T01:14:04,2026-07-07,MLB,Baltimore Orioles,Chicago Cubs,total,draftkings,,,-123,-106,6.5
2026-07-08T01:14:04,2026-07-07,MLB,Baltimore Orioles,Chicago Cubs,moneyline,betmgm,450,-650,,,
2026-07-08T01:14:04,2026-07-07,MLB,Baltimore Orioles,Chicago Cubs,spread,betmgm,110,-140,,,
2026-07-08T01:14:04,2026-07-07,MLB,Baltimore Orioles,Chicago Cubs,total,betmgm,,,-125,-102,6.5
2026-07-07T18:51:34,2026-07-07,MLB,Detroit Tigers,Athletics,moneyline,draftkings,-219,178,,,
2026-07-08T01:14:04,2026-07-07,MLB,Detroit Tigers,Athletics,spread,draftkings,248,-348,,,
2026-07-08T01:14:04,2026-07-07,MLB,Detroit Tigers,Athletics,total,draftkings,,,-122,-107,8.5
2026-07-08T01:14:04,2026-07-07,MLB,Detroit Tigers,Athletics,moneyline,betmgm,-10000,3300,,,
2026-07-08T01:14:04,2026-07-07,MLB,Detroit Tigers,Athletics,spread,betmgm,154,-200,,,
2026-07-08T01:14:04,2026-07-07,MLB,Detroit Tigers,Athletics,total,betmgm,,,-145,110,8.5
2026-07-07T18:51:34,2026-07-07,MLB,Pittsburgh Pirates,Atlanta Braves,moneyline,fanduel,-152,128,,,
2026-07-08T01:14:04,2026-07-07,MLB,Pittsburgh Pirates,Atlanta Braves,spread,fanduel,-188,140,,,
2026-07-08T01:14:04,2026-07-07,MLB,Pittsburgh Pirates,Atlanta Braves,total,fanduel,,,130,-174,14.5
2026-07-07T18:51:34,2026-07-07,MLB,Pittsburgh Pirates,Atlanta Braves,moneyline,draftkings,-149,124,,,
2026-07-08T01:14:04,2026-07-07,MLB,Pittsburgh Pirates,Atlanta Braves,spread,draftkings,-161,123,,,
2026-07-08T01:14:04,2026-07-07,MLB,Pittsburgh Pirates,Atlanta Braves,total,draftkings,,,123,-161,14.5
2026-07-08T01:14:04,2026-07-07,MLB,Miami Marlins,Seattle Mariners,moneyline,fanduel,-122,-104,,,
2026-07-08T01:14:04,2026-07-07,MLB,Miami Marlins,Seattle Mariners,spread,fanduel,580,-1200,,,
2026-07-08T01:14:04,2026-07-07,MLB,Miami Marlins,Seattle Mariners,total,fanduel,,,-154,116,9.5
2026-07-08T01:14:04,2026-07-07,MLB,Tampa Bay Rays,New York Yankees,moneyline,fanduel,-4000,1100,,,
2026-07-08T01:14:04,2026-07-07,MLB,Tampa Bay Rays,New York Yankees,spread,fanduel,-500,320,,,
2026-07-08T01:14:04,2026-07-07,MLB,Tampa Bay Rays,New York Yankees,total,fanduel,,,320,-470,10.5
2026-07-08T01:14:04,2026-07-07,MLB,Tampa Bay Rays,New York Yankees,moneyline,draftkings,-5000,1100,,,
2026-07-08T01:14:04,2026-07-07,MLB,Tampa Bay Rays,New York Yankees,total,draftkings,,,311,-458,10.5
2026-07-08T01:14:04,2026-07-07,MLB,Washington Nationals,Houston Astros,moneyline,draftkings,920,-2900,,,
2026-07-08T01:14:04,2026-07-07,MLB,Washington Nationals,Houston Astros,spread,draftkings,-187,142,,,
2026-07-08T01:14:04,2026-07-07,MLB,Washington Nationals,Houston Astros,total,draftkings,,,-131,101,8.5
2026-07-08T01:14:04,2026-07-07,MLB,Washington Nationals,Houston Astros,moneyline,betmgm,800,-1600,,,
2026-07-08T01:14:04,2026-07-07,MLB,Washington Nationals,Houston Astros,spread,betmgm,-210,160,,,
2026-07-08T01:14:04,2026-07-07,MLB,Washington Nationals,Houston Astros,total,betmgm,,,-135,105,8.5
2026-07-08T01:14:04,2026-07-07,MLB,New York Mets,Kansas City Royals,moneyline,fanduel,-128,100,,,
2026-07-08T01:14:04,2026-07-07,MLB,New York Mets,Kansas City Royals,spread,fanduel,310,-470,,,
2026-07-08T01:14:04,2026-07-07,MLB,New York Mets,Kansas City Royals,total,fanduel,,,104,-138,21.5
2026-07-08T01:14:04,2026-07-07,MLB,Chicago White Sox,Boston Red Sox,moneyline,draftkings,940,-3100,,,
2026-07-08T01:14:04,2026-07-07,MLB,Chicago White Sox,Boston Red Sox,spread,draftkings,-149,114,,,
2026-07-08T01:14:04,2026-07-07,MLB,Chicago White Sox,Boston Red Sox,total,draftkings,,,101,-132,7.5
2026-07-08T01:14:04,2026-07-07,MLB,Chicago White Sox,Boston Red Sox,moneyline,betmgm,950,-2500,,,
2026-07-08T01:14:04,2026-07-07,MLB,Chicago White Sox,Boston Red Sox,spread,betmgm,135,-175,,,
2026-07-08T01:14:04,2026-07-07,MLB,Chicago White Sox,Boston Red Sox,total,betmgm,,,100,-130,7.5
2026-07-08T01:14:04,2026-07-07,MLB,Minnesota Twins,Cleveland Guardians,moneyline,draftkings,-308,223,,,
2026-07-08T01:14:04,2026-07-07,MLB,Minnesota Twins,Cleveland Guardians,spread,draftkings,144,-190,,,
2026-07-08T01:14:04,2026-07-07,MLB,Minnesota Twins,Cleveland Guardians,total,draftkings,,,104,-135,6.5
2026-07-08T01:14:04,2026-07-07,MLB,Minnesota Twins,Cleveland Guardians,moneyline,betmgm,-325,250,,,
2026-07-08T01:14:04,2026-07-07,MLB,Minnesota Twins,Cleveland Guardians,spread,betmgm,145,-190,,,
2026-07-08T01:14:04,2026-07-07,MLB,Minnesota Twins,Cleveland Guardians,total,betmgm,,,-140,110,5.5
2026-07-08T01:14:04,2026-07-08,MLB,Texas Rangers,Los Angeles Angels,moneyline,draftkings,-138,106,,,
2026-07-08T01:14:04,2026-07-08,MLB,Texas Rangers,Los Angeles Angels,spread,draftkings,-306,222,,,
2026-07-08T01:14:04,2026-07-08,MLB,Texas Rangers,Los Angeles Angels,total,draftkings,,,-134,103,7.5
2026-07-08T01:14:04,2026-07-08,MLB,Texas Rangers,Los Angeles Angels,moneyline,betmgm,-140,110,,,
2026-07-08T01:14:04,2026-07-08,MLB,Texas Rangers,Los Angeles Angels,spread,betmgm,220,-295,,,
2026-07-08T01:14:04,2026-07-08,MLB,Texas Rangers,Los Angeles Angels,total,betmgm,,,-145,110,7.5
2026-07-08T18:09:11,2026-07-08,MLB,San Francisco Giants,Toronto Blue Jays,moneyline,fanduel,108,-126,,,
2026-07-08T18:09:11,2026-07-08,MLB,San Francisco Giants,Toronto Blue Jays,spread,fanduel,-164,136,,,
2026-07-08T18:09:11,2026-07-08,MLB,San Francisco Giants,Toronto Blue Jays,total,fanduel,,,-110,-110,7.0
2026-07-08T01:14:04,2026-07-08,MLB,Los Angeles Dodgers,Colorado Rockies,moneyline,draftkings,-326,257,,,
2026-07-08T01:14:04,2026-07-08,MLB,Los Angeles Dodgers,Colorado Rockies,spread,draftkings,-155,128,,,
2026-07-08T01:14:04,2026-07-08,MLB,Los Angeles Dodgers,Colorado Rockies,total,draftkings,,,-105,-114,9.5
2026-07-08T01:14:04,2026-07-08,MLB,Los Angeles Dodgers,Colorado Rockies,moneyline,betmgm,-325,260,,,
2026-07-08T01:14:04,2026-07-08,MLB,Los Angeles Dodgers,Colorado Rockies,spread,betmgm,-102,-118,,,
2026-07-08T01:14:04,2026-07-08,MLB,Los Angeles Dodgers,Colorado Rockies,total,betmgm,,,-105,-115,9.5
2026-07-08T01:14:04,2026-07-07,MLB,St. Louis Cardinals,Milwaukee Brewers,moneyline,draftkings,502,-880,,,
2026-07-08T01:14:04,2026-07-07,MLB,St. Louis Cardinals,Milwaukee Brewers,spread,draftkings,121,-158,,,
2026-07-08T01:14:04,2026-07-07,MLB,St. Louis Cardinals,Milwaukee Brewers,total,draftkings,,,-121,-108,5.5
2026-07-08T01:14:04,2026-07-07,MLB,St. Louis Cardinals,Milwaukee Brewers,moneyline,betmgm,550,-900,,,
2026-07-08T01:14:04,2026-07-07,MLB,St. Louis Cardinals,Milwaukee Brewers,spread,betmgm,115,-150,,,
2026-07-08T01:14:04,2026-07-07,MLB,St. Louis Cardinals,Milwaukee Brewers,total,betmgm,,,-118,-110,5.5
2026-07-07T18:51:34,2026-07-07,MLB,Pittsburgh Pirates,Atlanta Braves,moneyline,betmgm,-150,125,,,
2026-07-08T01:14:04,2026-07-07,MLB,Pittsburgh Pirates,Atlanta Braves,total,betmgm,,,140,-180,14.5
2026-07-08T01:14:04,2026-07-07,MLB,Miami Marlins,Seattle Mariners,moneyline,draftkings,-110,-118,,,
2026-07-08T01:14:04,2026-07-07,MLB,Miami Marlins,Seattle Mariners,spread,draftkings,-274,201,,,
2026-07-08T01:14:04,2026-07-07,MLB,Miami Marlins,Seattle Mariners,total,draftkings,,,102,-132,10.5
2026-07-08T01:14:04,2026-07-07,MLB,Miami Marlins,Seattle Mariners,moneyline,betmgm,-135,105,,,
2026-07-08T01:14:04,2026-07-07,MLB,Miami Marlins,Seattle Mariners,spread,betmgm,-350,260,,,
2026-07-08T01:14:04,2026-07-07,MLB,Miami Marlins,Seattle Mariners,total,betmgm,,,120,-155,10.5
2026-07-08T01:14:04,2026-07-07,MLB,Tampa Bay Rays,New York Yankees,spread,draftkings,-471,318,,,
2026-07-08T01:14:04,2026-07-07,MLB,Tampa Bay Rays,New York Yankees,moneyline,betmgm,-2000,875,,,
2026-07-08T01:14:04,2026-07-07,MLB,Tampa Bay Rays,New York Yankees,spread,betmgm,-400,290,,,
2026-07-08T01:14:04,2026-07-07,MLB,Tampa Bay Rays,New York Yankees,total,betmgm,,,280,-400,10.5
2026-07-08T01:14:04,2026-07-07,MLB,Cincinnati Reds,Philadelphia Phillies,moneyline,draftkings,770,-1900,,,
2026-07-08T01:14:04,2026-07-07,MLB,Cincinnati Reds,Philadelphia Phillies,spread,draftkings,-121,-108,,,
2026-07-08T01:14:04,2026-07-07,MLB,Cincinnati Reds,Philadelphia Phillies,total,draftkings,,,-144,111,5.5
2026-07-08T01:14:04,2026-07-07,MLB,Cincinnati Reds,Philadelphia Phillies,moneyline,fanduel,900,-2500,,,
2026-07-08T01:14:04,2026-07-07,MLB,Cincinnati Reds,Philadelphia Phillies,spread,fanduel,-114,-114,,,
2026-07-08T01:14:04,2026-07-07,MLB,Cincinnati Reds,Philadelphia Phillies,total,fanduel,,,-140,106,5.5
2026-07-08T01:14:04,2026-07-07,MLB,Cincinnati Reds,Philadelphia Phillies,moneyline,betmgm,950,-2500,,,
2026-07-08T01:14:04,2026-07-07,MLB,Cincinnati Reds,Philadelphia Phillies,spread,betmgm,105,-135,,,
2026-07-08T01:14:04,2026-07-07,MLB,Cincinnati Reds,Philadelphia Phillies,total,betmgm,,,105,-135,6.5
2026-07-08T01:14:04,2026-07-07,MLB,New York Mets,Kansas City Royals,moneyline,draftkings,-132,101,,,
2026-07-08T01:14:04,2026-07-07,MLB,New York Mets,Kansas City Royals,spread,draftkings,-306,222,,,
2026-07-08T01:14:04,2026-07-07,MLB,New York Mets,Kansas City Royals,total,draftkings,,,-104,-125,21.5
2026-07-08T01:14:04,2026-07-07,MLB,New York Mets,Kansas City Royals,moneyline,betmgm,-115,-110,,,
2026-07-08T01:14:04,2026-07-07,MLB,New York Mets,Kansas City Royals,spread,betmgm,-275,210,,,
2026-07-08T01:14:04,2026-07-07,MLB,New York Mets,Kansas City Royals,total,betmgm,,,100,-130,21.5
2026-07-08T01:14:04,2026-07-08,MLB,San Diego Padres,Arizona Diamondbacks,moneyline,fanduel,-120,102,,,
2026-07-08T01:14:04,2026-07-08,MLB,San Diego Padres,Arizona Diamondbacks,spread,fanduel,-184,152,,,
2026-07-08T01:14:04,2026-07-08,MLB,San Diego Padres,Arizona Diamondbacks,total,fanduel,,,-108,-112,9.0
2026-07-08T01:14:04,2026-07-08,MLB,San Diego Padres,Arizona Diamondbacks,moneyline,draftkings,-123,102,,,
2026-07-08T01:14:04,2026-07-08,MLB,San Diego Padres,Arizona Diamondbacks,spread,draftkings,-199,163,,,
2026-07-08T01:14:04,2026-07-08,MLB,San Diego Padres,Arizona Diamondbacks,total,draftkings,,,-114,-105,9.0
2026-07-08T01:14:04,2026-07-08,MLB,San Diego Padres,Arizona Diamondbacks,moneyline,betmgm,-120,100,,,
2026-07-08T01:14:04,2026-07-08,MLB,San Diego Padres,Arizona Diamondbacks,spread,betmgm,160,-210,,,
2026-07-08T01:14:04,2026-07-08,MLB,San Diego Padres,Arizona Diamondbacks,total,betmgm,,,-115,-105,9.0
2026-07-08T18:09:11,2026-07-08,MLB,San Francisco Giants,Toronto Blue Jays,moneyline,draftkings,104,-125,,,
2026-07-08T18:09:11,2026-07-08,MLB,San Francisco Giants,Toronto Blue Jays,spread,draftkings,-173,143,,,
2026-07-08T18:09:11,2026-07-08,MLB,San Francisco Giants,Toronto Blue Jays,total,draftkings,,,-112,-108,7.0
2026-07-08T18:09:11,2026-07-08,MLB,San Francisco Giants,Toronto Blue Jays,moneyline,betmgm,105,-125,,,
2026-07-08T18:09:11,2026-07-08,MLB,San Francisco Giants,Toronto Blue Jays,spread,betmgm,-170,140,,,
2026-07-08T18:09:11,2026-07-08,MLB,San Francisco Giants,Toronto Blue Jays,total,betmgm,,,-115,-105,7.0
2026-07-09T01:20:59,2026-07-08,MLB,Baltimore Orioles,Chicago Cubs,moneyline,fanduel,1200,-4500,,,
2026-07-09T01:20:59,2026-07-08,MLB,Baltimore Orioles,Chicago Cubs,spread,fanduel,154,-210,,,
2026-07-09T01:20:59,2026-07-08,MLB,Baltimore Orioles,Chicago Cubs,total,fanduel,,,-162,122,15.5
2026-07-08T18:09:11,2026-07-08,MLB,Detroit Tigers,Athletics,moneyline,fanduel,-134,114,,,
2026-07-09T01:20:59,2026-07-08,MLB,Detroit Tigers,Athletics,spread,fanduel,-340,235,,,
2026-07-09T01:20:59,2026-07-08,MLB,Detroit Tigers,Athletics,total,fanduel,,,235,-340,7.5
2026-07-08T18:09:11,2026-07-08,MLB,Pittsburgh Pirates,Atlanta Braves,moneyline,fanduel,-120,102,,,
2026-07-08T18:09:11,2026-07-08,MLB,Pittsburgh Pirates,Atlanta Braves,spread,fanduel,-194,160,,,
2026-07-08T18:09:11,2026-07-08,MLB,Pittsburgh Pirates,Atlanta Braves,total,fanduel,,,100,-122,9.5
2026-07-08T18:09:11,2026-07-08,MLB,Tampa Bay Rays,New York Yankees,moneyline,fanduel,-118,100,,,
2026-07-08T18:09:11,2026-07-08,MLB,Tampa Bay Rays,New York Yankees,spread,fanduel,-220,180,,,
2026-07-08T18:09:11,2026-07-08,MLB,Tampa Bay Rays,New York Yankees,total,fanduel,,,100,-122,7.5
2026-07-08T18:09:11,2026-07-08,MLB,Washington Nationals,Houston Astros,moneyline,fanduel,-134,116,,,
2026-07-09T01:20:59,2026-07-08,MLB,Washington Nationals,Houston Astros,spread,fanduel,134,-180,,,
2026-07-09T01:20:59,2026-07-08,MLB,Washington Nationals,Houston Astros,total,fanduel,,,118,-158,11.5
2026-07-09T01:20:59,2026-07-08,MLB,Chicago White Sox,Boston Red Sox,moneyline,fanduel,1500,-7000,,,
2026-07-09T01:20:59,2026-07-08,MLB,Chicago White Sox,Boston Red Sox,spread,fanduel,118,-158,,,
2026-07-09T01:20:59,2026-07-08,MLB,Chicago White Sox,Boston Red Sox,total,fanduel,,,-136,102,7.5
2026-07-09T01:20:59,2026-07-08,MLB,Minnesota Twins,Cleveland Guardians,moneyline,fanduel,-130,102,,,
2026-07-09T01:20:59,2026-07-08,MLB,Minnesota Twins,Cleveland Guardians,spread,fanduel,290,-440,,,
2026-07-09T01:20:59,2026-07-08,MLB,Minnesota Twins,Cleveland Guardians,total,fanduel,,,-182,136,8.5
2026-07-09T01:20:59,2026-07-08,MLB,St. Louis Cardinals,Milwaukee Brewers,moneyline,fanduel,-2500,900,,,
2026-07-09T01:20:59,2026-07-08,MLB,St. Louis Cardinals,Milwaukee Brewers,spread,fanduel,116,-154,,,
2026-07-09T01:20:59,2026-07-08,MLB,St. Louis Cardinals,Milwaukee Brewers,total,fanduel,,,-136,102,5.5
2026-07-09T01:20:59,2026-07-09,MLB,Texas Rangers,Los Angeles Angels,moneyline,fanduel,350,-520,,,
2026-07-09T01:20:59,2026-07-09,MLB,Texas Rangers,Los Angeles Angels,spread,fanduel,-102,-130,,,
2026-07-09T01:20:59,2026-07-09,MLB,Texas Rangers,Los Angeles Angels,total,fanduel,,,-125,-106,7.5
2026-07-09T01:20:59,2026-07-09,MLB,San Diego Padres,Arizona Diamondbacks,moneyline,fanduel,-142,120,,,
2026-07-09T01:20:59,2026-07-09,MLB,San Diego Padres,Arizona Diamondbacks,spread,fanduel,152,-184,,,
2026-07-09T01:20:59,2026-07-09,MLB,San Diego Padres,Arizona Diamondbacks,total,fanduel,,,-104,-118,8.5
2026-07-09T01:20:59,2026-07-09,MLB,Los Angeles Dodgers,Colorado Rockies,moneyline,fanduel,-255,210,,,
2026-07-09T01:20:59,2026-07-09,MLB,Los Angeles Dodgers,Colorado Rockies,spread,fanduel,-130,108,,,
2026-07-09T01:20:59,2026-07-09,MLB,Los Angeles Dodgers,Colorado Rockies,total,fanduel,,,-106,-114,10.0
2026-07-08T01:14:04,2026-07-07,MLB,Pittsburgh Pirates,Atlanta Braves,spread,betmgm,-180,140,,,
2026-07-09T01:20:59,2026-07-08,MLB,Baltimore Orioles,Chicago Cubs,moneyline,draftkings,710,-1620,,,
2026-07-09T01:20:59,2026-07-08,MLB,Baltimore Orioles,Chicago Cubs,spread,draftkings,-310,225,,,
2026-07-09T01:20:59,2026-07-08,MLB,Baltimore Orioles,Chicago Cubs,total,draftkings,,,-133,102,16.5
2026-07-09T01:20:59,2026-07-08,MLB,Baltimore Orioles,Chicago Cubs,moneyline,betmgm,1000,-2500,,,
2026-07-09T01:20:59,2026-07-08,MLB,Baltimore Orioles,Chicago Cubs,spread,betmgm,-325,240,,,
2026-07-09T01:20:59,2026-07-08,MLB,Baltimore Orioles,Chicago Cubs,total,betmgm,,,-110,-115,16.5
2026-07-08T18:09:11,2026-07-08,MLB,Detroit Tigers,Athletics,moneyline,draftkings,-137,114,,,
2026-07-09T01:20:59,2026-07-08,MLB,Detroit Tigers,Athletics,spread,draftkings,-350,249,,,
2026-07-09T01:20:59,2026-07-08,MLB,Detroit Tigers,Athletics,total,draftkings,,,249,-350,7.5
2026-07-09T01:20:59,2026-07-08,MLB,Detroit Tigers,Athletics,moneyline,betmgm,-10000,3300,,,
2026-07-09T01:20:59,2026-07-08,MLB,Detroit Tigers,Athletics,spread,betmgm,-350,260,,,
2026-07-09T01:20:59,2026-07-08,MLB,Detroit Tigers,Athletics,total,betmgm,,,260,-350,7.5
2026-07-08T18:09:11,2026-07-08,MLB,Pittsburgh Pirates,Atlanta Braves,moneyline,draftkings,-120,-101,,,
2026-07-08T18:09:11,2026-07-08,MLB,Pittsburgh Pirates,Atlanta Braves,spread,draftkings,-197,161,,,
2026-07-08T18:09:11,2026-07-08,MLB,Pittsburgh Pirates,Atlanta Braves,total,draftkings,,,-122,102,9.0
2026-07-08T18:09:11,2026-07-08,MLB,Pittsburgh Pirates,Atlanta Braves,moneyline,betmgm,-118,-102,,,
2026-07-08T18:09:11,2026-07-08,MLB,Pittsburgh Pirates,Atlanta Braves,total,betmgm,,,-120,100,9.0
2026-07-08T18:09:11,2026-07-08,MLB,Miami Marlins,Seattle Mariners,moneyline,fanduel,110,-130,,,
2026-07-08T18:09:11,2026-07-08,MLB,Miami Marlins,Seattle Mariners,spread,fanduel,-160,132,,,
2026-07-08T18:09:11,2026-07-08,MLB,Miami Marlins,Seattle Mariners,total,fanduel,,,-110,-110,8.5
2026-07-08T18:09:11,2026-07-08,MLB,Tampa Bay Rays,New York Yankees,moneyline,draftkings,-118,-102,,,
2026-07-08T18:09:11,2026-07-08,MLB,Tampa Bay Rays,New York Yankees,spread,draftkings,170,-208,,,
2026-07-08T18:09:11,2026-07-08,MLB,Tampa Bay Rays,New York Yankees,total,draftkings,,,103,-124,7.5
2026-07-08T18:09:11,2026-07-08,MLB,Tampa Bay Rays,New York Yankees,moneyline,betmgm,-118,-102,,,
2026-07-08T18:09:11,2026-07-08,MLB,Tampa Bay Rays,New York Yankees,spread,betmgm,165,-220,,,
2026-07-08T18:09:11,2026-07-08,MLB,Tampa Bay Rays,New York Yankees,total,betmgm,,,100,-120,7.5
2026-07-08T18:09:11,2026-07-08,MLB,Washington Nationals,Houston Astros,moneyline,draftkings,-136,113,,,
2026-07-09T01:20:59,2026-07-08,MLB,Washington Nationals,Houston Astros,spread,draftkings,112,-146,,,
2026-07-09T01:20:59,2026-07-08,MLB,Washington Nationals,Houston Astros,total,draftkings,,,105,-137,11.5
2026-07-08T18:09:11,2026-07-08,MLB,Washington Nationals,Houston Astros,moneyline,betmgm,-140,118,,,
2026-07-09T01:20:59,2026-07-08,MLB,Washington Nationals,Houston Astros,spread,betmgm,125,-160,,,
2026-07-09T01:20:59,2026-07-08,MLB,Washington Nationals,Houston Astros,total,betmgm,,,100,-130,11.5
2026-07-09T01:20:59,2026-07-08,MLB,Chicago White Sox,Boston Red Sox,moneyline,draftkings,1240,-9700,,,
2026-07-09T01:20:59,2026-07-08,MLB,Chicago White Sox,Boston Red Sox,spread,draftkings,116,-151,,,
2026-07-09T01:20:59,2026-07-08,MLB,Chicago White Sox,Boston Red Sox,total,draftkings,,,-148,113,7.5
2026-07-09T01:20:59,2026-07-08,MLB,Chicago White Sox,Boston Red Sox,moneyline,betmgm,1550,-10000,,,
2026-07-09T01:20:59,2026-07-08,MLB,Chicago White Sox,Boston Red Sox,spread,betmgm,120,-155,,,
2026-07-09T01:20:59,2026-07-08,MLB,Chicago White Sox,Boston Red Sox,total,betmgm,,,-150,118,7.5
2026-07-09T01:20:59,2026-07-08,MLB,Minnesota Twins,Cleveland Guardians,moneyline,draftkings,-130,100,,,
2026-07-09T01:20:59,2026-07-08,MLB,Minnesota Twins,Cleveland Guardians,spread,draftkings,-308,226,,,
2026-07-09T01:20:59,2026-07-08,MLB,Minnesota Twins,Cleveland Guardians,total,draftkings,,,133,-174,9.5
2026-07-09T01:20:59,2026-07-08,MLB,Minnesota Twins,Cleveland Guardians,moneyline,betmgm,-135,105,,,
2026-07-08T01:14:04,2026-07-08,MLB,Minnesota Twins,Cleveland Guardians,spread,betmgm,154,-190,,,
2026-07-09T01:20:59,2026-07-08,MLB,Minnesota Twins,Cleveland Guardians,total,betmgm,,,130,-165,9.5
2026-07-09T01:20:59,2026-07-08,MLB,St. Louis Cardinals,Milwaukee Brewers,moneyline,draftkings,-2500,870,,,
2026-07-09T01:20:59,2026-07-08,MLB,St. Louis Cardinals,Milwaukee Brewers,spread,draftkings,106,-138,,,
2026-07-09T01:20:59,2026-07-08,MLB,St. Louis Cardinals,Milwaukee Brewers,total,draftkings,,,-128,-101,5.5
2026-07-09T01:20:59,2026-07-08,MLB,St. Louis Cardinals,Milwaukee Brewers,moneyline,betmgm,-2000,900,,,
2026-07-09T01:20:59,2026-07-08,MLB,St. Louis Cardinals,Milwaukee Brewers,spread,betmgm,115,-150,,,
2026-07-09T01:20:59,2026-07-08,MLB,St. Louis Cardinals,Milwaukee Brewers,total,betmgm,,,-125,105,5.5
2026-07-09T01:20:59,2026-07-09,MLB,Texas Rangers,Los Angeles Angels,moneyline,draftkings,319,-473,,,
2026-07-09T01:20:59,2026-07-09,MLB,Texas Rangers,Los Angeles Angels,spread,draftkings,-101,-129,,,
2026-07-09T01:20:59,2026-07-09,MLB,Texas Rangers,Los Angeles Angels,total,draftkings,,,-122,-107,7.5
2026-07-09T01:20:59,2026-07-09,MLB,Texas Rangers,Los Angeles Angels,moneyline,betmgm,375,-550,,,
2026-07-09T01:20:59,2026-07-09,MLB,Texas Rangers,Los Angeles Angels,spread,betmgm,105,-135,,,
2026-07-09T01:20:59,2026-07-09,MLB,Texas Rangers,Los Angeles Angels,total,betmgm,,,-110,-115,7.5
2026-07-09T01:20:59,2026-07-09,MLB,San Diego Padres,Arizona Diamondbacks,moneyline,draftkings,-144,119,,,
2026-07-09T01:20:59,2026-07-09,MLB,San Diego Padres,Arizona Diamondbacks,spread,draftkings,144,-175,,,
2026-07-09T01:20:59,2026-07-09,MLB,San Diego Padres,Arizona Diamondbacks,total,draftkings,,,-105,-114,8.5
2026-07-09T01:20:59,2026-07-09,MLB,San Diego Padres,Arizona Diamondbacks,moneyline,betmgm,-145,120,,,
2026-07-09T01:20:59,2026-07-09,MLB,San Diego Padres,Arizona Diamondbacks,spread,betmgm,145,-175,,,
2026-07-09T01:20:59,2026-07-09,MLB,San Diego Padres,Arizona Diamondbacks,total,betmgm,,,-105,-115,8.5
2026-07-09T01:20:59,2026-07-09,MLB,Los Angeles Dodgers,Colorado Rockies,moneyline,draftkings,-271,217,,,
2026-07-09T01:20:59,2026-07-09,MLB,Los Angeles Dodgers,Colorado Rockies,spread,draftkings,-130,108,,,
2026-07-09T01:20:59,2026-07-09,MLB,Los Angeles Dodgers,Colorado Rockies,total,draftkings,,,-103,-117,10.0
2026-07-09T01:20:59,2026-07-09,MLB,Los Angeles Dodgers,Colorado Rockies,moneyline,betmgm,-275,220,,,
2026-07-09T01:20:59,2026-07-09,MLB,Los Angeles Dodgers,Colorado Rockies,spread,betmgm,-135,110,,,
2026-07-09T01:20:59,2026-07-09,MLB,Los Angeles Dodgers,Colorado Rockies,total,betmgm,,,-110,-110,10.0
2026-07-08T18:09:11,2026-07-08,MLB,Pittsburgh Pirates,Atlanta Braves,spread,betmgm,-190,155,,,
2026-07-08T18:09:11,2026-07-08,MLB,Miami Marlins,Seattle Mariners,moneyline,draftkings,108,-131,,,
2026-07-08T18:09:11,2026-07-08,MLB,Miami Marlins,Seattle Mariners,spread,draftkings,-150,124,,,
2026-07-08T18:09:11,2026-07-08,MLB,Miami Marlins,Seattle Mariners,total,draftkings,,,-110,-110,8.5
2026-07-08T18:09:11,2026-07-08,MLB,Miami Marlins,Seattle Mariners,moneyline,betmgm,110,-130,,,
2026-07-08T18:09:11,2026-07-08,MLB,Miami Marlins,Seattle Mariners,spread,betmgm,-150,125,,,
2026-07-08T18:09:11,2026-07-08,MLB,Miami Marlins,Seattle Mariners,total,betmgm,,,-110,-110,8.5
2026-07-09T01:20:59,2026-07-08,MLB,Cincinnati Reds,Philadelphia Phillies,moneyline,fanduel,-2200,870,,,
2026-07-09T01:20:59,2026-07-08,MLB,Cincinnati Reds,Philadelphia Phillies,spread,fanduel,128,-172,,,
2026-07-09T01:20:59,2026-07-08,MLB,Cincinnati Reds,Philadelphia Phillies,total,fanduel,,,-128,-102,13.5
2026-07-09T01:20:59,2026-07-08,MLB,Cincinnati Reds,Philadelphia Phillies,moneyline,draftkings,-1600,710,,,
2026-07-09T01:20:59,2026-07-08,MLB,Cincinnati Reds,Philadelphia Phillies,spread,draftkings,134,-175,,,
2026-07-09T01:20:59,2026-07-08,MLB,Cincinnati Reds,Philadelphia Phillies,total,draftkings,,,-134,103,13.5
2026-07-09T01:20:59,2026-07-08,MLB,Cincinnati Reds,Philadelphia Phillies,moneyline,betmgm,-1100,625,,,
2026-07-09T01:20:59,2026-07-08,MLB,Cincinnati Reds,Philadelphia Phillies,spread,betmgm,125,-160,,,
2026-07-09T01:20:59,2026-07-08,MLB,Cincinnati Reds,Philadelphia Phillies,total,betmgm,,,110,-140,14.5
2026-07-09T01:20:59,2026-07-08,MLB,New York Mets,Kansas City Royals,moneyline,fanduel,-122,-104,,,
2026-07-09T01:20:59,2026-07-08,MLB,New York Mets,Kansas City Royals,spread,fanduel,490,-900,,,
2026-07-09T01:20:59,2026-07-08,MLB,New York Mets,Kansas City Royals,total,fanduel,,,106,-140,4.5
2026-07-09T01:20:59,2026-07-08,MLB,New York Mets,Kansas City Royals,moneyline,draftkings,-133,102,,,
2026-07-09T01:20:59,2026-07-08,MLB,New York Mets,Kansas City Royals,spread,draftkings,-388,272,,,
2026-07-09T01:20:59,2026-07-08,MLB,New York Mets,Kansas City Royals,total,draftkings,,,101,-131,4.5
2026-07-09T01:20:59,2026-07-08,MLB,New York Mets,Kansas City Royals,moneyline,betmgm,-120,-102,,,
2026-07-09T01:20:59,2026-07-08,MLB,New York Mets,Kansas City Royals,spread,betmgm,-400,280,,,
2026-07-09T01:20:59,2026-07-08,MLB,New York Mets,Kansas City Royals,total,betmgm,,,105,-135,4.5
2026-07-09T18:31:31,2026-07-09,MLB,Pittsburgh Pirates,Atlanta Braves,moneyline,fanduel,285,-400,,,
2026-07-09T18:31:31,2026-07-09,MLB,Pittsburgh Pirates,Atlanta Braves,spread,fanduel,-146,110,,,
2026-07-09T18:31:31,2026-07-09,MLB,Pittsburgh Pirates,Atlanta Braves,total,fanduel,,,-102,-130,14.5
2026-07-09T18:31:31,2026-07-09,MLB,New York Mets,Kansas City Royals,moneyline,fanduel,-320,235,,,
2026-07-09T18:31:31,2026-07-09,MLB,New York Mets,Kansas City Royals,spread,fanduel,116,-154,,,
2026-07-09T18:31:31,2026-07-09,MLB,New York Mets,Kansas City Royals,total,fanduel,,,-166,124,8.5
2026-07-09T18:31:31,2026-07-09,MLB,Baltimore Orioles,Chicago Cubs,moneyline,fanduel,-290,215,,,
2026-07-09T18:31:31,2026-07-09,MLB,Baltimore Orioles,Chicago Cubs,spread,fanduel,-104,-128,,,
2026-07-09T18:31:31,2026-07-09,MLB,Baltimore Orioles,Chicago Cubs,total,fanduel,,,-144,108,6.5
2026-07-09T18:31:31,2026-07-09,MLB,Pittsburgh Pirates,Atlanta Braves,moneyline,draftkings,233,-324,,,
2026-07-09T18:31:31,2026-07-09,MLB,Pittsburgh Pirates,Atlanta Braves,spread,draftkings,118,-153,,,
2026-07-09T18:31:31,2026-07-09,MLB,Pittsburgh Pirates,Atlanta Braves,total,draftkings,,,-126,-103,14.5
2026-07-09T18:31:31,2026-07-09,MLB,Pittsburgh Pirates,Atlanta Braves,moneyline,betmgm,375,-525,,,
2026-07-09T18:31:31,2026-07-09,MLB,Pittsburgh Pirates,Atlanta Braves,spread,betmgm,-135,105,,,
2026-07-09T18:31:31,2026-07-09,MLB,Pittsburgh Pirates,Atlanta Braves,total,betmgm,,,-140,110,13.5
2026-07-09T18:31:31,2026-07-09,MLB,New York Mets,Kansas City Royals,moneyline,draftkings,-1460,680,,,
2026-07-09T18:31:31,2026-07-09,MLB,New York Mets,Kansas City Royals,spread,draftkings,116,-152,,,
2026-07-09T18:31:31,2026-07-09,MLB,New York Mets,Kansas City Royals,total,draftkings,,,-129,-101,10.5
2026-07-09T18:31:31,2026-07-09,MLB,New York Mets,Kansas City Royals,moneyline,betmgm,-1200,675,,,
2026-07-09T18:31:31,2026-07-09,MLB,New York Mets,Kansas City Royals,spread,betmgm,115,-150,,,
2026-07-09T18:31:31,2026-07-09,MLB,New York Mets,Kansas City Royals,total,betmgm,,,-155,120,10.5
2026-07-09T18:31:31,2026-07-09,MLB,Minnesota Twins,Cleveland Guardians,moneyline,fanduel,138,-178,,,
2026-07-09T18:31:31,2026-07-09,MLB,Minnesota Twins,Cleveland Guardians,spread,fanduel,-168,126,,,
2026-07-09T18:31:31,2026-07-09,MLB,Minnesota Twins,Cleveland Guardians,total,fanduel,,,-114,-114,5.5
2026-07-09T18:31:31,2026-07-09,MLB,Minnesota Twins,Cleveland Guardians,moneyline,draftkings,140,-184,,,
2026-07-09T18:31:31,2026-07-09,MLB,Minnesota Twins,Cleveland Guardians,spread,draftkings,-153,117,,,
2026-07-09T18:31:31,2026-07-09,MLB,Minnesota Twins,Cleveland Guardians,total,draftkings,,,-122,-106,5.5
2026-07-09T18:31:31,2026-07-09,MLB,Minnesota Twins,Cleveland Guardians,moneyline,betmgm,135,-170,,,
2026-07-09T18:31:31,2026-07-09,MLB,Minnesota Twins,Cleveland Guardians,total,betmgm,,,-118,-110,5.5
2026-07-09T18:31:31,2026-07-09,MLB,Chicago White Sox,Boston Red Sox,moneyline,fanduel,-136,106,,,
2026-07-09T18:31:31,2026-07-09,MLB,Chicago White Sox,Boston Red Sox,spread,fanduel,162,-220,,,
2026-07-09T18:31:31,2026-07-09,MLB,Chicago White Sox,Boston Red Sox,total,fanduel,,,-106,-125,7.5
2026-07-09T18:31:31,2026-07-09,MLB,Chicago White Sox,Boston Red Sox,moneyline,draftkings,-141,108,,,
2026-07-09T18:31:31,2026-07-09,MLB,Chicago White Sox,Boston Red Sox,spread,draftkings,158,-209,,,
2026-07-09T18:31:31,2026-07-09,MLB,Chicago White Sox,Boston Red Sox,total,draftkings,,,-106,-123,7.5
2026-07-09T18:31:31,2026-07-09,MLB,Chicago White Sox,Boston Red Sox,moneyline,betmgm,-145,115,,,
2026-07-09T18:31:31,2026-07-09,MLB,Chicago White Sox,Boston Red Sox,spread,betmgm,160,-210,,,
2026-07-09T18:31:31,2026-07-09,MLB,Chicago White Sox,Boston Red Sox,total,betmgm,,,-102,-125,7.5
2026-07-09T18:31:31,2026-07-09,MLB,Baltimore Orioles,Chicago Cubs,moneyline,draftkings,-245,182,,,
2026-07-09T18:31:31,2026-07-09,MLB,Baltimore Orioles,Chicago Cubs,spread,draftkings,103,-134,,,
2026-07-09T18:31:31,2026-07-09,MLB,Baltimore Orioles,Chicago Cubs,total,draftkings,,,107,-139,7.5
2026-07-09T18:31:31,2026-07-09,MLB,Baltimore Orioles,Chicago Cubs,moneyline,betmgm,-250,195,,,
2026-07-09T18:31:31,2026-07-09,MLB,Baltimore Orioles,Chicago Cubs,spread,betmgm,105,-135,,,
2026-07-09T18:31:31,2026-07-09,MLB,Baltimore Orioles,Chicago Cubs,total,betmgm,,,-150,115,6.5
2026-07-10T01:18:36,2026-07-09,MLB,Detroit Tigers,Athletics,moneyline,fanduel,-6000,1400,,,
2026-07-10T01:18:36,2026-07-09,MLB,Detroit Tigers,Athletics,spread,fanduel,-420,280,,,
2026-07-10T01:18:36,2026-07-09,MLB,Detroit Tigers,Athletics,total,fanduel,,,265,-390,5.5
2026-07-09T18:31:31,2026-07-09,MLB,Detroit Tigers,Athletics,moneyline,draftkings,-131,109,,,
2026-07-10T01:18:36,2026-07-09,MLB,Detroit Tigers,Athletics,spread,draftkings,-372,262,,,
2026-07-10T01:18:36,2026-07-09,MLB,Detroit Tigers,Athletics,total,draftkings,,,261,-371,5.5
2026-07-10T01:18:36,2026-07-09,MLB,Detroit Tigers,Athletics,moneyline,betmgm,-10000,1550,,,
2026-07-10T01:18:36,2026-07-09,MLB,Detroit Tigers,Athletics,spread,betmgm,-450,310,,,
2026-07-10T01:18:36,2026-07-09,MLB,Detroit Tigers,Athletics,total,betmgm,,,310,-450,5.5
2026-07-09T18:31:31,2026-07-09,MLB,Miami Marlins,Seattle Mariners,moneyline,fanduel,112,-132,,,
2026-07-10T01:18:36,2026-07-09,MLB,Miami Marlins,Seattle Mariners,spread,fanduel,144,-194,,,
2026-07-10T01:18:36,2026-07-09,MLB,Miami Marlins,Seattle Mariners,total,fanduel,,,-166,124,12.5
2026-07-09T18:31:31,2026-07-09,MLB,Miami Marlins,Seattle Mariners,moneyline,draftkings,105,-126,,,
2026-07-10T01:18:36,2026-07-09,MLB,Miami Marlins,Seattle Mariners,spread,draftkings,138,-181,,,
2026-07-10T01:18:36,2026-07-09,MLB,Miami Marlins,Seattle Mariners,total,draftkings,,,-163,125,12.5
2026-07-10T01:18:36,2026-07-09,MLB,Miami Marlins,Seattle Mariners,moneyline,betmgm,-10000,3300,,,
2026-07-10T01:18:36,2026-07-09,MLB,Miami Marlins,Seattle Mariners,spread,betmgm,145,-190,,,
2026-07-10T01:18:36,2026-07-09,MLB,Miami Marlins,Seattle Mariners,total,betmgm,,,-150,115,12.5
2026-07-10T01:18:36,2026-07-09,MLB,Cincinnati Reds,Philadelphia Phillies,moneyline,fanduel,320,-460,,,
2026-07-09T18:31:31,2026-07-09,MLB,Cincinnati Reds,Philadelphia Phillies,spread,fanduel,-118,-102,,,
2026-07-10T01:18:36,2026-07-09,MLB,Cincinnati Reds,Philadelphia Phillies,total,fanduel,,,230,-330,1.5
2026-07-10T01:18:36,2026-07-09,MLB,Cincinnati Reds,Philadelphia Phillies,moneyline,draftkings,237,-330,,,
2026-07-10T01:18:36,2026-07-09,MLB,Cincinnati Reds,Philadelphia Phillies,spread,draftkings,-10000,1320,,,
2026-07-10T01:18:36,2026-07-09,MLB,Cincinnati Reds,Philadelphia Phillies,total,draftkings,,,156,-206,1.5
2026-07-10T01:18:36,2026-07-09,MLB,Cincinnati Reds,Philadelphia Phillies,moneyline,betmgm,195,-250,,,
2026-07-10T01:18:36,2026-07-09,MLB,Cincinnati Reds,Philadelphia Phillies,spread,betmgm,1150,-5000,,,
2026-07-10T01:18:36,2026-07-09,MLB,Cincinnati Reds,Philadelphia Phillies,total,betmgm,,,130,-165,1.5
2026-07-10T01:18:36,2026-07-09,MLB,St. Louis Cardinals,Milwaukee Brewers,moneyline,fanduel,2000,-20000,,,
2026-07-10T01:18:36,2026-07-09,MLB,St. Louis Cardinals,Milwaukee Brewers,spread,fanduel,-154,116,,,
2026-07-10T01:18:36,2026-07-09,MLB,St. Louis Cardinals,Milwaukee Brewers,total,fanduel,,,-102,-130,11.5
2026-07-09T18:31:31,2026-07-09,MLB,St. Louis Cardinals,Milwaukee Brewers,moneyline,draftkings,113,-136,,,
2026-07-10T01:18:36,2026-07-09,MLB,St. Louis Cardinals,Milwaukee Brewers,spread,draftkings,-147,113,,,
2026-07-10T01:18:36,2026-07-09,MLB,St. Louis Cardinals,Milwaukee Brewers,total,draftkings,,,100,-130,11.5
2026-07-09T18:31:31,2026-07-09,MLB,St. Louis Cardinals,Milwaukee Brewers,moneyline,betmgm,115,-135,,,
2026-07-10T01:18:36,2026-07-09,MLB,St. Louis Cardinals,Milwaukee Brewers,spread,betmgm,-115,-110,,,
2026-07-10T01:18:36,2026-07-09,MLB,St. Louis Cardinals,Milwaukee Brewers,total,betmgm,,,-135,105,10.5
2026-07-10T01:18:36,2026-07-10,MLB,Texas Rangers,Los Angeles Angels,moneyline,fanduel,-1400,680,,,
2026-07-10T01:18:36,2026-07-10,MLB,Texas Rangers,Los Angeles Angels,spread,fanduel,116,-154,,,
2026-07-10T01:18:36,2026-07-10,MLB,Texas Rangers,Los Angeles Angels,total,fanduel,,,-104,-128,9.5
2026-07-10T01:18:36,2026-07-10,MLB,Texas Rangers,Los Angeles Angels,moneyline,draftkings,-1200,600,,,
2026-07-10T01:18:36,2026-07-10,MLB,Texas Rangers,Los Angeles Angels,spread,draftkings,-102,-127,,,
2026-07-10T01:18:36,2026-07-10,MLB,Texas Rangers,Los Angeles Angels,total,draftkings,,,-101,-129,9.5
2026-07-10T01:18:36,2026-07-10,MLB,Texas Rangers,Los Angeles Angels,moneyline,betmgm,-1200,675,,,
2026-07-10T01:18:36,2026-07-10,MLB,Texas Rangers,Los Angeles Angels,spread,betmgm,105,-135,,,
2026-07-10T01:18:36,2026-07-10,MLB,Texas Rangers,Los Angeles Angels,total,betmgm,,,100,-130,9.5
2026-07-10T01:18:36,2026-07-10,MLB,San Diego Padres,Arizona Diamondbacks,moneyline,fanduel,-126,108,,,
2026-07-10T01:18:36,2026-07-10,MLB,San Diego Padres,Arizona Diamondbacks,spread,fanduel,160,-194,,,
2026-07-10T01:18:36,2026-07-10,MLB,San Diego Padres,Arizona Diamondbacks,total,fanduel,,,-124,102,8.5
2026-07-10T01:18:36,2026-07-10,MLB,San Diego Padres,Arizona Diamondbacks,moneyline,draftkings,-131,108,,,
2026-07-10T01:18:36,2026-07-10,MLB,San Diego Padres,Arizona Diamondbacks,spread,draftkings,157,-192,,,
2026-07-10T01:18:36,2026-07-10,MLB,San Diego Padres,Arizona Diamondbacks,total,draftkings,,,-107,-112,9.0
2026-07-10T01:18:36,2026-07-10,MLB,San Diego Padres,Arizona Diamondbacks,moneyline,betmgm,-135,110,,,
2026-07-10T01:18:36,2026-07-10,MLB,San Diego Padres,Arizona Diamondbacks,spread,betmgm,155,-190,,,
2026-07-10T01:18:36,2026-07-10,MLB,San Diego Padres,Arizona Diamondbacks,total,betmgm,,,-110,-110,9.0
2026-07-09T18:31:31,2026-07-09,MLB,Tampa Bay Rays,New York Yankees,moneyline,draftkings,535,-970,,,
2026-07-09T18:31:31,2026-07-09,MLB,Tampa Bay Rays,New York Yankees,spread,draftkings,102,-133,,,
2026-07-09T18:31:31,2026-07-09,MLB,Tampa Bay Rays,New York Yankees,total,draftkings,,,-129,100,14.5
2026-07-09T18:31:31,2026-07-09,MLB,Tampa Bay Rays,New York Yankees,moneyline,betmgm,575,-1000,,,
2026-07-09T18:31:31,2026-07-09,MLB,Tampa Bay Rays,New York Yankees,spread,betmgm,100,-130,,,
2026-07-09T18:31:31,2026-07-09,MLB,Tampa Bay Rays,New York Yankees,total,betmgm,,,-120,-105,14.5
2026-07-09T18:31:31,2026-07-09,MLB,Tampa Bay Rays,New York Yankees,moneyline,fanduel,560,-1000,,,
2026-07-09T18:31:31,2026-07-09,MLB,Tampa Bay Rays,New York Yankees,spread,fanduel,100,-132,,,
2026-07-09T18:31:31,2026-07-09,MLB,Tampa Bay Rays,New York Yankees,total,fanduel,,,-130,-102,14.5
2026-07-10T01:18:36,2026-07-10,MLB,San Francisco Giants,Colorado Rockies,moneyline,fanduel,-126,108,,,
2026-07-10T01:18:36,2026-07-10,MLB,San Francisco Giants,Colorado Rockies,spread,fanduel,162,-196,,,
2026-07-10T01:18:36,2026-07-10,MLB,San Francisco Giants,Colorado Rockies,total,fanduel,,,-105,-115,9.0
2026-07-10T01:18:36,2026-07-10,MLB,San Francisco Giants,Colorado Rockies,moneyline,draftkings,-132,109,,,
2026-07-10T01:18:36,2026-07-10,MLB,San Francisco Giants,Colorado Rockies,spread,draftkings,154,-187,,,
2026-07-10T01:18:36,2026-07-10,MLB,San Francisco Giants,Colorado Rockies,total,draftkings,,,-111,-109,9.0
2026-07-10T01:18:36,2026-07-10,MLB,San Francisco Giants,Colorado Rockies,moneyline,betmgm,-130,105,,,
2026-07-10T01:18:36,2026-07-10,MLB,San Francisco Giants,Colorado Rockies,spread,betmgm,155,-190,,,
2026-07-10T01:18:36,2026-07-10,MLB,San Francisco Giants,Colorado Rockies,total,betmgm,,,-110,-110,9.0
2026-07-10T18:13:05,2026-07-10,MLB,Washington Nationals,New York Yankees,moneyline,fanduel,134,-158,,,
2026-07-10T18:13:05,2026-07-10,MLB,Washington Nationals,New York Yankees,spread,fanduel,-120,100,,,
2026-07-10T18:13:05,2026-07-10,MLB,Washington Nationals,New York Yankees,total,fanduel,,,-110,-110,10.0
2026-07-11T01:12:47,2026-07-10,MLB,Baltimore Orioles,Kansas City Royals,moneyline,fanduel,-245,186,,,
2026-07-11T01:12:47,2026-07-10,MLB,Baltimore Orioles,Kansas City Royals,spread,fanduel,280,-420,,,
2026-07-11T01:12:47,2026-07-10,MLB,Baltimore Orioles,Kansas City Royals,total,fanduel,,,-160,120,7.5
2026-07-11T01:12:47,2026-07-10,MLB,Cincinnati Reds,Chicago Cubs,moneyline,fanduel,-500,340,,,
2026-07-11T01:12:47,2026-07-10,MLB,Cincinnati Reds,Chicago Cubs,spread,fanduel,128,-172,,,
2026-07-11T01:12:47,2026-07-10,MLB,Cincinnati Reds,Chicago Cubs,total,fanduel,,,104,-138,3.5
2026-07-11T01:12:47,2026-07-10,MLB,Tampa Bay Rays,Seattle Mariners,moneyline,fanduel,-20000,2500,,,
2026-07-11T01:12:47,2026-07-10,MLB,Tampa Bay Rays,Seattle Mariners,spread,fanduel,102,-136,,,
2026-07-11T01:12:47,2026-07-10,MLB,Tampa Bay Rays,Seattle Mariners,total,fanduel,,,-162,122,9.5
2026-07-11T01:12:47,2026-07-10,MLB,New York Mets,Boston Red Sox,moneyline,fanduel,136,-174,,,
2026-07-11T01:12:47,2026-07-10,MLB,New York Mets,Boston Red Sox,spread,fanduel,-172,128,,,
2026-07-11T01:12:47,2026-07-10,MLB,New York Mets,Boston Red Sox,total,fanduel,,,100,-132,7.5
2026-07-12T01:14:43,2026-07-11,MLB,St. Louis Cardinals,Atlanta Braves,moneyline,fanduel,-7000,1500,,,
2026-07-12T01:14:43,2026-07-11,MLB,St. Louis Cardinals,Atlanta Braves,spread,fanduel,265,-390,,,
2026-07-12T01:14:43,2026-07-11,MLB,St. Louis Cardinals,Atlanta Braves,total,fanduel,,,-132,100,5.5
2026-07-10T18:13:05,2026-07-10,MLB,Detroit Tigers,Philadelphia Phillies,moneyline,fanduel,-120,102,,,
2026-07-11T01:12:47,2026-07-10,MLB,Detroit Tigers,Philadelphia Phillies,spread,fanduel,-1200,580,,,
2026-07-10T18:13:05,2026-07-10,MLB,Detroit Tigers,Philadelphia Phillies,total,fanduel,,,-124,102,8.5
2026-07-10T18:13:05,2026-07-10,MLB,Pittsburgh Pirates,Milwaukee Brewers,moneyline,fanduel,-124,106,,,
2026-07-10T18:13:05,2026-07-10,MLB,Pittsburgh Pirates,Milwaukee Brewers,spread,fanduel,-205,168,,,
2026-07-10T18:13:05,2026-07-10,MLB,Pittsburgh Pirates,Milwaukee Brewers,total,fanduel,,,-115,-105,8.0
2026-07-10T18:13:05,2026-07-10,MLB,Pittsburgh Pirates,Milwaukee Brewers,moneyline,draftkings,-126,104,,,
2026-07-10T18:13:05,2026-07-10,MLB,Pittsburgh Pirates,Milwaukee Brewers,spread,draftkings,159,-194,,,
2026-07-10T18:13:05,2026-07-10,MLB,Pittsburgh Pirates,Milwaukee Brewers,total,draftkings,,,-111,-108,8.0
2026-07-10T18:13:05,2026-07-10,MLB,Pittsburgh Pirates,Milwaukee Brewers,moneyline,betmgm,-125,105,,,
2026-07-10T18:13:05,2026-07-10,MLB,Pittsburgh Pirates,Milwaukee Brewers,spread,betmgm,155,-190,,,
2026-07-10T18:13:05,2026-07-10,MLB,Pittsburgh Pirates,Milwaukee Brewers,total,betmgm,,,-110,-110,8.0
2026-07-10T18:13:05,2026-07-10,MLB,Washington Nationals,New York Yankees,moneyline,draftkings,134,-162,,,
2026-07-10T18:13:05,2026-07-10,MLB,Washington Nationals,New York Yankees,spread,draftkings,-117,-103,,,
2026-07-10T18:13:05,2026-07-10,MLB,Washington Nationals,New York Yankees,total,draftkings,,,-112,-108,10.0
2026-07-10T18:13:05,2026-07-10,MLB,Washington Nationals,New York Yankees,moneyline,betmgm,135,-165,,,
2026-07-10T18:13:05,2026-07-10,MLB,Washington Nationals,New York Yankees,spread,betmgm,-115,-105,,,
2026-07-10T18:13:05,2026-07-10,MLB,Washington Nationals,New York Yankees,total,betmgm,,,-110,-110,10.0
2026-07-11T01:12:47,2026-07-10,MLB,Baltimore Orioles,Kansas City Royals,moneyline,draftkings,-256,190,,,
2026-07-11T01:12:47,2026-07-10,MLB,Baltimore Orioles,Kansas City Royals,spread,draftkings,282,-407,,,
2026-07-11T01:12:47,2026-07-10,MLB,Baltimore Orioles,Kansas City Royals,total,draftkings,,,-151,116,7.5
2026-07-11T01:12:47,2026-07-10,MLB,Baltimore Orioles,Kansas City Royals,moneyline,betmgm,-235,185,,,
2026-07-11T01:12:47,2026-07-10,MLB,Baltimore Orioles,Kansas City Royals,spread,betmgm,240,-325,,,
2026-07-11T01:12:47,2026-07-10,MLB,Baltimore Orioles,Kansas City Royals,total,betmgm,,,115,-150,8.5
2026-07-11T01:12:47,2026-07-10,MLB,Cincinnati Reds,Chicago Cubs,moneyline,draftkings,-414,287,,,
2026-07-11T01:12:47,2026-07-10,MLB,Cincinnati Reds,Chicago Cubs,spread,draftkings,167,-223,,,
2026-07-11T01:12:47,2026-07-10,MLB,Cincinnati Reds,Chicago Cubs,total,draftkings,,,132,-173,3.5
2026-07-11T01:12:47,2026-07-10,MLB,Cincinnati Reds,Chicago Cubs,moneyline,betmgm,-450,325,,,
2026-07-11T01:12:47,2026-07-10,MLB,Cincinnati Reds,Chicago Cubs,spread,betmgm,130,-165,,,
2026-07-11T01:12:47,2026-07-10,MLB,Cincinnati Reds,Chicago Cubs,total,betmgm,,,105,-135,3.5
2026-07-11T01:12:47,2026-07-10,MLB,Miami Marlins,Cleveland Guardians,moneyline,fanduel,265,-370,,,
2026-07-11T01:12:47,2026-07-10,MLB,Miami Marlins,Cleveland Guardians,spread,fanduel,-420,280,,,
2026-07-11T01:12:47,2026-07-10,MLB,Miami Marlins,Cleveland Guardians,total,fanduel,,,100,-132,6.5
2026-07-11T01:12:47,2026-07-10,MLB,Miami Marlins,Cleveland Guardians,moneyline,draftkings,229,-318,,,
2026-07-11T01:12:47,2026-07-10,MLB,Miami Marlins,Cleveland Guardians,spread,draftkings,-446,305,,,
2026-07-11T01:12:47,2026-07-10,MLB,Miami Marlins,Cleveland Guardians,total,draftkings,,,-101,-128,6.5
2026-07-11T01:12:47,2026-07-10,MLB,Miami Marlins,Cleveland Guardians,moneyline,betmgm,250,-325,,,
2026-07-11T01:12:47,2026-07-10,MLB,Miami Marlins,Cleveland Guardians,spread,betmgm,-375,270,,,
2026-07-11T01:12:47,2026-07-10,MLB,Miami Marlins,Cleveland Guardians,total,betmgm,,,-102,-125,6.5
2026-07-10T18:13:05,2026-07-10,MLB,Tampa Bay Rays,Seattle Mariners,moneyline,draftkings,-118,-102,,,
2026-07-11T01:12:47,2026-07-10,MLB,Tampa Bay Rays,Seattle Mariners,spread,draftkings,124,-162,,,
2026-07-11T01:12:47,2026-07-10,MLB,Tampa Bay Rays,Seattle Mariners,total,draftkings,,,-143,110,9.5
2026-07-10T18:13:05,2026-07-10,MLB,Tampa Bay Rays,Seattle Mariners,moneyline,betmgm,-120,100,,,
2026-07-11T01:12:47,2026-07-10,MLB,Tampa Bay Rays,Seattle Mariners,spread,betmgm,120,-155,,,
2026-07-11T01:12:47,2026-07-10,MLB,Tampa Bay Rays,Seattle Mariners,total,betmgm,,,-150,115,9.5
2026-07-11T01:12:47,2026-07-10,MLB,New York Mets,Boston Red Sox,moneyline,draftkings,151,-199,,,
2026-07-11T01:12:47,2026-07-10,MLB,New York Mets,Boston Red Sox,spread,draftkings,-154,118,,,
2026-07-11T01:12:47,2026-07-10,MLB,New York Mets,Boston Red Sox,total,draftkings,,,-160,122,6.5
2026-07-11T01:12:47,2026-07-10,MLB,New York Mets,Boston Red Sox,moneyline,betmgm,135,-170,,,
2026-07-11T01:12:47,2026-07-10,MLB,New York Mets,Boston Red Sox,spread,betmgm,-165,130,,,
2026-07-11T01:12:47,2026-07-10,MLB,New York Mets,Boston Red Sox,total,betmgm,,,-105,-120,7.5
2026-07-11T01:12:47,2026-07-10,MLB,Chicago White Sox,Athletics,moneyline,fanduel,-900,520,,,
2026-07-11T01:12:47,2026-07-10,MLB,Chicago White Sox,Athletics,spread,fanduel,-162,122,,,
2026-07-11T01:12:47,2026-07-10,MLB,Chicago White Sox,Athletics,total,fanduel,,,102,-136,8.5
2026-07-12T01:14:43,2026-07-11,MLB,Texas Rangers,Houston Astros,moneyline,fanduel,3000,-20000,,,
2026-07-12T01:14:43,2026-07-11,MLB,Texas Rangers,Houston Astros,spread,fanduel,110,-146,,,
2026-07-12T01:14:43,2026-07-11,MLB,Texas Rangers,Houston Astros,total,fanduel,,,124,-166,10.5
2026-07-11T17:41:51,2026-07-11,MLB,Minnesota Twins,Los Angeles Angels,moneyline,fanduel,-172,144,,,
2026-07-11T17:41:51,2026-07-11,MLB,Minnesota Twins,Los Angeles Angels,spread,fanduel,118,-142,,,
2026-07-11T17:41:51,2026-07-11,MLB,Minnesota Twins,Los Angeles Angels,total,fanduel,,,-108,-112,9.0
2026-07-12T01:14:43,2026-07-11,MLB,St. Louis Cardinals,Atlanta Braves,moneyline,draftkings,-7500,1200,,,
2026-07-12T01:14:43,2026-07-11,MLB,St. Louis Cardinals,Atlanta Braves,spread,draftkings,-270,199,,,
2026-07-12T01:14:43,2026-07-11,MLB,St. Louis Cardinals,Atlanta Braves,total,draftkings,,,-133,102,5.5
2026-07-12T01:14:43,2026-07-11,MLB,St. Louis Cardinals,Atlanta Braves,moneyline,betmgm,-10000,1550,,,
2026-07-12T01:14:43,2026-07-11,MLB,St. Louis Cardinals,Atlanta Braves,spread,betmgm,-275,210,,,
2026-07-12T01:14:43,2026-07-11,MLB,St. Louis Cardinals,Atlanta Braves,total,betmgm,,,-120,-105,5.5
2026-07-11T01:12:47,2026-07-11,MLB,San Diego Padres,Toronto Blue Jays,moneyline,fanduel,-120,102,,,
2026-07-11T01:12:47,2026-07-11,MLB,San Diego Padres,Toronto Blue Jays,spread,fanduel,-200,164,,,
2026-07-11T01:12:47,2026-07-11,MLB,San Diego Padres,Toronto Blue Jays,total,fanduel,,,-110,-110,8.5
2026-07-11T01:12:47,2026-07-11,MLB,Los Angeles Dodgers,Arizona Diamondbacks,moneyline,fanduel,-205,172,,,
2026-07-11T01:12:47,2026-07-11,MLB,Los Angeles Dodgers,Arizona Diamondbacks,spread,fanduel,105,-126,,,
2026-07-11T01:12:47,2026-07-11,MLB,Los Angeles Dodgers,Arizona Diamondbacks,total,fanduel,,,104,-128,9.5
2026-07-11T17:41:51,2026-07-11,MLB,San Francisco Giants,Colorado Rockies,moneyline,fanduel,-146,124,,,
2026-07-11T17:41:51,2026-07-11,MLB,San Francisco Giants,Colorado Rockies,spread,fanduel,142,-172,,,
2026-07-11T17:41:51,2026-07-11,MLB,San Francisco Giants,Colorado Rockies,total,fanduel,,,-118,-104,8.5
2026-07-10T18:13:05,2026-07-10,MLB,Detroit Tigers,Philadelphia Phillies,moneyline,draftkings,-120,-101,,,
2026-07-11T01:12:47,2026-07-10,MLB,Detroit Tigers,Philadelphia Phillies,spread,draftkings,-8400,1220,,,
2026-07-11T01:12:47,2026-07-10,MLB,Detroit Tigers,Philadelphia Phillies,total,draftkings,,,1220,-8400,12.5
2026-07-10T18:13:05,2026-07-10,MLB,Detroit Tigers,Philadelphia Phillies,moneyline,betmgm,-120,100,,,
2026-07-11T01:12:47,2026-07-10,MLB,Detroit Tigers,Philadelphia Phillies,spread,betmgm,-10000,1450,,,
2026-07-11T01:12:47,2026-07-10,MLB,Detroit Tigers,Philadelphia Phillies,total,betmgm,,,1450,-10000,12.5
2026-07-11T01:12:47,2026-07-10,MLB,Chicago White Sox,Athletics,moneyline,draftkings,-860,492,,,
2026-07-11T01:12:47,2026-07-10,MLB,Chicago White Sox,Athletics,spread,draftkings,-152,117,,,
2026-07-11T01:12:47,2026-07-10,MLB,Chicago White Sox,Athletics,total,draftkings,,,-106,-122,8.5
2026-07-11T01:12:47,2026-07-10,MLB,Chicago White Sox,Athletics,moneyline,betmgm,-1000,600,,,
2026-07-11T01:12:47,2026-07-10,MLB,Chicago White Sox,Athletics,spread,betmgm,115,-150,,,
2026-07-11T01:12:47,2026-07-10,MLB,Chicago White Sox,Athletics,total,betmgm,,,-145,110,7.5
2026-07-11T17:41:51,2026-07-11,MLB,Texas Rangers,Houston Astros,moneyline,draftkings,-117,-103,,,
2026-07-12T01:14:43,2026-07-11,MLB,Texas Rangers,Houston Astros,spread,draftkings,107,-139,,,
2026-07-12T01:14:43,2026-07-11,MLB,Texas Rangers,Houston Astros,total,draftkings,,,123,-161,10.5
2026-07-11T17:41:51,2026-07-11,MLB,Texas Rangers,Houston Astros,moneyline,betmgm,-120,100,,,
2026-07-12T01:14:43,2026-07-11,MLB,Texas Rangers,Houston Astros,spread,betmgm,110,-145,,,
2026-07-12T01:14:43,2026-07-11,MLB,Texas Rangers,Houston Astros,total,betmgm,,,-160,125,9.5
2026-07-11T17:41:51,2026-07-11,MLB,Minnesota Twins,Los Angeles Angels,moneyline,draftkings,-180,148,,,
2026-07-11T17:41:51,2026-07-11,MLB,Minnesota Twins,Los Angeles Angels,spread,draftkings,113,-136,,,
2026-07-11T17:41:51,2026-07-11,MLB,Minnesota Twins,Los Angeles Angels,total,draftkings,,,-107,-112,9.0
2026-07-11T17:41:51,2026-07-11,MLB,Minnesota Twins,Los Angeles Angels,moneyline,betmgm,-180,145,,,
2026-07-11T17:41:51,2026-07-11,MLB,Minnesota Twins,Los Angeles Angels,spread,betmgm,110,-135,,,
2026-07-11T17:41:51,2026-07-11,MLB,Minnesota Twins,Los Angeles Angels,total,betmgm,,,-110,-110,9.0
2026-07-11T01:12:47,2026-07-11,MLB,San Diego Padres,Toronto Blue Jays,moneyline,betmgm,-120,100,,,
2026-07-11T01:12:47,2026-07-11,MLB,San Diego Padres,Toronto Blue Jays,spread,betmgm,-200,165,,,
2026-07-11T01:12:47,2026-07-11,MLB,San Diego Padres,Toronto Blue Jays,total,betmgm,,,-110,-110,8.5
2026-07-11T01:12:47,2026-07-11,MLB,San Diego Padres,Toronto Blue Jays,moneyline,draftkings,-120,-101,,,
2026-07-11T01:12:47,2026-07-11,MLB,San Diego Padres,Toronto Blue Jays,spread,draftkings,-201,164,,,
2026-07-11T01:12:47,2026-07-11,MLB,San Diego Padres,Toronto Blue Jays,total,draftkings,,,-111,-109,8.5
2026-07-11T01:12:47,2026-07-11,MLB,Los Angeles Dodgers,Arizona Diamondbacks,moneyline,draftkings,-207,169,,,
2026-07-11T01:12:47,2026-07-11,MLB,Los Angeles Dodgers,Arizona Diamondbacks,spread,draftkings,-103,-117,,,
2026-07-11T01:12:47,2026-07-11,MLB,Los Angeles Dodgers,Arizona Diamondbacks,total,draftkings,,,-113,-106,9.0
2026-07-11T01:12:47,2026-07-11,MLB,Los Angeles Dodgers,Arizona Diamondbacks,moneyline,betmgm,-210,170,,,
2026-07-11T01:12:47,2026-07-11,MLB,Los Angeles Dodgers,Arizona Diamondbacks,spread,betmgm,100,-120,,,
2026-07-11T01:12:47,2026-07-11,MLB,Los Angeles Dodgers,Arizona Diamondbacks,total,betmgm,,,-115,-105,9.0
2026-07-11T17:41:51,2026-07-11,MLB,San Francisco Giants,Colorado Rockies,moneyline,draftkings,-149,124,,,
2026-07-11T17:41:51,2026-07-11,MLB,San Francisco Giants,Colorado Rockies,spread,draftkings,139,-168,,,
2026-07-11T17:41:51,2026-07-11,MLB,San Francisco Giants,Colorado Rockies,total,draftkings,,,-118,-102,8.5
2026-07-11T17:41:51,2026-07-11,MLB,San Francisco Giants,Colorado Rockies,moneyline,betmgm,-150,125,,,
2026-07-11T17:41:51,2026-07-11,MLB,San Francisco Giants,Colorado Rockies,spread,betmgm,135,-165,,,
2026-07-11T17:41:51,2026-07-11,MLB,San Francisco Giants,Colorado Rockies,total,betmgm,,,-118,-102,8.5
2026-07-11T17:41:51,2026-07-11,MLB,Chicago White Sox,Athletics,moneyline,fanduel,-124,106,,,
2026-07-11T17:41:51,2026-07-11,MLB,Chicago White Sox,Athletics,spread,fanduel,164,-200,,,
2026-07-11T17:41:51,2026-07-11,MLB,Chicago White Sox,Athletics,total,fanduel,,,-118,-104,8.5
2026-07-11T17:41:51,2026-07-11,MLB,Pittsburgh Pirates,Milwaukee Brewers,moneyline,fanduel,110,-130,,,
2026-07-11T17:41:51,2026-07-11,MLB,Pittsburgh Pirates,Milwaukee Brewers,spread,fanduel,-146,122,,,
2026-07-11T17:41:51,2026-07-11,MLB,Pittsburgh Pirates,Milwaukee Brewers,total,fanduel,,,-110,-110,9.0
2026-07-11T17:41:51,2026-07-11,MLB,Washington Nationals,New York Yankees,moneyline,fanduel,166,-198,,,
2026-07-11T17:41:51,2026-07-11,MLB,Washington Nationals,New York Yankees,spread,fanduel,-102,-118,,,
2026-07-11T17:41:51,2026-07-11,MLB,Washington Nationals,New York Yankees,total,fanduel,,,-110,-110,9.0
2026-07-11T17:41:51,2026-07-11,MLB,Miami Marlins,Cleveland Guardians,moneyline,fanduel,-154,130,,,
2026-07-11T17:41:51,2026-07-11,MLB,Miami Marlins,Cleveland Guardians,spread,fanduel,134,-162,,,
2026-07-11T17:41:51,2026-07-11,MLB,Miami Marlins,Cleveland Guardians,total,fanduel,,,-122,100,7.5
2026-07-11T17:41:51,2026-07-11,MLB,Tampa Bay Rays,Seattle Mariners,moneyline,fanduel,-112,-104,,,
2026-07-11T17:41:51,2026-07-11,MLB,Tampa Bay Rays,Seattle Mariners,spread,fanduel,-200,164,,,
2026-07-11T17:41:51,2026-07-11,MLB,Tampa Bay Rays,Seattle Mariners,total,fanduel,,,-115,-105,7.0
2026-07-11T17:41:51,2026-07-11,MLB,Detroit Tigers,Philadelphia Phillies,moneyline,fanduel,120,-142,,,
2026-07-11T17:41:51,2026-07-11,MLB,Detroit Tigers,Philadelphia Phillies,spread,fanduel,-142,118,,,
2026-07-11T17:41:51,2026-07-11,MLB,Detroit Tigers,Philadelphia Phillies,total,fanduel,,,-114,-106,7.5
2026-07-11T17:41:51,2026-07-11,MLB,Baltimore Orioles,Kansas City Royals,moneyline,fanduel,-154,130,,,
2026-07-12T01:14:43,2026-07-11,MLB,Baltimore Orioles,Kansas City Royals,spread,fanduel,-340,235,,,
2026-07-12T01:14:43,2026-07-11,MLB,Baltimore Orioles,Kansas City Royals,total,fanduel,,,235,-340,7.5
2026-07-12T01:14:43,2026-07-11,MLB,Cincinnati Reds,Chicago Cubs,moneyline,fanduel,320,-460,,,
2026-07-12T01:14:43,2026-07-11,MLB,Cincinnati Reds,Chicago Cubs,spread,fanduel,-188,140,,,
2026-07-12T01:14:43,2026-07-11,MLB,Cincinnati Reds,Chicago Cubs,total,fanduel,,,108,-144,11.5
2026-07-12T17:45:40,2026-07-12,MLB,San Diego Padres,Toronto Blue Jays,moneyline,fanduel,108,-126,,,
2026-07-12T17:45:40,2026-07-12,MLB,San Diego Padres,Toronto Blue Jays,spread,fanduel,-154,128,,,
2026-07-12T17:45:40,2026-07-12,MLB,San Diego Padres,Toronto Blue Jays,total,fanduel,,,-120,-102,8.5
2026-07-12T17:45:40,2026-07-12,MLB,Los Angeles Dodgers,Arizona Diamondbacks,moneyline,fanduel,-225,188,,,
2026-07-12T17:45:40,2026-07-12,MLB,Los Angeles Dodgers,Arizona Diamondbacks,spread,fanduel,-104,-115,,,
2026-07-12T17:45:40,2026-07-12,MLB,Los Angeles Dodgers,Arizona Diamondbacks,total,fanduel,,,-104,-118,9.5
2026-07-11T17:41:51,2026-07-11,MLB,Washington Nationals,New York Yankees,moneyline,draftkings,168,-205,,,
2026-07-11T17:41:51,2026-07-11,MLB,Washington Nationals,New York Yankees,spread,draftkings,101,-122,,,
2026-07-11T17:41:51,2026-07-11,MLB,Washington Nationals,New York Yankees,total,draftkings,,,-105,-114,9.0
2026-07-11T17:41:51,2026-07-11,MLB,Washington Nationals,New York Yankees,moneyline,betmgm,165,-200,,,
2026-07-11T17:41:51,2026-07-11,MLB,Washington Nationals,New York Yankees,spread,betmgm,100,-120,,,
2026-07-11T17:41:51,2026-07-11,MLB,Washington Nationals,New York Yankees,total,betmgm,,,-105,-115,9.0
2026-07-11T17:41:51,2026-07-11,MLB,Chicago White Sox,Athletics,moneyline,draftkings,-117,-103,,,
2026-07-11T17:41:51,2026-07-11,MLB,Chicago White Sox,Athletics,spread,draftkings,-193,158,,,
2026-07-11T17:41:51,2026-07-11,MLB,Chicago White Sox,Athletics,total,draftkings,,,-119,-101,8.5
2026-07-11T17:41:51,2026-07-11,MLB,Chicago White Sox,Athletics,moneyline,betmgm,-125,105,,,
2026-07-11T17:41:51,2026-07-11,MLB,Chicago White Sox,Athletics,spread,betmgm,165,-200,,,
2026-07-11T17:41:51,2026-07-11,MLB,Chicago White Sox,Athletics,total,betmgm,,,-115,-105,8.5
2026-07-11T17:41:51,2026-07-11,MLB,Miami Marlins,Cleveland Guardians,moneyline,draftkings,-155,128,,,
2026-07-11T17:41:51,2026-07-11,MLB,Miami Marlins,Cleveland Guardians,spread,draftkings,139,-169,,,
2026-07-11T17:41:51,2026-07-11,MLB,Miami Marlins,Cleveland Guardians,total,draftkings,,,-101,-119,8.0
2026-07-11T17:41:51,2026-07-11,MLB,Miami Marlins,Cleveland Guardians,moneyline,betmgm,-155,125,,,
2026-07-11T17:41:51,2026-07-11,MLB,Miami Marlins,Cleveland Guardians,spread,betmgm,135,-165,,,
2026-07-11T17:41:51,2026-07-11,MLB,Miami Marlins,Cleveland Guardians,total,betmgm,,,-120,100,7.5
2026-07-11T17:41:51,2026-07-11,MLB,Tampa Bay Rays,Seattle Mariners,moneyline,draftkings,-115,-105,,,
2026-07-11T17:41:51,2026-07-11,MLB,Tampa Bay Rays,Seattle Mariners,spread,draftkings,-194,159,,,
2026-07-11T17:41:51,2026-07-11,MLB,Tampa Bay Rays,Seattle Mariners,total,draftkings,,,-114,-106,7.0
2026-07-11T17:41:51,2026-07-11,MLB,Tampa Bay Rays,Seattle Mariners,moneyline,betmgm,-115,-105,,,
2026-07-11T17:41:51,2026-07-11,MLB,Tampa Bay Rays,Seattle Mariners,spread,betmgm,-200,165,,,
2026-07-11T17:41:51,2026-07-11,MLB,Tampa Bay Rays,Seattle Mariners,total,betmgm,,,-115,-105,7.0
2026-07-11T17:41:51,2026-07-11,MLB,Detroit Tigers,Philadelphia Phillies,moneyline,draftkings,119,-143,,,
2026-07-11T17:41:51,2026-07-11,MLB,Detroit Tigers,Philadelphia Phillies,spread,draftkings,-149,124,,,
2026-07-11T17:41:51,2026-07-11,MLB,Detroit Tigers,Philadelphia Phillies,total,draftkings,,,-113,-107,7.5
2026-07-11T17:41:51,2026-07-11,MLB,Detroit Tigers,Philadelphia Phillies,moneyline,betmgm,118,-145,,,
2026-07-11T17:41:51,2026-07-11,MLB,Detroit Tigers,Philadelphia Phillies,spread,betmgm,-155,125,,,
2026-07-11T17:41:51,2026-07-11,MLB,Detroit Tigers,Philadelphia Phillies,total,betmgm,,,-115,-105,7.5
2026-07-11T17:41:51,2026-07-11,MLB,Baltimore Orioles,Kansas City Royals,moneyline,draftkings,-157,130,,,
2026-07-12T01:14:43,2026-07-11,MLB,Baltimore Orioles,Kansas City Royals,spread,draftkings,-319,230,,,
2026-07-12T01:14:43,2026-07-11,MLB,Baltimore Orioles,Kansas City Royals,total,draftkings,,,230,-319,7.5
2026-07-12T01:14:43,2026-07-11,MLB,Baltimore Orioles,Kansas City Royals,moneyline,betmgm,-10000,3300,,,
2026-07-12T01:14:43,2026-07-11,MLB,Baltimore Orioles,Kansas City Royals,spread,betmgm,-295,220,,,
2026-07-12T01:14:43,2026-07-11,MLB,Baltimore Orioles,Kansas City Royals,total,betmgm,,,220,-295,7.5
2026-07-12T01:14:43,2026-07-11,MLB,Cincinnati Reds,Chicago Cubs,moneyline,draftkings,311,-457,,,
2026-07-12T01:14:43,2026-07-11,MLB,Cincinnati Reds,Chicago Cubs,spread,draftkings,-175,133,,,
2026-07-12T01:14:43,2026-07-11,MLB,Cincinnati Reds,Chicago Cubs,total,draftkings,,,115,-150,11.5
2026-07-12T01:14:43,2026-07-11,MLB,Cincinnati Reds,Chicago Cubs,moneyline,betmgm,425,-625,,,
2026-07-12T01:14:43,2026-07-11,MLB,Cincinnati Reds,Chicago Cubs,spread,betmgm,-175,135,,,
2026-07-12T01:14:43,2026-07-11,MLB,Cincinnati Reds,Chicago Cubs,total,betmgm,,,-160,125,10.5
2026-07-12T17:45:40,2026-07-12,MLB,San Diego Padres,Toronto Blue Jays,moneyline,draftkings,109,-131,,,
2026-07-12T17:45:40,2026-07-12,MLB,San Diego Padres,Toronto Blue Jays,spread,draftkings,-150,125,,,
2026-07-12T17:45:40,2026-07-12,MLB,San Diego Padres,Toronto Blue Jays,total,draftkings,,,-120,-101,8.5
2026-07-12T17:45:40,2026-07-12,MLB,San Diego Padres,Toronto Blue Jays,moneyline,betmgm,115,-135,,,
2026-07-12T17:45:40,2026-07-12,MLB,San Diego Padres,Toronto Blue Jays,spread,betmgm,-150,125,,,
2026-07-12T17:45:40,2026-07-12,MLB,San Diego Padres,Toronto Blue Jays,total,betmgm,,,-120,100,8.5
2026-07-12T17:45:40,2026-07-12,MLB,Los Angeles Dodgers,Arizona Diamondbacks,moneyline,draftkings,-225,183,,,
2026-07-12T17:45:40,2026-07-12,MLB,Los Angeles Dodgers,Arizona Diamondbacks,spread,draftkings,-112,-107,,,
2026-07-12T17:45:40,2026-07-12,MLB,Los Angeles Dodgers,Arizona Diamondbacks,total,draftkings,,,-102,-118,9.5
2026-07-12T17:45:40,2026-07-12,MLB,Los Angeles Dodgers,Arizona Diamondbacks,moneyline,betmgm,-225,185,,,
2026-07-12T17:45:40,2026-07-12,MLB,Los Angeles Dodgers,Arizona Diamondbacks,spread,betmgm,-115,-105,,,
2026-07-12T17:45:40,2026-07-12,MLB,Los Angeles Dodgers,Arizona Diamondbacks,total,betmgm,,,-102,-118,9.5
2026-07-11T17:41:51,2026-07-11,MLB,Pittsburgh Pirates,Milwaukee Brewers,moneyline,betmgm,110,-135,,,
2026-07-11T17:41:51,2026-07-11,MLB,Pittsburgh Pirates,Milwaukee Brewers,spread,betmgm,-145,120,,,
2026-07-11T17:41:51,2026-07-11,MLB,Pittsburgh Pirates,Milwaukee Brewers,total,betmgm,,,-115,-105,9.0
2026-07-11T17:41:51,2026-07-11,MLB,Pittsburgh Pirates,Milwaukee Brewers,moneyline,draftkings,109,-132,,,
2026-07-11T17:41:51,2026-07-11,MLB,Pittsburgh Pirates,Milwaukee Brewers,spread,draftkings,-144,119,,,
2026-07-11T17:41:51,2026-07-11,MLB,Pittsburgh Pirates,Milwaukee Brewers,total,draftkings,,,-112,-107,9.0
2026-07-11T17:41:51,2026-07-11,MLB,New York Mets,Boston Red Sox,moneyline,fanduel,-156,132,,,
2026-07-11T17:41:51,2026-07-11,MLB,New York Mets,Boston Red Sox,spread,fanduel,146,-178,,,
2026-07-11T17:41:51,2026-07-11,MLB,New York Mets,Boston Red Sox,total,fanduel,,,-115,-105,7.5
2026-07-11T17:41:51,2026-07-11,MLB,New York Mets,Boston Red Sox,moneyline,draftkings,-156,129,,,
2026-07-11T17:41:51,2026-07-11,MLB,New York Mets,Boston Red Sox,spread,draftkings,138,-167,,,
2026-07-11T17:41:51,2026-07-11,MLB,New York Mets,Boston Red Sox,total,draftkings,,,-117,-103,7.5
2026-07-11T17:41:51,2026-07-11,MLB,New York Mets,Boston Red Sox,moneyline,betmgm,-155,125,,,
2026-07-11T17:41:51,2026-07-11,MLB,New York Mets,Boston Red Sox,spread,betmgm,135,-160,,,
2026-07-11T17:41:51,2026-07-11,MLB,New York Mets,Boston Red Sox,total,betmgm,,,-118,-102,7.5
2026-07-12T01:14:43,2026-07-12,MLB,Pittsburgh Pirates,Milwaukee Brewers,moneyline,fanduel,-120,102,,,
2026-07-12T17:45:40,2026-07-12,MLB,Pittsburgh Pirates,Milwaukee Brewers,spread,fanduel,-108,-122,,,
2026-07-12T17:45:40,2026-07-12,MLB,Pittsburgh Pirates,Milwaukee Brewers,total,fanduel,,,108,-144,19.5
2026-07-12T01:14:43,2026-07-12,MLB,Pittsburgh Pirates,Milwaukee Brewers,moneyline,draftkings,-126,105,,,
2026-07-12T17:45:40,2026-07-12,MLB,Pittsburgh Pirates,Milwaukee Brewers,spread,draftkings,-118,-110,,,
2026-07-12T17:45:40,2026-07-12,MLB,Pittsburgh Pirates,Milwaukee Brewers,total,draftkings,,,109,-142,19.5
2026-07-12T17:45:40,2026-07-12,MLB,Baltimore Orioles,Kansas City Royals,moneyline,fanduel,-170,132,,,
2026-07-12T17:45:40,2026-07-12,MLB,Baltimore Orioles,Kansas City Royals,spread,fanduel,124,-166,,,
2026-07-12T17:45:40,2026-07-12,MLB,Baltimore Orioles,Kansas City Royals,total,fanduel,,,-106,-125,9.5
2026-07-12T17:45:40,2026-07-12,MLB,Baltimore Orioles,Kansas City Royals,moneyline,draftkings,-164,126,,,
2026-07-12T17:45:40,2026-07-12,MLB,Baltimore Orioles,Kansas City Royals,spread,draftkings,125,-163,,,
2026-07-12T17:45:40,2026-07-12,MLB,Baltimore Orioles,Kansas City Royals,total,draftkings,,,104,-135,9.5
2026-07-12T17:45:40,2026-07-12,MLB,Baltimore Orioles,Kansas City Royals,moneyline,betmgm,-185,145,,,
2026-07-12T17:45:40,2026-07-12,MLB,Baltimore Orioles,Kansas City Royals,spread,betmgm,110,-145,,,
2026-07-12T17:45:40,2026-07-12,MLB,Baltimore Orioles,Kansas City Royals,total,betmgm,,,-105,-120,9.5
2026-07-12T17:45:40,2026-07-12,MLB,Washington Nationals,New York Yankees,moneyline,fanduel,-162,126,,,
2026-07-12T17:45:40,2026-07-12,MLB,Washington Nationals,New York Yankees,spread,fanduel,130,-174,,,
2026-07-12T17:45:40,2026-07-12,MLB,Washington Nationals,New York Yankees,total,fanduel,,,-132,100,8.5
2026-07-12T17:45:40,2026-07-12,MLB,New York Mets,Boston Red Sox,moneyline,fanduel,-130,102,,,
2026-07-12T17:45:40,2026-07-12,MLB,New York Mets,Boston Red Sox,spread,fanduel,172,-235,,,
2026-07-12T17:45:40,2026-07-12,MLB,New York Mets,Boston Red Sox,total,fanduel,,,-118,-112,7.5
2026-07-12T17:45:40,2026-07-12,MLB,New York Mets,Boston Red Sox,moneyline,draftkings,-124,-104,,,
2026-07-12T17:45:40,2026-07-12,MLB,New York Mets,Boston Red Sox,total,draftkings,,,-105,-123,7.5
2026-07-12T17:45:40,2026-07-12,MLB,Cincinnati Reds,Chicago Cubs,moneyline,fanduel,126,-162,,,
2026-07-12T17:45:40,2026-07-12,MLB,Cincinnati Reds,Chicago Cubs,spread,fanduel,-138,104,,,
2026-07-12T17:45:40,2026-07-12,MLB,Cincinnati Reds,Chicago Cubs,total,fanduel,,,-114,-114,9.5
2026-07-12T17:45:40,2026-07-12,MLB,Cincinnati Reds,Chicago Cubs,moneyline,draftkings,134,-176,,,
2026-07-12T17:45:40,2026-07-12,MLB,Cincinnati Reds,Chicago Cubs,spread,draftkings,-120,-108,,,
2026-07-12T17:45:40,2026-07-12,MLB,Cincinnati Reds,Chicago Cubs,total,draftkings,,,-113,-115,9.5
2026-07-12T17:45:40,2026-07-12,MLB,Cincinnati Reds,Chicago Cubs,moneyline,betmgm,125,-155,,,
2026-07-12T17:45:40,2026-07-12,MLB,Cincinnati Reds,Chicago Cubs,spread,betmgm,-140,110,,,
2026-07-12T17:45:40,2026-07-12,MLB,Cincinnati Reds,Chicago Cubs,total,betmgm,,,-105,-120,9.5
2026-07-12T17:45:40,2026-07-12,MLB,Miami Marlins,Cleveland Guardians,moneyline,fanduel,186,-245,,,
2026-07-12T17:45:40,2026-07-12,MLB,Miami Marlins,Cleveland Guardians,spread,fanduel,104,-138,,,
2026-07-12T17:45:40,2026-07-12,MLB,Miami Marlins,Cleveland Guardians,total,fanduel,,,100,-132,9.5
2026-07-12T17:45:40,2026-07-12,MLB,Miami Marlins,Cleveland Guardians,moneyline,draftkings,155,-205,,,
2026-07-12T17:45:40,2026-07-12,MLB,Miami Marlins,Cleveland Guardians,spread,draftkings,-103,-126,,,
2026-07-12T17:45:40,2026-07-12,MLB,Miami Marlins,Cleveland Guardians,total,draftkings,,,-106,-122,9.5
2026-07-12T17:45:40,2026-07-12,MLB,Detroit Tigers,Philadelphia Phillies,moneyline,fanduel,-162,126,,,
2026-07-12T17:45:40,2026-07-12,MLB,Detroit Tigers,Philadelphia Phillies,spread,fanduel,146,-198,,,
2026-07-12T17:45:40,2026-07-12,MLB,Detroit Tigers,Philadelphia Phillies,total,fanduel,,,-130,-102,6.5
2026-07-12T17:45:40,2026-07-12,MLB,Detroit Tigers,Philadelphia Phillies,moneyline,draftkings,-153,117,,,
2026-07-12T17:45:40,2026-07-12,MLB,Detroit Tigers,Philadelphia Phillies,spread,draftkings,141,-186,,,
2026-07-12T17:45:40,2026-07-12,MLB,Detroit Tigers,Philadelphia Phillies,total,draftkings,,,-134,103,6.5
2026-07-12T17:45:40,2026-07-12,MLB,Detroit Tigers,Philadelphia Phillies,moneyline,betmgm,-155,125,,,
2026-07-12T17:45:40,2026-07-12,MLB,Detroit Tigers,Philadelphia Phillies,spread,betmgm,155,-200,,,
2026-07-12T17:45:40,2026-07-12,MLB,Detroit Tigers,Philadelphia Phillies,total,betmgm,,,-135,105,6.5
2026-07-12T17:45:40,2026-07-12,MLB,Tampa Bay Rays,Seattle Mariners,moneyline,fanduel,-180,140,,,
2026-07-12T17:45:40,2026-07-12,MLB,Tampa Bay Rays,Seattle Mariners,spread,fanduel,124,-166,,,
2026-07-12T17:45:40,2026-07-12,MLB,Tampa Bay Rays,Seattle Mariners,total,fanduel,,,-118,-112,7.5
2026-07-12T17:45:40,2026-07-12,MLB,Tampa Bay Rays,Seattle Mariners,moneyline,draftkings,-199,151,,,
2026-07-12T17:45:40,2026-07-12,MLB,Tampa Bay Rays,Seattle Mariners,spread,draftkings,117,-153,,,
2026-07-12T17:45:40,2026-07-12,MLB,Tampa Bay Rays,Seattle Mariners,total,draftkings,,,-105,-123,7.5
2026-07-12T17:45:40,2026-07-12,MLB,Tampa Bay Rays,Seattle Mariners,moneyline,betmgm,-180,140,,,
2026-07-12T17:45:40,2026-07-12,MLB,Tampa Bay Rays,Seattle Mariners,spread,betmgm,125,-160,,,
2026-07-12T17:45:40,2026-07-12,MLB,Tampa Bay Rays,Seattle Mariners,total,betmgm,,,-110,-118,7.5
2026-07-12T17:45:40,2026-07-12,MLB,Chicago White Sox,Athletics,moneyline,fanduel,-146,124,,,
2026-07-12T17:45:40,2026-07-12,MLB,Chicago White Sox,Athletics,spread,fanduel,146,-178,,,
2026-07-12T17:45:40,2026-07-12,MLB,Chicago White Sox,Athletics,total,fanduel,,,-118,-104,8.5
2026-07-12T17:45:40,2026-07-12,MLB,Chicago White Sox,Athletics,moneyline,draftkings,-156,129,,,
2026-07-12T17:45:40,2026-07-12,MLB,Chicago White Sox,Athletics,spread,draftkings,139,-168,,,
2026-07-12T17:45:40,2026-07-12,MLB,Chicago White Sox,Athletics,total,draftkings,,,-105,-114,9.0
2026-07-12T17:45:40,2026-07-12,MLB,Chicago White Sox,Athletics,moneyline,betmgm,-155,130,,,
2026-07-12T17:45:40,2026-07-12,MLB,Chicago White Sox,Athletics,spread,betmgm,135,-165,,,
2026-07-12T17:45:40,2026-07-12,MLB,Chicago White Sox,Athletics,total,betmgm,,,100,-120,9.0
2026-07-12T17:45:40,2026-07-12,MLB,Minnesota Twins,Los Angeles Angels,moneyline,fanduel,-132,112,,,
2026-07-12T17:45:40,2026-07-12,MLB,Minnesota Twins,Los Angeles Angels,spread,fanduel,160,-194,,,
2026-07-12T17:45:40,2026-07-12,MLB,Minnesota Twins,Los Angeles Angels,total,fanduel,,,-104,-118,9.5
2026-07-12T17:45:40,2026-07-12,MLB,Minnesota Twins,Los Angeles Angels,moneyline,draftkings,-132,109,,,
2026-07-12T17:45:40,2026-07-12,MLB,Minnesota Twins,Los Angeles Angels,spread,draftkings,152,-185,,,
2026-07-12T17:45:40,2026-07-12,MLB,Minnesota Twins,Los Angeles Angels,total,draftkings,,,-119,-102,9.0
2026-07-12T17:45:40,2026-07-12,MLB,Minnesota Twins,Los Angeles Angels,moneyline,betmgm,-135,115,,,
2026-07-12T17:45:40,2026-07-12,MLB,Minnesota Twins,Los Angeles Angels,spread,betmgm,150,-185,,,
2026-07-12T17:45:40,2026-07-12,MLB,Minnesota Twins,Los Angeles Angels,total,betmgm,,,-120,100,9.0
2026-07-12T17:45:40,2026-07-12,MLB,St. Louis Cardinals,Atlanta Braves,moneyline,fanduel,-130,110,,,
2026-07-12T17:45:40,2026-07-12,MLB,St. Louis Cardinals,Atlanta Braves,spread,fanduel,164,-200,,,
2026-07-12T17:45:40,2026-07-12,MLB,St. Louis Cardinals,Atlanta Braves,total,fanduel,,,-120,-102,7.5
2026-07-12T17:45:40,2026-07-12,MLB,St. Louis Cardinals,Atlanta Braves,moneyline,draftkings,-136,113,,,
2026-07-12T17:45:40,2026-07-12,MLB,St. Louis Cardinals,Atlanta Braves,spread,draftkings,153,-186,,,
2026-07-12T17:45:40,2026-07-12,MLB,St. Louis Cardinals,Atlanta Braves,total,draftkings,,,-112,-107,7.5
2026-07-12T17:45:40,2026-07-12,MLB,St. Louis Cardinals,Atlanta Braves,moneyline,betmgm,-135,110,,,
2026-07-12T17:45:40,2026-07-12,MLB,St. Louis Cardinals,Atlanta Braves,total,betmgm,,,-115,-105,7.5
2026-07-12T17:45:40,2026-07-12,MLB,San Francisco Giants,Colorado Rockies,moneyline,fanduel,-148,126,,,
2026-07-12T17:45:40,2026-07-12,MLB,San Francisco Giants,Colorado Rockies,spread,fanduel,140,-170,,,
2026-07-12T17:45:40,2026-07-12,MLB,San Francisco Giants,Colorado Rockies,total,fanduel,,,-118,-104,9.0
2026-07-12T17:45:40,2026-07-12,MLB,San Francisco Giants,Colorado Rockies,moneyline,draftkings,-149,124,,,
2026-07-12T17:45:40,2026-07-12,MLB,San Francisco Giants,Colorado Rockies,spread,draftkings,136,-165,,,
2026-07-12T17:45:40,2026-07-12,MLB,San Francisco Giants,Colorado Rockies,total,draftkings,,,-121,100,9.0
2026-07-12T17:45:40,2026-07-12,MLB,San Francisco Giants,Colorado Rockies,moneyline,betmgm,-150,125,,,
2026-07-12T17:45:40,2026-07-12,MLB,San Francisco Giants,Colorado Rockies,spread,betmgm,135,-160,,,
2026-07-12T17:45:40,2026-07-12,MLB,San Francisco Giants,Colorado Rockies,total,betmgm,,,100,-120,9.5
2026-07-12T17:45:40,2026-07-12,MLB,Pittsburgh Pirates,Milwaukee Brewers,spread,betmgm,-120,-105,,,
2026-07-12T17:45:40,2026-07-12,MLB,Pittsburgh Pirates,Milwaukee Brewers,total,betmgm,,,-110,-118,19.5
2026-07-12T17:45:40,2026-07-12,MLB,Washington Nationals,New York Yankees,moneyline,betmgm,-155,125,,,
2026-07-12T17:45:40,2026-07-12,MLB,Washington Nationals,New York Yankees,spread,betmgm,140,-180,,,
2026-07-12T17:45:40,2026-07-12,MLB,Washington Nationals,New York Yankees,total,betmgm,,,110,-145,9.5
2026-07-12T17:45:40,2026-07-12,MLB,Washington Nationals,New York Yankees,moneyline,draftkings,-223,167,,,
2026-07-12T17:45:40,2026-07-12,MLB,Washington Nationals,New York Yankees,spread,draftkings,-105,-123,,,
2026-07-12T17:45:40,2026-07-12,MLB,Washington Nationals,New York Yankees,total,draftkings,,,-108,-121,9.5
2026-07-12T17:45:40,2026-07-12,MLB,New York Mets,Boston Red Sox,spread,draftkings,-218,164,,,
2026-07-12T17:45:40,2026-07-12,MLB,New York Mets,Boston Red Sox,moneyline,betmgm,-135,105,,,
2026-07-12T17:45:40,2026-07-12,MLB,New York Mets,Boston Red Sox,spread,betmgm,170,-220,,,
2026-07-12T17:45:40,2026-07-12,MLB,New York Mets,Boston Red Sox,total,betmgm,,,-110,-118,7.5
2026-07-12T17:45:40,2026-07-12,MLB,Miami Marlins,Cleveland Guardians,moneyline,betmgm,185,-235,,,
2026-07-12T17:45:40,2026-07-12,MLB,Miami Marlins,Cleveland Guardians,spread,betmgm,110,-140,,,
2026-07-12T17:45:40,2026-07-12,MLB,Miami Marlins,Cleveland Guardians,total,betmgm,,,-105,-120,9.5
2026-07-12T17:45:40,2026-07-12,MLB,Texas Rangers,Houston Astros,moneyline,fanduel,-138,118,,,
2026-07-12T17:45:40,2026-07-12,MLB,Texas Rangers,Houston Astros,spread,fanduel,150,-182,,,
2026-07-12T17:45:40,2026-07-12,MLB,Texas Rangers,Houston Astros,total,fanduel,,,-104,-118,9.0
2026-07-12T17:45:40,2026-07-12,MLB,Texas Rangers,Houston Astros,moneyline,draftkings,-144,119,,,
2026-07-12T17:45:40,2026-07-12,MLB,Texas Rangers,Houston Astros,spread,draftkings,141,-171,,,
2026-07-12T17:45:40,2026-07-12,MLB,Texas Rangers,Houston Astros,total,draftkings,,,-110,-109,9.0
2026-07-12T17:45:40,2026-07-12,MLB,Texas Rangers,Houston Astros,moneyline,betmgm,-145,118,,,
2026-07-12T17:45:40,2026-07-12,MLB,Texas Rangers,Houston Astros,spread,betmgm,140,-170,,,
2026-07-12T17:45:40,2026-07-12,MLB,Texas Rangers,Houston Astros,total,betmgm,,,-105,-115,9.0
2026-07-15T01:02:45,2026-07-15,MLB,National League,American League,moneyline,fanduel,300,-440,,,
2026-07-15T01:02:45,2026-07-15,MLB,National League,American League,spread,fanduel,104,-138,,,
2026-07-15T01:02:45,2026-07-15,MLB,National League,American League,total,fanduel,,,106,-140,9.5
2026-07-15T01:02:45,2026-07-15,MLB,National League,American League,moneyline,betmgm,210,-275,,,
2026-07-15T01:02:45,2026-07-15,MLB,National League,American League,spread,betmgm,-145,110,,,
2026-07-15T01:02:45,2026-07-15,MLB,National League,American League,total,betmgm,,,-105,-120,9.5
2026-07-16T17:55:53,2026-07-16,MLB,Philadelphia Phillies,New York Mets,moneyline,fanduel,-130,110,,,
2026-07-16T17:55:53,2026-07-16,MLB,Philadelphia Phillies,New York Mets,spread,fanduel,150,-182,,,
2026-07-16T17:55:53,2026-07-16,MLB,Philadelphia Phillies,New York Mets,total,fanduel,,,-110,-110,9.5
2026-07-16T17:55:53,2026-07-16,MLB,Philadelphia Phillies,New York Mets,moneyline,betmgm,-130,110,,,
2026-07-16T17:55:53,2026-07-16,MLB,Philadelphia Phillies,New York Mets,spread,betmgm,150,-185,,,
2026-07-16T17:55:53,2026-07-16,MLB,Philadelphia Phillies,New York Mets,total,betmgm,,,-110,-110,9.5
2026-07-16T17:55:53,2026-07-16,MLB,Philadelphia Phillies,New York Mets,moneyline,draftkings,-131,109,,,
2026-07-16T17:55:53,2026-07-16,MLB,Philadelphia Phillies,New York Mets,spread,draftkings,149,-181,,,
2026-07-16T17:55:53,2026-07-16,MLB,Philadelphia Phillies,New York Mets,total,draftkings,,,-110,-110,9.5
2026-07-17T17:51:08,2026-07-17,MLB,Cleveland Guardians,Pittsburgh Pirates,moneyline,fanduel,-132,112,,,
2026-07-18T01:07:44,2026-07-17,MLB,Toronto Blue Jays,Chicago White Sox,moneyline,fanduel,1500,-7000,,,
2026-07-18T17:42:43,2026-07-18,MLB,Kansas City Royals,San Diego Padres,moneyline,fanduel,-106,-110,,,
2026-07-18T01:07:44,2026-07-17,MLB,Boston Red Sox,Tampa Bay Rays,moneyline,fanduel,-900,520,,,
2026-07-18T01:07:44,2026-07-17,MLB,Boston Red Sox,Tampa Bay Rays,spread,fanduel,152,-205,,,
2026-07-18T01:07:44,2026-07-17,MLB,Boston Red Sox,Tampa Bay Rays,total,fanduel,,,-122,-108,10.5
2026-07-18T01:07:44,2026-07-17,MLB,New York Yankees,Los Angeles Dodgers,moneyline,fanduel,240,-330,,,
2026-07-18T01:07:44,2026-07-17,MLB,New York Yankees,Los Angeles Dodgers,spread,fanduel,-174,130,,,
2026-07-18T01:07:44,2026-07-17,MLB,New York Yankees,Los Angeles Dodgers,total,fanduel,,,100,-132,5.5
2026-07-18T01:07:44,2026-07-17,MLB,New York Yankees,Los Angeles Dodgers,moneyline,draftkings,198,-269,,,
2026-07-18T01:07:44,2026-07-17,MLB,New York Yankees,Los Angeles Dodgers,spread,draftkings,-190,145,,,
2026-07-18T01:07:44,2026-07-17,MLB,New York Yankees,Los Angeles Dodgers,total,draftkings,,,112,-146,5.5
2026-07-18T01:07:44,2026-07-17,MLB,New York Yankees,Los Angeles Dodgers,moneyline,betmgm,225,-295,,,
2026-07-18T01:07:44,2026-07-17,MLB,New York Yankees,Los Angeles Dodgers,spread,betmgm,-185,140,,,
2026-07-18T01:07:44,2026-07-17,MLB,New York Yankees,Los Angeles Dodgers,total,betmgm,,,110,-140,5.5
2026-07-17T17:51:08,2026-07-17,MLB,Cleveland Guardians,Pittsburgh Pirates,spread,fanduel,168,-205,,,
2026-07-17T17:51:08,2026-07-17,MLB,Cleveland Guardians,Pittsburgh Pirates,total,fanduel,,,-114,-106,7.5
2026-07-17T17:51:08,2026-07-17,MLB,Cleveland Guardians,Pittsburgh Pirates,moneyline,draftkings,-131,109,,,
2026-07-17T17:51:08,2026-07-17,MLB,Cleveland Guardians,Pittsburgh Pirates,spread,draftkings,163,-199,,,
2026-07-17T17:51:08,2026-07-17,MLB,Cleveland Guardians,Pittsburgh Pirates,total,draftkings,,,-104,-115,7.5
2026-07-17T17:51:08,2026-07-17,MLB,Cleveland Guardians,Pittsburgh Pirates,moneyline,betmgm,-135,110,,,
2026-07-17T17:51:08,2026-07-17,MLB,Cleveland Guardians,Pittsburgh Pirates,spread,betmgm,165,-200,,,
2026-07-17T17:51:08,2026-07-17,MLB,Cleveland Guardians,Pittsburgh Pirates,total,betmgm,,,-110,-110,7.5
2026-07-18T01:07:44,2026-07-17,MLB,Toronto Blue Jays,Chicago White Sox,spread,fanduel,-182,136,,,
2026-07-18T01:07:44,2026-07-17,MLB,Toronto Blue Jays,Chicago White Sox,total,fanduel,,,-106,-125,14.5
2026-07-18T01:07:44,2026-07-17,MLB,Toronto Blue Jays,Chicago White Sox,moneyline,draftkings,1180,-7400,,,
2026-07-18T01:07:44,2026-07-17,MLB,Toronto Blue Jays,Chicago White Sox,spread,draftkings,-143,110,,,
2026-07-18T01:07:44,2026-07-17,MLB,Toronto Blue Jays,Chicago White Sox,total,draftkings,,,-129,-101,14.5
2026-07-18T01:07:44,2026-07-17,MLB,Toronto Blue Jays,Chicago White Sox,moneyline,betmgm,1400,-10000,,,
2026-07-18T01:07:44,2026-07-17,MLB,Toronto Blue Jays,Chicago White Sox,spread,betmgm,-135,105,,,
2026-07-18T01:07:44,2026-07-17,MLB,Toronto Blue Jays,Chicago White Sox,total,betmgm,,,-135,105,14.5
2026-07-18T17:42:43,2026-07-18,MLB,Kansas City Royals,San Diego Padres,spread,fanduel,-162,134,,,
2026-07-18T17:42:43,2026-07-18,MLB,Kansas City Royals,San Diego Padres,total,fanduel,,,-105,-115,11.0
2026-07-18T17:42:43,2026-07-18,MLB,Kansas City Royals,San Diego Padres,moneyline,draftkings,-108,-111,,,
2026-07-18T17:42:43,2026-07-18,MLB,Kansas City Royals,San Diego Padres,spread,draftkings,-167,138,,,
2026-07-18T17:42:43,2026-07-18,MLB,Kansas City Royals,San Diego Padres,total,draftkings,,,-108,-112,11.0
2026-07-18T17:42:43,2026-07-18,MLB,Kansas City Royals,San Diego Padres,moneyline,betmgm,-110,-110,,,
2026-07-18T17:42:43,2026-07-18,MLB,Kansas City Royals,San Diego Padres,spread,betmgm,-165,135,,,
2026-07-18T17:42:43,2026-07-18,MLB,Kansas City Royals,San Diego Padres,total,betmgm,,,-110,-110,11.0
2026-07-18T17:42:43,2026-07-18,MLB,Colorado Rockies,Cincinnati Reds,moneyline,fanduel,102,-120,,,
2026-07-18T17:42:43,2026-07-18,MLB,Colorado Rockies,Cincinnati Reds,spread,fanduel,-152,126,,,
2026-07-18T17:42:43,2026-07-18,MLB,Colorado Rockies,Cincinnati Reds,total,fanduel,,,-104,-118,12.5
2026-07-18T01:07:44,2026-07-17,MLB,Boston Red Sox,Tampa Bay Rays,moneyline,draftkings,-690,422,,,
2026-07-18T01:07:44,2026-07-17,MLB,Boston Red Sox,Tampa Bay Rays,spread,draftkings,-185,141,,,
2026-07-18T01:07:44,2026-07-17,MLB,Boston Red Sox,Tampa Bay Rays,total,draftkings,,,-123,-105,10.5
2026-07-18T01:07:44,2026-07-17,MLB,Boston Red Sox,Tampa Bay Rays,moneyline,betmgm,-625,425,,,
2026-07-18T01:07:44,2026-07-17,MLB,Boston Red Sox,Tampa Bay Rays,spread,betmgm,-190,145,,,
2026-07-18T01:07:44,2026-07-17,MLB,Boston Red Sox,Tampa Bay Rays,total,betmgm,,,-120,-105,10.5
2026-07-17T17:51:08,2026-07-17,MLB,Atlanta Braves,Texas Rangers,moneyline,fanduel,-215,180,,,
2026-07-18T01:07:44,2026-07-17,MLB,Atlanta Braves,Texas Rangers,spread,fanduel,130,-174,,,
2026-07-18T01:07:44,2026-07-17,MLB,Atlanta Braves,Texas Rangers,total,fanduel,,,120,-160,10.5
2026-07-17T17:51:08,2026-07-17,MLB,Atlanta Braves,Texas Rangers,moneyline,betmgm,-210,170,,,
2026-07-18T01:07:44,2026-07-17,MLB,Atlanta Braves,Texas Rangers,spread,betmgm,135,-175,,,
2026-07-18T01:07:44,2026-07-17,MLB,Atlanta Braves,Texas Rangers,total,betmgm,,,-160,125,9.5
2026-07-17T17:51:08,2026-07-17,MLB,Atlanta Braves,Texas Rangers,moneyline,draftkings,-205,168,,,
2026-07-18T01:07:44,2026-07-17,MLB,Atlanta Braves,Texas Rangers,spread,draftkings,134,-176,,,
2026-07-18T01:07:44,2026-07-17,MLB,Atlanta Braves,Texas Rangers,total,draftkings,,,-154,118,9.5
2026-07-18T01:07:44,2026-07-17,MLB,Milwaukee Brewers,Miami Marlins,moneyline,fanduel,-194,150,,,
2026-07-18T01:07:44,2026-07-17,MLB,Milwaukee Brewers,Miami Marlins,spread,fanduel,172,-235,,,
2026-07-18T01:07:44,2026-07-17,MLB,Milwaukee Brewers,Miami Marlins,total,fanduel,,,-136,102,5.5
2026-07-18T01:07:44,2026-07-17,MLB,Milwaukee Brewers,Miami Marlins,moneyline,draftkings,-196,148,,,
2026-07-18T01:07:44,2026-07-17,MLB,Milwaukee Brewers,Miami Marlins,spread,draftkings,167,-223,,,
2026-07-18T01:07:44,2026-07-17,MLB,Milwaukee Brewers,Miami Marlins,total,draftkings,,,-140,108,5.5
2026-07-18T01:07:44,2026-07-17,MLB,Milwaukee Brewers,Miami Marlins,moneyline,betmgm,-190,150,,,
2026-07-18T01:07:44,2026-07-17,MLB,Milwaukee Brewers,Miami Marlins,spread,betmgm,170,-220,,,
2026-07-18T01:07:44,2026-07-17,MLB,Milwaukee Brewers,Miami Marlins,total,betmgm,,,-145,110,5.5
2026-07-18T17:42:43,2026-07-18,MLB,Chicago Cubs,Minnesota Twins,moneyline,fanduel,-144,122,,,
2026-07-18T17:42:43,2026-07-18,MLB,Chicago Cubs,Minnesota Twins,spread,fanduel,140,-170,,,
2026-07-18T17:42:43,2026-07-18,MLB,Chicago Cubs,Minnesota Twins,total,fanduel,,,-110,-110,8.5
2026-07-18T17:42:43,2026-07-18,MLB,Chicago Cubs,Minnesota Twins,moneyline,betmgm,-150,125,,,
2026-07-18T17:42:43,2026-07-18,MLB,Chicago Cubs,Minnesota Twins,total,betmgm,,,-105,-115,8.5
2026-07-18T17:42:43,2026-07-18,MLB,Chicago Cubs,Minnesota Twins,moneyline,draftkings,-149,123,,,
2026-07-18T17:42:43,2026-07-18,MLB,Chicago Cubs,Minnesota Twins,spread,draftkings,139,-168,,,
2026-07-18T17:42:43,2026-07-18,MLB,Chicago Cubs,Minnesota Twins,total,draftkings,,,-110,-110,8.5
2026-07-18T17:42:43,2026-07-18,MLB,Houston Astros,Baltimore Orioles,moneyline,fanduel,-108,-108,,,
2026-07-18T17:42:43,2026-07-18,MLB,Houston Astros,Baltimore Orioles,spread,fanduel,-178,146,,,
2026-07-18T17:42:43,2026-07-18,MLB,Houston Astros,Baltimore Orioles,total,fanduel,,,-104,-118,9.0
2026-07-18T17:42:43,2026-07-18,MLB,Houston Astros,Baltimore Orioles,moneyline,betmgm,-110,-110,,,
2026-07-18T17:42:43,2026-07-18,MLB,Houston Astros,Baltimore Orioles,spread,betmgm,-190,154,,,
2026-07-18T17:42:43,2026-07-18,MLB,Houston Astros,Baltimore Orioles,total,betmgm,,,100,-120,9.0
2026-07-18T17:42:43,2026-07-18,MLB,Houston Astros,Baltimore Orioles,moneyline,draftkings,-110,-110,,,
2026-07-18T17:42:43,2026-07-18,MLB,Houston Astros,Baltimore Orioles,spread,draftkings,-181,149,,,
2026-07-18T17:42:43,2026-07-18,MLB,Houston Astros,Baltimore Orioles,total,draftkings,,,-101,-119,9.0
2026-07-18T17:42:43,2026-07-18,MLB,Colorado Rockies,Cincinnati Reds,moneyline,draftkings,-103,-117,,,
2026-07-18T17:42:43,2026-07-18,MLB,Colorado Rockies,Cincinnati Reds,spread,draftkings,-155,128,,,
2026-07-18T17:42:43,2026-07-18,MLB,Colorado Rockies,Cincinnati Reds,total,draftkings,,,-108,-112,12.5
2026-07-18T17:42:43,2026-07-18,MLB,Colorado Rockies,Cincinnati Reds,moneyline,betmgm,-105,-115,,,
2026-07-18T17:42:43,2026-07-18,MLB,Colorado Rockies,Cincinnati Reds,spread,betmgm,-155,125,,,
2026-07-18T17:42:43,2026-07-18,MLB,Colorado Rockies,Cincinnati Reds,total,betmgm,,,-110,-110,12.5
2026-07-18T01:07:44,2026-07-18,MLB,Los Angeles Angels,Detroit Tigers,moneyline,fanduel,-102,-116,,,
2026-07-18T01:07:44,2026-07-18,MLB,Los Angeles Angels,Detroit Tigers,spread,fanduel,-164,136,,,
2026-07-18T01:07:44,2026-07-18,MLB,Los Angeles Angels,Detroit Tigers,total,fanduel,,,-105,-115,8.5
2026-07-18T01:07:44,2026-07-18,MLB,Los Angeles Angels,Detroit Tigers,moneyline,draftkings,-103,-117,,,
2026-07-18T01:07:44,2026-07-18,MLB,Los Angeles Angels,Detroit Tigers,spread,draftkings,-175,144,,,
2026-07-18T01:07:44,2026-07-18,MLB,Los Angeles Angels,Detroit Tigers,total,draftkings,,,-105,-114,8.5
2026-07-18T01:07:44,2026-07-18,MLB,Los Angeles Angels,Detroit Tigers,moneyline,betmgm,-102,-118,,,
2026-07-18T01:07:44,2026-07-18,MLB,Los Angeles Angels,Detroit Tigers,spread,betmgm,-175,145,,,
2026-07-18T01:07:44,2026-07-18,MLB,Los Angeles Angels,Detroit Tigers,total,betmgm,,,-105,-115,8.5
2026-07-18T17:42:43,2026-07-18,MLB,Arizona Diamondbacks,St. Louis Cardinals,moneyline,fanduel,-116,-102,,,
2026-07-18T17:42:43,2026-07-18,MLB,Arizona Diamondbacks,St. Louis Cardinals,spread,fanduel,-194,160,,,
2026-07-18T17:42:43,2026-07-18,MLB,Arizona Diamondbacks,St. Louis Cardinals,total,fanduel,,,100,-122,9.0
2026-07-18T01:07:44,2026-07-18,MLB,Athletics,Washington Nationals,moneyline,fanduel,116,-136,,,
2026-07-18T01:07:44,2026-07-18,MLB,Athletics,Washington Nationals,spread,fanduel,-140,116,,,
2026-07-18T01:07:44,2026-07-18,MLB,Athletics,Washington Nationals,total,fanduel,,,-115,-105,10.0
2026-07-18T01:07:44,2026-07-18,MLB,Athletics,Washington Nationals,moneyline,betmgm,115,-140,,,
2026-07-18T01:07:44,2026-07-18,MLB,Athletics,Washington Nationals,spread,betmgm,-145,120,,,
2026-07-18T01:07:44,2026-07-18,MLB,Athletics,Washington Nationals,total,betmgm,,,-105,-125,10.5
2026-07-18T01:07:44,2026-07-18,MLB,Athletics,Washington Nationals,moneyline,draftkings,113,-136,,,
2026-07-18T01:07:44,2026-07-18,MLB,Athletics,Washington Nationals,spread,draftkings,-143,118,,,
2026-07-18T01:07:44,2026-07-18,MLB,Athletics,Washington Nationals,total,draftkings,,,-105,-115,10.5
2026-07-18T01:07:44,2026-07-18,MLB,Seattle Mariners,San Francisco Giants,moneyline,fanduel,-184,154,,,
2026-07-18T01:07:44,2026-07-18,MLB,Seattle Mariners,San Francisco Giants,spread,fanduel,126,-152,,,
2026-07-18T01:07:44,2026-07-18,MLB,Seattle Mariners,San Francisco Giants,total,fanduel,,,-122,100,7.0
2026-07-18T01:07:44,2026-07-18,MLB,Seattle Mariners,San Francisco Giants,moneyline,betmgm,-190,155,,,
2026-07-18T01:07:44,2026-07-18,MLB,Seattle Mariners,San Francisco Giants,spread,betmgm,120,-145,,,
2026-07-18T01:07:44,2026-07-18,MLB,Seattle Mariners,San Francisco Giants,total,betmgm,,,-118,-102,7.0
2026-07-18T01:07:44,2026-07-18,MLB,Seattle Mariners,San Francisco Giants,moneyline,draftkings,-188,155,,,
2026-07-18T01:07:44,2026-07-18,MLB,Seattle Mariners,San Francisco Giants,spread,draftkings,118,-143,,,
2026-07-18T01:07:44,2026-07-18,MLB,Seattle Mariners,San Francisco Giants,total,draftkings,,,-123,102,7.0
2026-07-18T17:42:43,2026-07-18,MLB,Arizona Diamondbacks,St. Louis Cardinals,moneyline,draftkings,-120,100,,,
2026-07-18T17:42:43,2026-07-18,MLB,Arizona Diamondbacks,St. Louis Cardinals,spread,draftkings,-200,164,,,
2026-07-18T17:42:43,2026-07-18,MLB,Arizona Diamondbacks,St. Louis Cardinals,total,draftkings,,,101,-121,9.0
2026-07-18T17:42:43,2026-07-18,MLB,Arizona Diamondbacks,St. Louis Cardinals,moneyline,betmgm,-120,100,,,
2026-07-18T17:42:43,2026-07-18,MLB,Arizona Diamondbacks,St. Louis Cardinals,spread,betmgm,160,-210,,,
2026-07-18T17:42:43,2026-07-18,MLB,Arizona Diamondbacks,St. Louis Cardinals,total,betmgm,,,-120,100,8.5
2026-07-18T17:42:43,2026-07-18,MLB,Toronto Blue Jays,Chicago White Sox,moneyline,fanduel,-108,-108,,,
2026-07-18T17:42:43,2026-07-18,MLB,Toronto Blue Jays,Chicago White Sox,spread,fanduel,-172,142,,,
2026-07-18T17:42:43,2026-07-18,MLB,Toronto Blue Jays,Chicago White Sox,total,fanduel,,,100,-122,9.5
2026-07-18T17:42:43,2026-07-18,MLB,Philadelphia Phillies,New York Mets,moneyline,fanduel,-168,142,,,
2026-07-18T17:42:43,2026-07-18,MLB,Philadelphia Phillies,New York Mets,spread,fanduel,116,-140,,,
2026-07-18T17:42:43,2026-07-18,MLB,Philadelphia Phillies,New York Mets,total,fanduel,,,-118,-104,8.5
2026-07-18T17:42:43,2026-07-18,MLB,Atlanta Braves,Texas Rangers,moneyline,fanduel,-112,-104,,,
2026-07-18T17:42:43,2026-07-18,MLB,Atlanta Braves,Texas Rangers,spread,fanduel,-192,158,,,
2026-07-18T17:42:43,2026-07-18,MLB,Atlanta Braves,Texas Rangers,total,fanduel,,,-105,-115,9.0
2026-07-18T17:42:43,2026-07-18,MLB,Boston Red Sox,Tampa Bay Rays,moneyline,fanduel,-110,-106,,,
2026-07-18T17:42:43,2026-07-18,MLB,Boston Red Sox,Tampa Bay Rays,spread,fanduel,-178,146,,,
2026-07-18T17:42:43,2026-07-18,MLB,Boston Red Sox,Tampa Bay Rays,total,fanduel,,,-118,-104,9.5
2026-07-18T17:42:43,2026-07-18,MLB,Cleveland Guardians,Pittsburgh Pirates,moneyline,fanduel,-112,-104,,,
2026-07-18T17:42:43,2026-07-18,MLB,Cleveland Guardians,Pittsburgh Pirates,spread,fanduel,-194,160,,,
2026-07-18T17:42:43,2026-07-18,MLB,Cleveland Guardians,Pittsburgh Pirates,total,fanduel,,,-105,-115,8.5
2026-07-18T17:42:43,2026-07-18,MLB,Milwaukee Brewers,Miami Marlins,moneyline,fanduel,-146,124,,,
2026-07-18T17:42:43,2026-07-18,MLB,Milwaukee Brewers,Miami Marlins,spread,fanduel,146,-176,,,
2026-07-18T17:42:43,2026-07-18,MLB,Milwaukee Brewers,Miami Marlins,total,fanduel,,,-112,-108,8.0
2026-07-18T01:07:44,2026-07-18,MLB,Chicago Cubs,Minnesota Twins,spread,betmgm,-140,110,,,
2026-07-18T17:42:43,2026-07-18,MLB,Toronto Blue Jays,Chicago White Sox,moneyline,draftkings,-111,-108,,,
2026-07-18T17:42:43,2026-07-18,MLB,Toronto Blue Jays,Chicago White Sox,spread,draftkings,-185,152,,,
2026-07-18T17:42:43,2026-07-18,MLB,Toronto Blue Jays,Chicago White Sox,total,draftkings,,,-102,-119,9.5
2026-07-18T17:42:43,2026-07-18,MLB,Toronto Blue Jays,Chicago White Sox,moneyline,betmgm,-115,-105,,,
2026-07-18T17:42:43,2026-07-18,MLB,Toronto Blue Jays,Chicago White Sox,spread,betmgm,-190,154,,,
2026-07-18T17:42:43,2026-07-18,MLB,Toronto Blue Jays,Chicago White Sox,total,betmgm,,,-105,-115,9.5
2026-07-18T17:42:43,2026-07-18,MLB,Philadelphia Phillies,New York Mets,moneyline,draftkings,-172,142,,,
2026-07-18T17:42:43,2026-07-18,MLB,Philadelphia Phillies,New York Mets,spread,draftkings,118,-142,,,
2026-07-18T17:42:43,2026-07-18,MLB,Philadelphia Phillies,New York Mets,total,draftkings,,,-118,-102,8.5
2026-07-18T17:42:43,2026-07-18,MLB,Philadelphia Phillies,New York Mets,moneyline,betmgm,-170,140,,,
2026-07-18T17:42:43,2026-07-18,MLB,Philadelphia Phillies,New York Mets,spread,betmgm,120,-145,,,
2026-07-18T17:42:43,2026-07-18,MLB,Philadelphia Phillies,New York Mets,total,betmgm,,,-118,-102,8.5
2026-07-18T17:42:43,2026-07-18,MLB,Atlanta Braves,Texas Rangers,moneyline,draftkings,-114,-105,,,
2026-07-18T17:42:43,2026-07-18,MLB,Atlanta Braves,Texas Rangers,spread,draftkings,-184,151,,,
2026-07-18T17:42:43,2026-07-18,MLB,Atlanta Braves,Texas Rangers,total,draftkings,,,-110,-110,9.0
2026-07-18T17:42:43,2026-07-18,MLB,Atlanta Braves,Texas Rangers,moneyline,betmgm,-115,-105,,,
2026-07-18T17:42:43,2026-07-18,MLB,Atlanta Braves,Texas Rangers,total,betmgm,,,-110,-110,9.0
2026-07-18T17:42:43,2026-07-18,MLB,Boston Red Sox,Tampa Bay Rays,moneyline,draftkings,-114,-106,,,
2026-07-18T17:42:43,2026-07-18,MLB,Boston Red Sox,Tampa Bay Rays,spread,draftkings,-183,150,,,
2026-07-18T17:42:43,2026-07-18,MLB,Boston Red Sox,Tampa Bay Rays,total,draftkings,,,-115,-105,9.5
2026-07-18T17:42:43,2026-07-18,MLB,Boston Red Sox,Tampa Bay Rays,moneyline,betmgm,-110,-110,,,
2026-07-18T17:42:43,2026-07-18,MLB,Boston Red Sox,Tampa Bay Rays,spread,betmgm,-185,150,,,
2026-07-18T17:42:43,2026-07-18,MLB,Boston Red Sox,Tampa Bay Rays,total,betmgm,,,-115,-105,9.5
2026-07-18T17:42:43,2026-07-18,MLB,Milwaukee Brewers,Miami Marlins,moneyline,draftkings,-144,119,,,
2026-07-18T17:42:43,2026-07-18,MLB,Milwaukee Brewers,Miami Marlins,spread,draftkings,148,-179,,,
2026-07-18T17:42:43,2026-07-18,MLB,Milwaukee Brewers,Miami Marlins,total,draftkings,,,-112,-108,8.0
2026-07-18T17:42:43,2026-07-18,MLB,Milwaukee Brewers,Miami Marlins,moneyline,betmgm,-145,120,,,
2026-07-18T17:42:43,2026-07-18,MLB,Milwaukee Brewers,Miami Marlins,spread,betmgm,145,-175,,,
2026-07-18T17:42:43,2026-07-18,MLB,Milwaukee Brewers,Miami Marlins,total,betmgm,,,-110,-110,8.0
2026-07-20T01:15:59,2026-07-19,MLB,New York Yankees,Los Angeles Dodgers,moneyline,fanduel,-250,190,,,
2026-07-20T01:15:59,2026-07-19,MLB,New York Yankees,Los Angeles Dodgers,spread,fanduel,250,-360,,,
2026-07-20T01:15:59,2026-07-19,MLB,New York Yankees,Los Angeles Dodgers,total,fanduel,,,104,-138,3.5
2026-07-20T01:15:59,2026-07-19,MLB,New York Yankees,Los Angeles Dodgers,moneyline,draftkings,-199,150,,,
2026-07-20T01:15:59,2026-07-19,MLB,New York Yankees,Los Angeles Dodgers,spread,draftkings,251,-352,,,
2026-07-20T01:15:59,2026-07-19,MLB,New York Yankees,Los Angeles Dodgers,total,draftkings,,,-106,-122,3.5
2026-07-20T01:15:59,2026-07-19,MLB,New York Yankees,Los Angeles Dodgers,moneyline,betmgm,-175,140,,,
2026-07-20T01:15:59,2026-07-19,MLB,New York Yankees,Los Angeles Dodgers,spread,betmgm,260,-350,,,
2026-07-20T01:15:59,2026-07-19,MLB,New York Yankees,Los Angeles Dodgers,total,betmgm,,,-105,-120,3.5
2026-07-19T17:44:09,2026-07-19,MLB,Seattle Mariners,San Francisco Giants,moneyline,fanduel,-196,164,,,
2026-07-19T17:44:09,2026-07-19,MLB,Seattle Mariners,San Francisco Giants,spread,fanduel,114,-137,,,
2026-07-19T17:44:09,2026-07-19,MLB,Seattle Mariners,San Francisco Giants,total,fanduel,,,-122,100,7.0
2026-07-19T17:44:09,2026-07-19,MLB,Seattle Mariners,San Francisco Giants,moneyline,draftkings,-205,168,,,
2026-07-19T17:44:09,2026-07-19,MLB,Seattle Mariners,San Francisco Giants,spread,draftkings,105,-127,,,
2026-07-19T17:44:09,2026-07-19,MLB,Seattle Mariners,San Francisco Giants,total,draftkings,,,-126,104,7.0
2026-07-19T17:44:09,2026-07-19,MLB,Seattle Mariners,San Francisco Giants,moneyline,betmgm,-210,170,,,
2026-07-19T17:44:09,2026-07-19,MLB,Seattle Mariners,San Francisco Giants,spread,betmgm,105,-125,,,
2026-07-19T17:44:09,2026-07-19,MLB,Seattle Mariners,San Francisco Giants,total,betmgm,,,-125,105,7.0
2026-07-19T17:44:09,2026-07-19,MLB,Athletics,Washington Nationals,moneyline,fanduel,124,-146,,,
2026-07-19T17:44:09,2026-07-19,MLB,Athletics,Washington Nationals,spread,fanduel,-126,105,,,
2026-07-19T17:44:09,2026-07-19,MLB,Athletics,Washington Nationals,total,fanduel,,,-112,-108,10.5
2026-07-19T17:44:09,2026-07-19,MLB,Athletics,Washington Nationals,moneyline,draftkings,123,-149,,,
2026-07-19T17:44:09,2026-07-19,MLB,Athletics,Washington Nationals,spread,draftkings,-122,102,,,
2026-07-19T17:44:09,2026-07-19,MLB,Athletics,Washington Nationals,total,draftkings,,,-115,-105,10.5
2026-07-19T17:44:09,2026-07-19,MLB,Athletics,Washington Nationals,moneyline,betmgm,125,-155,,,
2026-07-19T17:44:09,2026-07-19,MLB,Athletics,Washington Nationals,spread,betmgm,-120,100,,,
2026-07-19T17:44:09,2026-07-19,MLB,Athletics,Washington Nationals,total,betmgm,,,-115,-105,10.5
2026-07-19T17:44:09,2026-07-19,MLB,Los Angeles Angels,Detroit Tigers,moneyline,fanduel,118,-138,,,
2026-07-19T17:44:09,2026-07-19,MLB,Los Angeles Angels,Detroit Tigers,spread,fanduel,-137,114,,,
2026-07-19T17:44:09,2026-07-19,MLB,Los Angeles Angels,Detroit Tigers,total,fanduel,,,102,-124,9.5
2026-07-19T17:44:09,2026-07-19,MLB,Los Angeles Angels,Detroit Tigers,moneyline,draftkings,119,-144,,,
2026-07-19T17:44:09,2026-07-19,MLB,Los Angeles Angels,Detroit Tigers,spread,draftkings,-131,109,,,
2026-07-19T17:44:09,2026-07-19,MLB,Los Angeles Angels,Detroit Tigers,total,draftkings,,,101,-122,9.5
2026-07-19T17:44:09,2026-07-19,MLB,Los Angeles Angels,Detroit Tigers,moneyline,betmgm,120,-145,,,
2026-07-19T17:44:09,2026-07-19,MLB,Los Angeles Angels,Detroit Tigers,spread,betmgm,-130,105,,,
2026-07-19T17:44:09,2026-07-19,MLB,Los Angeles Angels,Detroit Tigers,total,betmgm,,,100,-120,9.5
2026-07-18T17:42:43,2026-07-18,MLB,Cleveland Guardians,Pittsburgh Pirates,moneyline,betmgm,-110,-110,,,
2026-07-18T17:42:43,2026-07-18,MLB,Cleveland Guardians,Pittsburgh Pirates,spread,betmgm,-175,145,,,
2026-07-18T17:42:43,2026-07-18,MLB,Cleveland Guardians,Pittsburgh Pirates,total,betmgm,,,100,-120,8.5
2026-07-18T17:42:43,2026-07-18,MLB,Cleveland Guardians,Pittsburgh Pirates,moneyline,draftkings,-110,-109,,,
2026-07-18T17:42:43,2026-07-18,MLB,Cleveland Guardians,Pittsburgh Pirates,spread,draftkings,-191,157,,,
2026-07-18T17:42:43,2026-07-18,MLB,Cleveland Guardians,Pittsburgh Pirates,total,draftkings,,,-116,-104,8.0
2026-07-19T17:44:09,2026-07-19,MLB,Toronto Blue Jays,Chicago White Sox,moneyline,fanduel,700,-1450,,,
2026-07-19T17:44:09,2026-07-19,MLB,Toronto Blue Jays,Chicago White Sox,spread,fanduel,138,-186,,,
2026-07-19T17:44:09,2026-07-19,MLB,Toronto Blue Jays,Chicago White Sox,total,fanduel,,,108,-144,5.5
2026-07-19T17:44:09,2026-07-19,MLB,Boston Red Sox,Tampa Bay Rays,moneyline,fanduel,-136,106,,,
2026-07-19T17:44:09,2026-07-19,MLB,Boston Red Sox,Tampa Bay Rays,spread,fanduel,164,-225,,,
2026-07-19T17:44:09,2026-07-19,MLB,Boston Red Sox,Tampa Bay Rays,total,fanduel,,,-102,-130,8.5
2026-07-19T17:44:09,2026-07-19,MLB,Philadelphia Phillies,New York Mets,moneyline,fanduel,-115,-111,,,
2026-07-19T17:44:09,2026-07-19,MLB,Philadelphia Phillies,New York Mets,spread,fanduel,188,-260,,,
2026-07-19T17:44:09,2026-07-19,MLB,Philadelphia Phillies,New York Mets,total,fanduel,,,-106,-125,8.5
2026-07-19T17:44:09,2026-07-19,MLB,Cleveland Guardians,Pittsburgh Pirates,moneyline,fanduel,-128,100,,,
2026-07-19T17:44:09,2026-07-19,MLB,Cleveland Guardians,Pittsburgh Pirates,spread,fanduel,188,-260,,,
2026-07-19T17:44:09,2026-07-19,MLB,Cleveland Guardians,Pittsburgh Pirates,total,fanduel,,,-114,-114,6.5
2026-07-19T17:44:09,2026-07-19,MLB,Houston Astros,Baltimore Orioles,moneyline,fanduel,-124,106,,,
2026-07-19T17:44:09,2026-07-19,MLB,Houston Astros,Baltimore Orioles,spread,fanduel,-210,172,,,
2026-07-19T17:44:09,2026-07-19,MLB,Houston Astros,Baltimore Orioles,total,fanduel,,,-106,-114,8.5
2026-07-19T17:44:09,2026-07-19,MLB,Kansas City Royals,San Diego Padres,moneyline,fanduel,-116,-102,,,
2026-07-19T17:44:09,2026-07-19,MLB,Kansas City Royals,San Diego Padres,spread,fanduel,-184,152,,,
2026-07-19T17:44:09,2026-07-19,MLB,Kansas City Royals,San Diego Padres,total,fanduel,,,-115,-105,9.5
2026-07-19T17:44:09,2026-07-19,MLB,Milwaukee Brewers,Miami Marlins,moneyline,fanduel,-130,110,,,
2026-07-19T17:44:09,2026-07-19,MLB,Milwaukee Brewers,Miami Marlins,spread,fanduel,155,-188,,,
2026-07-19T17:44:09,2026-07-19,MLB,Milwaukee Brewers,Miami Marlins,total,fanduel,,,-115,-105,8.0
2026-07-19T17:44:09,2026-07-19,MLB,Chicago Cubs,Minnesota Twins,moneyline,fanduel,-172,144,,,
2026-07-19T17:44:09,2026-07-19,MLB,Chicago Cubs,Minnesota Twins,spread,fanduel,138,-166,,,
2026-07-19T17:44:09,2026-07-19,MLB,Chicago Cubs,Minnesota Twins,total,fanduel,,,-114,-106,7.5
2026-07-19T17:44:09,2026-07-19,MLB,Colorado Rockies,Cincinnati Reds,moneyline,fanduel,138,-164,,,
2026-07-19T17:44:09,2026-07-19,MLB,Colorado Rockies,Cincinnati Reds,spread,fanduel,-113,-106,,,
2026-07-19T17:44:09,2026-07-19,MLB,Colorado Rockies,Cincinnati Reds,total,fanduel,,,-115,-105,11.0
2026-07-19T17:44:09,2026-07-19,MLB,Cleveland Guardians,Pittsburgh Pirates,moneyline,draftkings,-123,-106,,,
2026-07-19T17:44:09,2026-07-19,MLB,Cleveland Guardians,Pittsburgh Pirates,spread,draftkings,-216,163,,,
2026-07-19T17:44:09,2026-07-19,MLB,Cleveland Guardians,Pittsburgh Pirates,total,draftkings,,,-123,-105,6.5
2026-07-19T17:44:09,2026-07-19,MLB,Cleveland Guardians,Pittsburgh Pirates,moneyline,betmgm,-115,-110,,,
2026-07-19T17:44:09,2026-07-19,MLB,Cleveland Guardians,Pittsburgh Pirates,spread,betmgm,-200,154,,,
2026-07-19T17:44:09,2026-07-19,MLB,Cleveland Guardians,Pittsburgh Pirates,total,betmgm,,,-135,105,6.5
2026-07-19T17:44:09,2026-07-19,MLB,Toronto Blue Jays,Chicago White Sox,moneyline,draftkings,630,-1280,,,
2026-07-19T17:44:09,2026-07-19,MLB,Toronto Blue Jays,Chicago White Sox,spread,draftkings,137,-180,,,
2026-07-19T17:44:09,2026-07-19,MLB,Toronto Blue Jays,Chicago White Sox,total,draftkings,,,102,-133,5.5
2026-07-19T17:44:09,2026-07-19,MLB,Toronto Blue Jays,Chicago White Sox,moneyline,betmgm,675,-1200,,,
2026-07-19T17:44:09,2026-07-19,MLB,Toronto Blue Jays,Chicago White Sox,spread,betmgm,130,-165,,,
2026-07-19T17:44:09,2026-07-19,MLB,Toronto Blue Jays,Chicago White Sox,total,betmgm,,,105,-135,5.5
2026-07-19T17:44:09,2026-07-19,MLB,Atlanta Braves,Texas Rangers,moneyline,fanduel,-164,128,,,
2026-07-19T17:44:09,2026-07-19,MLB,Atlanta Braves,Texas Rangers,spread,fanduel,130,-174,,,
2026-07-19T17:44:09,2026-07-19,MLB,Atlanta Braves,Texas Rangers,total,fanduel,,,-122,-108,8.5
2026-07-19T17:44:09,2026-07-19,MLB,Boston Red Sox,Tampa Bay Rays,moneyline,draftkings,-133,102,,,
2026-07-19T17:44:09,2026-07-19,MLB,Boston Red Sox,Tampa Bay Rays,spread,draftkings,157,-207,,,
2026-07-19T17:44:09,2026-07-19,MLB,Boston Red Sox,Tampa Bay Rays,total,draftkings,,,-109,-119,8.5
2026-07-19T17:44:09,2026-07-19,MLB,Boston Red Sox,Tampa Bay Rays,moneyline,betmgm,-110,-110,,,
2026-07-19T17:44:09,2026-07-19,MLB,Boston Red Sox,Tampa Bay Rays,spread,betmgm,-190,145,,,
2026-07-19T17:44:09,2026-07-19,MLB,Boston Red Sox,Tampa Bay Rays,total,betmgm,,,-135,105,8.5
2026-07-19T17:44:09,2026-07-19,MLB,Philadelphia Phillies,New York Mets,moneyline,draftkings,-116,-111,,,
2026-07-19T17:44:09,2026-07-19,MLB,Philadelphia Phillies,New York Mets,spread,draftkings,-196,148,,,
2026-07-19T17:44:09,2026-07-19,MLB,Philadelphia Phillies,New York Mets,total,draftkings,,,-134,103,7.5
2026-07-19T17:44:09,2026-07-19,MLB,Philadelphia Phillies,New York Mets,moneyline,betmgm,-115,-110,,,
2026-07-19T17:44:09,2026-07-19,MLB,Philadelphia Phillies,New York Mets,spread,betmgm,-210,160,,,
2026-07-19T17:44:09,2026-07-19,MLB,Philadelphia Phillies,New York Mets,total,betmgm,,,105,-135,8.5
2026-07-19T17:44:09,2026-07-19,MLB,Houston Astros,Baltimore Orioles,moneyline,draftkings,-127,106,,,
2026-07-19T17:44:09,2026-07-19,MLB,Houston Astros,Baltimore Orioles,spread,draftkings,165,-202,,,
2026-07-19T17:44:09,2026-07-19,MLB,Houston Astros,Baltimore Orioles,total,draftkings,,,-108,-112,8.5
2026-07-19T17:44:09,2026-07-19,MLB,Houston Astros,Baltimore Orioles,moneyline,betmgm,-125,105,,,
2026-07-19T17:44:09,2026-07-19,MLB,Houston Astros,Baltimore Orioles,spread,betmgm,-220,165,,,
2026-07-19T17:44:09,2026-07-19,MLB,Houston Astros,Baltimore Orioles,total,betmgm,,,-105,-115,8.5
2026-07-19T17:44:09,2026-07-19,MLB,Kansas City Royals,San Diego Padres,moneyline,draftkings,-115,-104,,,
2026-07-19T17:44:09,2026-07-19,MLB,Kansas City Royals,San Diego Padres,spread,draftkings,-187,154,,,
2026-07-19T17:44:09,2026-07-19,MLB,Kansas City Royals,San Diego Padres,total,draftkings,,,-112,-108,9.5
2026-07-19T17:44:09,2026-07-19,MLB,Kansas City Royals,San Diego Padres,moneyline,betmgm,-115,-105,,,
2026-07-19T17:44:09,2026-07-19,MLB,Kansas City Royals,San Diego Padres,spread,betmgm,-190,154,,,
2026-07-19T17:44:09,2026-07-19,MLB,Kansas City Royals,San Diego Padres,total,betmgm,,,-110,-110,9.5
2026-07-19T17:44:09,2026-07-19,MLB,Milwaukee Brewers,Miami Marlins,moneyline,draftkings,-131,109,,,
2026-07-19T17:44:09,2026-07-19,MLB,Milwaukee Brewers,Miami Marlins,spread,draftkings,158,-193,,,
2026-07-19T17:44:09,2026-07-19,MLB,Milwaukee Brewers,Miami Marlins,total,draftkings,,,-114,-105,8.0
2026-07-19T17:44:09,2026-07-19,MLB,Milwaukee Brewers,Miami Marlins,moneyline,betmgm,-135,110,,,
2026-07-19T17:44:09,2026-07-19,MLB,Milwaukee Brewers,Miami Marlins,spread,betmgm,155,-190,,,
2026-07-19T17:44:09,2026-07-19,MLB,Milwaukee Brewers,Miami Marlins,total,betmgm,,,-115,-105,8.0
2026-07-19T17:44:09,2026-07-19,MLB,Chicago Cubs,Minnesota Twins,moneyline,draftkings,-175,144,,,
2026-07-19T17:44:09,2026-07-19,MLB,Chicago Cubs,Minnesota Twins,moneyline,betmgm,-175,145,,,
2026-07-19T17:44:09,2026-07-19,MLB,Colorado Rockies,Cincinnati Reds,moneyline,draftkings,141,-171,,,
2026-07-19T17:44:09,2026-07-19,MLB,Colorado Rockies,Cincinnati Reds,spread,draftkings,-110,-110,,,
2026-07-19T17:44:09,2026-07-19,MLB,Colorado Rockies,Cincinnati Reds,total,draftkings,,,-112,-108,11.0
2026-07-19T17:44:09,2026-07-19,MLB,Colorado Rockies,Cincinnati Reds,moneyline,betmgm,140,-170,,,
2026-07-19T17:44:09,2026-07-19,MLB,Colorado Rockies,Cincinnati Reds,spread,betmgm,-110,-110,,,
2026-07-19T17:44:09,2026-07-19,MLB,Colorado Rockies,Cincinnati Reds,total,betmgm,,,-110,-110,11.0
2026-07-19T17:44:09,2026-07-19,MLB,Arizona Diamondbacks,St. Louis Cardinals,moneyline,fanduel,-126,108,,,
2026-07-19T17:44:09,2026-07-19,MLB,Arizona Diamondbacks,St. Louis Cardinals,spread,fanduel,176,-215,,,
2026-07-19T17:44:09,2026-07-19,MLB,Arizona Diamondbacks,St. Louis Cardinals,total,fanduel,,,-105,-115,9.0
2026-07-19T17:44:09,2026-07-19,MLB,Arizona Diamondbacks,St. Louis Cardinals,moneyline,draftkings,-130,108,,,
2026-07-19T17:44:09,2026-07-19,MLB,Arizona Diamondbacks,St. Louis Cardinals,spread,draftkings,159,-194,,,
2026-07-19T17:44:09,2026-07-19,MLB,Arizona Diamondbacks,St. Louis Cardinals,total,draftkings,,,-108,-111,9.0
2026-07-19T17:44:09,2026-07-19,MLB,Arizona Diamondbacks,St. Louis Cardinals,moneyline,betmgm,-130,105,,,
2026-07-19T17:44:09,2026-07-19,MLB,Arizona Diamondbacks,St. Louis Cardinals,spread,betmgm,155,-190,,,
2026-07-19T17:44:09,2026-07-19,MLB,Arizona Diamondbacks,St. Louis Cardinals,total,betmgm,,,-105,-115,9.0
2026-07-19T17:44:09,2026-07-19,MLB,Atlanta Braves,Texas Rangers,moneyline,draftkings,-159,122,,,
2026-07-19T17:44:09,2026-07-19,MLB,Atlanta Braves,Texas Rangers,spread,draftkings,130,-170,,,
2026-07-19T17:44:09,2026-07-19,MLB,Atlanta Braves,Texas Rangers,total,draftkings,,,-123,-106,8.5
2026-07-19T17:44:09,2026-07-19,MLB,Atlanta Braves,Texas Rangers,moneyline,betmgm,-140,110,,,
2026-07-19T17:44:09,2026-07-19,MLB,Atlanta Braves,Texas Rangers,spread,betmgm,154,-200,,,
2026-07-19T17:44:09,2026-07-19,MLB,Atlanta Braves,Texas Rangers,total,betmgm,,,100,-130,8.5
2026-07-19T17:44:09,2026-07-19,MLB,Chicago Cubs,Minnesota Twins,spread,draftkings,129,-155,,,
2026-07-19T17:44:09,2026-07-19,MLB,Chicago Cubs,Minnesota Twins,total,draftkings,,,-107,-112,7.5
2026-07-19T17:44:09,2026-07-19,MLB,Chicago Cubs,Minnesota Twins,total,betmgm,,,-110,-110,7.5
2026-07-20T18:45:39,2026-07-20,MLB,Cleveland Guardians,Minnesota Twins,moneyline,fanduel,112,-132,,,
2026-07-21T01:12:09,2026-07-20,MLB,Cleveland Guardians,Minnesota Twins,spread,fanduel,-132,100,,,
2026-07-21T01:12:09,2026-07-20,MLB,Cleveland Guardians,Minnesota Twins,total,fanduel,,,-130,-102,19.5
2026-07-21T01:12:09,2026-07-20,MLB,New York Yankees,Pittsburgh Pirates,moneyline,fanduel,-1800,800,,,
2026-07-21T01:12:09,2026-07-20,MLB,New York Yankees,Pittsburgh Pirates,spread,fanduel,-182,136,,,
2026-07-21T01:12:09,2026-07-20,MLB,New York Yankees,Pittsburgh Pirates,total,fanduel,,,116,-154,15.5
2026-07-21T01:12:09,2026-07-20,MLB,Toronto Blue Jays,Tampa Bay Rays,moneyline,fanduel,3000,-50000,,,
2026-07-21T01:12:09,2026-07-20,MLB,Toronto Blue Jays,Tampa Bay Rays,spread,fanduel,140,-188,,,
2026-07-21T01:12:09,2026-07-20,MLB,Toronto Blue Jays,Tampa Bay Rays,total,fanduel,,,-166,124,7.5
2026-07-21T01:12:09,2026-07-20,MLB,Boston Red Sox,Baltimore Orioles,moneyline,fanduel,-138,108,,,
2026-07-21T01:12:09,2026-07-20,MLB,Boston Red Sox,Baltimore Orioles,spread,fanduel,520,-1000,,,
2026-07-21T01:12:09,2026-07-20,MLB,Boston Red Sox,Baltimore Orioles,total,fanduel,,,110,-146,12.5
2026-07-21T01:12:09,2026-07-20,MLB,Philadelphia Phillies,Los Angeles Dodgers,moneyline,fanduel,-800,480,,,
2026-07-21T01:12:09,2026-07-20,MLB,Philadelphia Phillies,Los Angeles Dodgers,spread,fanduel,134,-180,,,
2026-07-21T01:12:09,2026-07-20,MLB,Philadelphia Phillies,Los Angeles Dodgers,total,fanduel,,,-136,102,10.5
2026-07-21T01:12:09,2026-07-20,MLB,Atlanta Braves,San Diego Padres,moneyline,fanduel,-500,340,,,
2026-07-21T01:12:09,2026-07-20,MLB,Atlanta Braves,San Diego Padres,spread,fanduel,205,-290,,,
2026-07-21T01:12:09,2026-07-20,MLB,Atlanta Braves,San Diego Padres,total,fanduel,,,-144,108,6.5
2026-07-21T01:12:09,2026-07-20,MLB,Milwaukee Brewers,New York Mets,moneyline,fanduel,-2500,900,,,
2026-07-21T01:12:09,2026-07-20,MLB,Milwaukee Brewers,New York Mets,spread,fanduel,-140,106,,,
2026-07-21T01:12:09,2026-07-20,MLB,Milwaukee Brewers,New York Mets,total,fanduel,,,114,-152,9.5
2026-07-21T01:12:09,2026-07-21,MLB,Texas Rangers,Chicago White Sox,moneyline,fanduel,-295,220,,,
2026-07-21T01:12:09,2026-07-21,MLB,Texas Rangers,Chicago White Sox,spread,fanduel,-106,-125,,,
2026-07-21T01:12:09,2026-07-21,MLB,Texas Rangers,Chicago White Sox,total,fanduel,,,-144,108,7.5
2026-07-21T01:12:09,2026-07-21,MLB,Houston Astros,Miami Marlins,moneyline,fanduel,-1800,800,,,
2026-07-21T01:12:09,2026-07-21,MLB,Houston Astros,Miami Marlins,spread,fanduel,-152,114,,,
2026-07-21T01:12:09,2026-07-21,MLB,Houston Astros,Miami Marlins,total,fanduel,,,-102,-130,13.5
2026-07-21T01:12:09,2026-07-21,MLB,Seattle Mariners,Cincinnati Reds,moneyline,fanduel,-146,124,,,
2026-07-21T01:12:09,2026-07-21,MLB,Seattle Mariners,Cincinnati Reds,spread,fanduel,152,-184,,,
2026-07-21T01:12:09,2026-07-21,MLB,Seattle Mariners,Cincinnati Reds,total,fanduel,,,-115,-105,7.5
2026-07-21T01:12:09,2026-07-21,MLB,Los Angeles Angels,St. Louis Cardinals,moneyline,fanduel,-112,-104,,,
2026-07-21T01:12:09,2026-07-21,MLB,Los Angeles Angels,St. Louis Cardinals,spread,fanduel,-188,155,,,
2026-07-21T01:12:09,2026-07-21,MLB,Los Angeles Angels,St. Louis Cardinals,total,fanduel,,,-106,-114,9.0
2026-07-20T18:45:39,2026-07-20,MLB,Cleveland Guardians,Minnesota Twins,moneyline,draftkings,109,-131,,,
2026-07-21T01:12:09,2026-07-20,MLB,Cleveland Guardians,Minnesota Twins,spread,draftkings,161,-189,,,
2026-07-21T01:12:09,2026-07-20,MLB,Cleveland Guardians,Minnesota Twins,total,draftkings,,,-150,115,17.5
2026-07-20T18:45:39,2026-07-20,MLB,Cleveland Guardians,Minnesota Twins,moneyline,betmgm,110,-135,,,
2026-07-21T01:12:09,2026-07-20,MLB,Cleveland Guardians,Minnesota Twins,spread,betmgm,145,-190,,,
2026-07-21T01:12:09,2026-07-20,MLB,Cleveland Guardians,Minnesota Twins,total,betmgm,,,-160,125,17.5
2026-07-21T01:12:09,2026-07-20,MLB,New York Yankees,Pittsburgh Pirates,moneyline,draftkings,-2100,820,,,
2026-07-21T01:12:09,2026-07-20,MLB,New York Yankees,Pittsburgh Pirates,spread,draftkings,-186,142,,,
2026-07-21T01:12:09,2026-07-20,MLB,New York Yankees,Pittsburgh Pirates,total,draftkings,,,119,-155,15.5
2026-07-21T01:12:09,2026-07-20,MLB,New York Yankees,Pittsburgh Pirates,moneyline,betmgm,-2000,850,,,
2026-07-21T01:12:09,2026-07-20,MLB,New York Yankees,Pittsburgh Pirates,spread,betmgm,-190,145,,,
2026-07-21T01:12:09,2026-07-20,MLB,New York Yankees,Pittsburgh Pirates,total,betmgm,,,120,-155,15.5
2026-07-20T18:45:39,2026-07-20,MLB,Toronto Blue Jays,Tampa Bay Rays,moneyline,draftkings,-168,139,,,
2026-07-21T01:12:09,2026-07-20,MLB,Toronto Blue Jays,Tampa Bay Rays,spread,draftkings,146,-193,,,
2026-07-21T01:12:09,2026-07-20,MLB,Toronto Blue Jays,Tampa Bay Rays,total,draftkings,,,-161,123,7.5
2026-07-20T18:45:39,2026-07-20,MLB,Toronto Blue Jays,Tampa Bay Rays,moneyline,betmgm,-170,140,,,
2026-07-21T01:12:09,2026-07-20,MLB,Toronto Blue Jays,Tampa Bay Rays,spread,betmgm,140,-180,,,
2026-07-21T01:12:09,2026-07-20,MLB,Toronto Blue Jays,Tampa Bay Rays,total,betmgm,,,-155,120,7.5
2026-07-21T01:12:09,2026-07-20,MLB,Boston Red Sox,Baltimore Orioles,moneyline,draftkings,-140,108,,,
2026-07-21T01:12:09,2026-07-20,MLB,Boston Red Sox,Baltimore Orioles,spread,draftkings,-436,299,,,
2026-07-21T01:12:09,2026-07-20,MLB,Boston Red Sox,Baltimore Orioles,total,draftkings,,,111,-144,12.5
2026-07-21T01:12:09,2026-07-20,MLB,Boston Red Sox,Baltimore Orioles,moneyline,betmgm,-150,118,,,
2026-07-21T01:12:09,2026-07-20,MLB,Boston Red Sox,Baltimore Orioles,spread,betmgm,-450,310,,,
2026-07-21T01:12:09,2026-07-20,MLB,Boston Red Sox,Baltimore Orioles,total,betmgm,,,-150,118,11.5
2026-07-21T01:12:09,2026-07-20,MLB,Philadelphia Phillies,Los Angeles Dodgers,moneyline,draftkings,-800,470,,,
2026-07-21T01:12:09,2026-07-20,MLB,Philadelphia Phillies,Los Angeles Dodgers,spread,draftkings,125,-163,,,
2026-07-21T01:12:09,2026-07-20,MLB,Philadelphia Phillies,Los Angeles Dodgers,total,draftkings,,,-156,120,10.5
2026-07-21T01:12:09,2026-07-20,MLB,Philadelphia Phillies,Los Angeles Dodgers,moneyline,betmgm,-750,500,,,
2026-07-21T01:12:09,2026-07-20,MLB,Philadelphia Phillies,Los Angeles Dodgers,spread,betmgm,125,-160,,,
2026-07-21T01:12:09,2026-07-20,MLB,Philadelphia Phillies,Los Angeles Dodgers,total,betmgm,,,-165,130,10.5
2026-07-21T01:12:09,2026-07-20,MLB,Atlanta Braves,San Diego Padres,moneyline,draftkings,-394,284,,,
2026-07-21T01:12:09,2026-07-20,MLB,Atlanta Braves,San Diego Padres,spread,draftkings,214,-294,,,
2026-07-21T01:12:09,2026-07-20,MLB,Atlanta Braves,San Diego Padres,total,draftkings,,,-144,110,6.5
2026-07-21T01:12:09,2026-07-20,MLB,Atlanta Braves,San Diego Padres,moneyline,betmgm,-475,340,,,
2026-07-21T01:12:09,2026-07-20,MLB,Atlanta Braves,San Diego Padres,spread,betmgm,220,-295,,,
2026-07-21T01:12:09,2026-07-20,MLB,Atlanta Braves,San Diego Padres,total,betmgm,,,-150,115,6.5
2026-07-21T01:12:09,2026-07-20,MLB,Kansas City Royals,San Francisco Giants,moneyline,fanduel,-590,400,,,
2026-07-21T01:12:09,2026-07-20,MLB,Kansas City Royals,San Francisco Giants,spread,fanduel,-180,134,,,
2026-07-21T01:12:09,2026-07-20,MLB,Kansas City Royals,San Francisco Giants,total,fanduel,,,-118,-112,7.5
2026-07-21T01:12:09,2026-07-20,MLB,Kansas City Royals,San Francisco Giants,moneyline,draftkings,-552,360,,,
2026-07-21T01:12:09,2026-07-20,MLB,Kansas City Royals,San Francisco Giants,spread,draftkings,-163,125,,,
2026-07-21T01:12:09,2026-07-20,MLB,Kansas City Royals,San Francisco Giants,total,draftkings,,,-108,-120,7.5
2026-07-21T01:12:09,2026-07-20,MLB,Kansas City Royals,San Francisco Giants,moneyline,betmgm,-500,350,,,
2026-07-21T01:12:09,2026-07-20,MLB,Kansas City Royals,San Francisco Giants,spread,betmgm,-165,130,,,
2026-07-21T01:12:09,2026-07-20,MLB,Kansas City Royals,San Francisco Giants,total,betmgm,,,-120,-105,7.5
2026-07-21T01:12:09,2026-07-20,MLB,Milwaukee Brewers,New York Mets,moneyline,draftkings,-2700,890,,,
2026-07-21T01:12:09,2026-07-20,MLB,Milwaukee Brewers,New York Mets,spread,draftkings,-147,113,,,
2026-07-21T01:12:09,2026-07-20,MLB,Milwaukee Brewers,New York Mets,total,draftkings,,,103,-134,9.5
2026-07-21T01:12:09,2026-07-20,MLB,Milwaukee Brewers,New York Mets,moneyline,betmgm,-2000,900,,,
2026-07-21T01:12:09,2026-07-20,MLB,Milwaukee Brewers,New York Mets,spread,betmgm,-145,110,,,
2026-07-21T01:12:09,2026-07-20,MLB,Milwaukee Brewers,New York Mets,total,betmgm,,,118,-150,9.5
2026-07-21T01:12:09,2026-07-21,MLB,Chicago Cubs,Detroit Tigers,moneyline,fanduel,440,-700,,,
2026-07-21T01:12:09,2026-07-21,MLB,Chicago Cubs,Detroit Tigers,spread,fanduel,-136,102,,,
2026-07-21T01:12:09,2026-07-21,MLB,Chicago Cubs,Detroit Tigers,total,fanduel,,,-122,-110,12.5
2026-07-21T01:12:09,2026-07-21,MLB,Chicago Cubs,Detroit Tigers,moneyline,draftkings,373,-578,,,
2026-07-21T01:12:09,2026-07-21,MLB,Chicago Cubs,Detroit Tigers,moneyline,betmgm,400,-600,,,
2026-07-21T01:12:09,2026-07-21,MLB,Texas Rangers,Chicago White Sox,moneyline,draftkings,-278,204,,,
2026-07-21T01:12:09,2026-07-21,MLB,Texas Rangers,Chicago White Sox,spread,draftkings,106,-138,,,
2026-07-21T01:12:09,2026-07-21,MLB,Texas Rangers,Chicago White Sox,total,draftkings,,,-122,-107,7.5
2026-07-21T01:12:09,2026-07-21,MLB,Texas Rangers,Chicago White Sox,moneyline,betmgm,-250,195,,,
2026-07-21T01:12:09,2026-07-21,MLB,Texas Rangers,Chicago White Sox,spread,betmgm,110,-145,,,
2026-07-21T01:12:09,2026-07-21,MLB,Texas Rangers,Chicago White Sox,total,betmgm,,,-130,100,7.5
2026-07-21T01:12:09,2026-07-21,MLB,Houston Astros,Miami Marlins,moneyline,draftkings,-1860,770,,,
2026-07-21T01:12:09,2026-07-21,MLB,Houston Astros,Miami Marlins,spread,draftkings,110,-144,,,
2026-07-21T01:12:09,2026-07-21,MLB,Houston Astros,Miami Marlins,total,draftkings,,,103,-134,13.5
2026-07-21T01:12:09,2026-07-21,MLB,Houston Astros,Miami Marlins,moneyline,betmgm,-1200,700,,,
2026-07-21T01:12:09,2026-07-21,MLB,Houston Astros,Miami Marlins,spread,betmgm,-140,110,,,
2026-07-21T01:12:09,2026-07-21,MLB,Houston Astros,Miami Marlins,total,betmgm,,,110,-140,13.5
2026-07-21T01:12:09,2026-07-21,MLB,Colorado Rockies,Washington Nationals,moneyline,fanduel,240,-330,,,
2026-07-21T01:12:09,2026-07-21,MLB,Colorado Rockies,Washington Nationals,spread,fanduel,102,-136,,,
2026-07-21T01:12:09,2026-07-21,MLB,Colorado Rockies,Washington Nationals,total,fanduel,,,102,-136,13.5
2026-07-21T01:12:09,2026-07-21,MLB,Colorado Rockies,Washington Nationals,moneyline,draftkings,226,-312,,,
2026-07-21T01:12:09,2026-07-21,MLB,Colorado Rockies,Washington Nationals,spread,draftkings,-101,-128,,,
2026-07-21T01:12:09,2026-07-21,MLB,Colorado Rockies,Washington Nationals,total,draftkings,,,-121,-107,12.5
2026-07-21T01:12:09,2026-07-21,MLB,Colorado Rockies,Washington Nationals,moneyline,betmgm,270,-350,,,
2026-07-21T01:12:09,2026-07-21,MLB,Colorado Rockies,Washington Nationals,spread,betmgm,-135,105,,,
2026-07-21T01:12:09,2026-07-21,MLB,Colorado Rockies,Washington Nationals,total,betmgm,,,-145,110,12.5
2026-07-21T01:12:09,2026-07-21,MLB,Arizona Diamondbacks,Athletics,moneyline,fanduel,-142,120,,,
2026-07-21T01:12:09,2026-07-21,MLB,Arizona Diamondbacks,Athletics,spread,fanduel,150,-182,,,
2026-07-21T01:12:09,2026-07-21,MLB,Arizona Diamondbacks,Athletics,total,fanduel,,,-118,-104,9.0
2026-07-21T01:12:09,2026-07-21,MLB,Arizona Diamondbacks,Athletics,moneyline,draftkings,-149,123,,,
2026-07-21T01:12:09,2026-07-21,MLB,Arizona Diamondbacks,Athletics,spread,draftkings,139,-168,,,
2026-07-21T01:12:09,2026-07-21,MLB,Arizona Diamondbacks,Athletics,total,draftkings,,,-122,102,9.0
2026-07-21T01:12:09,2026-07-21,MLB,Arizona Diamondbacks,Athletics,moneyline,betmgm,-150,125,,,
2026-07-21T01:12:09,2026-07-21,MLB,Arizona Diamondbacks,Athletics,spread,betmgm,140,-170,,,
2026-07-21T01:12:09,2026-07-21,MLB,Arizona Diamondbacks,Athletics,total,betmgm,,,100,-120,9.5
2026-07-21T01:12:09,2026-07-21,MLB,Seattle Mariners,Cincinnati Reds,moneyline,draftkings,-155,128,,,
2026-07-21T01:12:09,2026-07-21,MLB,Seattle Mariners,Cincinnati Reds,spread,draftkings,139,-169,,,
2026-07-21T01:12:09,2026-07-21,MLB,Seattle Mariners,Cincinnati Reds,total,draftkings,,,-115,-105,7.5
2026-07-21T01:12:09,2026-07-21,MLB,Seattle Mariners,Cincinnati Reds,moneyline,betmgm,-150,125,,,
2026-07-21T01:12:09,2026-07-21,MLB,Seattle Mariners,Cincinnati Reds,spread,betmgm,145,-175,,,
2026-07-21T01:12:09,2026-07-21,MLB,Seattle Mariners,Cincinnati Reds,total,betmgm,,,-115,-105,7.5
2026-07-21T01:12:09,2026-07-21,MLB,Los Angeles Angels,St. Louis Cardinals,moneyline,draftkings,-110,-110,,,
2026-07-21T01:12:09,2026-07-21,MLB,Los Angeles Angels,St. Louis Cardinals,spread,draftkings,-179,147,,,
2026-07-21T01:12:09,2026-07-21,MLB,Los Angeles Angels,St. Louis Cardinals,total,draftkings,,,-108,-112,9.0
2026-07-21T01:12:09,2026-07-21,MLB,Los Angeles Angels,St. Louis Cardinals,moneyline,betmgm,-110,-110,,,
2026-07-21T01:12:09,2026-07-21,MLB,Los Angeles Angels,St. Louis Cardinals,spread,betmgm,-185,150,,,
2026-07-21T01:12:09,2026-07-21,MLB,Los Angeles Angels,St. Louis Cardinals,total,betmgm,,,-105,-115,9.0
2026-07-21T01:12:09,2026-07-21,MLB,Chicago Cubs,Detroit Tigers,spread,draftkings,104,-135,,,
2026-07-21T01:12:09,2026-07-21,MLB,Chicago Cubs,Detroit Tigers,total,draftkings,,,-130,100,12.5
2026-07-21T01:12:09,2026-07-21,MLB,Chicago Cubs,Detroit Tigers,spread,betmgm,-140,110,,,
2026-07-21T01:12:09,2026-07-21,MLB,Chicago Cubs,Detroit Tigers,total,betmgm,,,-130,100,12.5
2026-07-21T18:02:34,2026-07-21,MLB,Philadelphia Phillies,Los Angeles Dodgers,moneyline,fanduel,-124,106,,,
2026-07-21T18:02:34,2026-07-21,MLB,Philadelphia Phillies,Los Angeles Dodgers,spread,fanduel,162,-196,,,
2026-07-21T18:02:34,2026-07-21,MLB,Philadelphia Phillies,Los Angeles Dodgers,total,fanduel,,,-105,-115,9.0
2026-07-21T18:02:34,2026-07-21,MLB,New York Yankees,Pittsburgh Pirates,moneyline,fanduel,-138,118,,,
2026-07-21T18:02:34,2026-07-21,MLB,New York Yankees,Pittsburgh Pirates,spread,fanduel,146,-178,,,
2026-07-21T18:02:34,2026-07-21,MLB,New York Yankees,Pittsburgh Pirates,total,fanduel,,,-105,-115,9.5
2026-07-22T01:10:22,2026-07-21,MLB,Toronto Blue Jays,Tampa Bay Rays,moneyline,fanduel,3500,-50000,,,
2026-07-22T01:10:22,2026-07-21,MLB,Toronto Blue Jays,Tampa Bay Rays,spread,fanduel,-108,-122,,,
2026-07-22T01:10:22,2026-07-21,MLB,Toronto Blue Jays,Tampa Bay Rays,total,fanduel,,,118,-158,12.5
2026-07-22T01:10:22,2026-07-21,MLB,Atlanta Braves,San Diego Padres,moneyline,fanduel,1100,-4000,,,
2026-07-22T01:10:22,2026-07-21,MLB,Atlanta Braves,San Diego Padres,spread,fanduel,146,-198,,,
2026-07-22T01:10:22,2026-07-21,MLB,Atlanta Braves,San Diego Padres,total,fanduel,,,100,-132,10.5
2026-07-22T01:10:22,2026-07-21,MLB,Milwaukee Brewers,New York Mets,moneyline,fanduel,390,-590,,,
2026-07-22T01:10:22,2026-07-21,MLB,Milwaukee Brewers,New York Mets,spread,fanduel,104,-138,,,
2026-07-22T01:10:22,2026-07-21,MLB,Milwaukee Brewers,New York Mets,total,fanduel,,,-106,-125,7.5
2026-07-22T01:10:22,2026-07-22,MLB,Houston Astros,Miami Marlins,moneyline,fanduel,-480,330,,,
2026-07-22T01:10:22,2026-07-22,MLB,Houston Astros,Miami Marlins,spread,fanduel,114,-152,,,
2026-07-22T01:10:22,2026-07-22,MLB,Houston Astros,Miami Marlins,total,fanduel,,,-148,112,6.5
2026-07-22T17:57:00,2026-07-22,MLB,Colorado Rockies,Washington Nationals,moneyline,fanduel,120,-142,,,
2026-07-22T17:57:00,2026-07-22,MLB,Colorado Rockies,Washington Nationals,spread,fanduel,-132,110,,,
2026-07-22T17:57:00,2026-07-22,MLB,Colorado Rockies,Washington Nationals,total,fanduel,,,-106,-114,11.5
2026-07-22T17:57:00,2026-07-22,MLB,Seattle Mariners,Cincinnati Reds,moneyline,fanduel,-164,138,,,
2026-07-22T17:57:00,2026-07-22,MLB,Seattle Mariners,Cincinnati Reds,spread,fanduel,130,-156,,,
2026-07-22T17:57:00,2026-07-22,MLB,Seattle Mariners,Cincinnati Reds,total,fanduel,,,100,-122,8.5
2026-07-22T01:10:22,2026-07-21,MLB,Cleveland Guardians,Minnesota Twins,moneyline,fanduel,-20000,2500,,,
2026-07-22T01:10:22,2026-07-21,MLB,Cleveland Guardians,Minnesota Twins,spread,fanduel,235,-340,,,
2026-07-22T01:10:22,2026-07-21,MLB,Cleveland Guardians,Minnesota Twins,total,fanduel,,,-102,-130,7.5
2026-07-21T18:02:34,2026-07-21,MLB,Philadelphia Phillies,Los Angeles Dodgers,moneyline,draftkings,-122,101,,,
2026-07-21T18:02:34,2026-07-21,MLB,Philadelphia Phillies,Los Angeles Dodgers,spread,draftkings,-196,161,,,
2026-07-21T18:02:34,2026-07-21,MLB,Philadelphia Phillies,Los Angeles Dodgers,total,draftkings,,,-101,-119,9.0
2026-07-21T18:02:34,2026-07-21,MLB,Philadelphia Phillies,Los Angeles Dodgers,moneyline,betmgm,-120,100,,,
2026-07-21T18:02:34,2026-07-21,MLB,Philadelphia Phillies,Los Angeles Dodgers,spread,betmgm,160,-210,,,
2026-07-21T18:02:34,2026-07-21,MLB,Philadelphia Phillies,Los Angeles Dodgers,total,betmgm,,,-130,100,8.5
2026-07-21T18:02:34,2026-07-21,MLB,New York Yankees,Pittsburgh Pirates,moneyline,draftkings,-131,109,,,
2026-07-21T18:02:34,2026-07-21,MLB,New York Yankees,Pittsburgh Pirates,spread,draftkings,148,-180,,,
2026-07-21T18:02:34,2026-07-21,MLB,New York Yankees,Pittsburgh Pirates,total,draftkings,,,-105,-114,9.5
2026-07-21T18:02:34,2026-07-21,MLB,New York Yankees,Pittsburgh Pirates,moneyline,betmgm,-135,110,,,
2026-07-21T18:02:34,2026-07-21,MLB,New York Yankees,Pittsburgh Pirates,spread,betmgm,150,-185,,,
2026-07-21T18:02:34,2026-07-21,MLB,New York Yankees,Pittsburgh Pirates,total,betmgm,,,-105,-115,9.5
2026-07-21T18:02:34,2026-07-21,MLB,Toronto Blue Jays,Tampa Bay Rays,moneyline,draftkings,-110,-110,,,
2026-07-22T01:10:22,2026-07-21,MLB,Toronto Blue Jays,Tampa Bay Rays,spread,draftkings,-115,-113,,,
2026-07-22T01:10:22,2026-07-21,MLB,Toronto Blue Jays,Tampa Bay Rays,total,draftkings,,,115,-150,12.5
2026-07-21T18:02:34,2026-07-21,MLB,Toronto Blue Jays,Tampa Bay Rays,moneyline,betmgm,-110,-110,,,
2026-07-22T01:10:22,2026-07-21,MLB,Toronto Blue Jays,Tampa Bay Rays,spread,betmgm,-110,-115,,,
2026-07-22T01:10:22,2026-07-21,MLB,Toronto Blue Jays,Tampa Bay Rays,total,betmgm,,,110,-145,12.5
2026-07-22T01:10:22,2026-07-21,MLB,Atlanta Braves,San Diego Padres,moneyline,draftkings,910,-2200,,,
2026-07-22T01:10:22,2026-07-21,MLB,Atlanta Braves,San Diego Padres,spread,draftkings,-194,147,,,
2026-07-22T01:10:22,2026-07-21,MLB,Atlanta Braves,San Diego Padres,total,draftkings,,,102,-133,10.5
2026-07-22T01:10:22,2026-07-21,MLB,Atlanta Braves,San Diego Padres,moneyline,betmgm,950,-2500,,,
2026-07-22T01:10:22,2026-07-21,MLB,Atlanta Braves,San Diego Padres,spread,betmgm,-165,130,,,
2026-07-22T01:10:22,2026-07-21,MLB,Atlanta Braves,San Diego Padres,total,betmgm,,,-110,-118,10.5
2026-07-22T01:10:22,2026-07-21,MLB,Kansas City Royals,San Francisco Giants,moneyline,fanduel,146,-188,,,
2026-07-22T01:10:22,2026-07-21,MLB,Kansas City Royals,San Francisco Giants,spread,fanduel,-220,162,,,
2026-07-22T01:10:22,2026-07-21,MLB,Kansas City Royals,San Francisco Giants,total,fanduel,,,-104,-128,6.5
2026-07-22T01:10:22,2026-07-21,MLB,Kansas City Royals,San Francisco Giants,moneyline,draftkings,136,-178,,,
2026-07-22T01:10:22,2026-07-21,MLB,Kansas City Royals,San Francisco Giants,spread,draftkings,-208,157,,,
2026-07-22T01:10:22,2026-07-21,MLB,Kansas City Royals,San Francisco Giants,total,draftkings,,,-110,-118,6.5
2026-07-22T01:10:22,2026-07-21,MLB,Kansas City Royals,San Francisco Giants,moneyline,betmgm,160,-200,,,
2026-07-22T01:10:22,2026-07-21,MLB,Kansas City Royals,San Francisco Giants,spread,betmgm,-200,155,,,
2026-07-22T01:10:22,2026-07-21,MLB,Kansas City Royals,San Francisco Giants,total,betmgm,,,-105,-120,6.5
2026-07-22T01:10:22,2026-07-21,MLB,Milwaukee Brewers,New York Mets,moneyline,draftkings,397,-630,,,
2026-07-22T01:10:22,2026-07-21,MLB,Milwaukee Brewers,New York Mets,spread,draftkings,111,-144,,,
2026-07-22T01:10:22,2026-07-21,MLB,Milwaukee Brewers,New York Mets,total,draftkings,,,110,-144,7.5
2026-07-22T01:10:22,2026-07-21,MLB,Milwaukee Brewers,New York Mets,moneyline,betmgm,150,-190,,,
2026-07-22T01:10:22,2026-07-21,MLB,Milwaukee Brewers,New York Mets,spread,betmgm,-150,115,,,
2026-07-22T01:10:22,2026-07-21,MLB,Milwaukee Brewers,New York Mets,total,betmgm,,,-110,-115,5.5
2026-07-22T01:10:22,2026-07-22,MLB,Chicago Cubs,Detroit Tigers,moneyline,fanduel,-50000,3500,,,
2026-07-22T01:10:22,2026-07-22,MLB,Chicago Cubs,Detroit Tigers,spread,fanduel,-130,-102,,,
2026-07-22T01:10:22,2026-07-22,MLB,Chicago Cubs,Detroit Tigers,total,fanduel,,,-106,-125,12.5
2026-07-22T01:10:22,2026-07-22,MLB,Houston Astros,Miami Marlins,moneyline,draftkings,-566,367,,,
2026-07-22T01:10:22,2026-07-22,MLB,Houston Astros,Miami Marlins,spread,draftkings,101,-132,,,
2026-07-22T01:10:22,2026-07-22,MLB,Houston Astros,Miami Marlins,total,draftkings,,,114,-148,7.5
2026-07-22T01:10:22,2026-07-22,MLB,Houston Astros,Miami Marlins,moneyline,betmgm,-500,350,,,
2026-07-22T01:10:22,2026-07-22,MLB,Houston Astros,Miami Marlins,spread,betmgm,-110,-118,,,
2026-07-22T01:10:22,2026-07-22,MLB,Houston Astros,Miami Marlins,total,betmgm,,,118,-150,7.5
2026-07-22T17:57:00,2026-07-22,MLB,Colorado Rockies,Washington Nationals,moneyline,draftkings,123,-148,,,
2026-07-22T17:57:00,2026-07-22,MLB,Colorado Rockies,Washington Nationals,spread,draftkings,-123,102,,,
2026-07-22T17:57:00,2026-07-22,MLB,Colorado Rockies,Washington Nationals,total,draftkings,,,-116,-104,11.5
2026-07-22T17:57:00,2026-07-22,MLB,Colorado Rockies,Washington Nationals,moneyline,betmgm,125,-150,,,
2026-07-22T17:57:00,2026-07-22,MLB,Colorado Rockies,Washington Nationals,spread,betmgm,-120,100,,,
2026-07-22T17:57:00,2026-07-22,MLB,Colorado Rockies,Washington Nationals,total,betmgm,,,-105,-115,11.5
2026-07-22T17:57:00,2026-07-22,MLB,Los Angeles Angels,St. Louis Cardinals,moneyline,fanduel,-132,112,,,
2026-07-22T17:57:00,2026-07-22,MLB,Los Angeles Angels,St. Louis Cardinals,spread,fanduel,158,-192,,,
2026-07-22T17:57:00,2026-07-22,MLB,Los Angeles Angels,St. Louis Cardinals,total,fanduel,,,-122,100,8.5
2026-07-22T17:57:00,2026-07-22,MLB,Los Angeles Angels,St. Louis Cardinals,moneyline,draftkings,-136,113,,,
2026-07-22T17:57:00,2026-07-22,MLB,Los Angeles Angels,St. Louis Cardinals,spread,draftkings,150,-182,,,
2026-07-22T17:57:00,2026-07-22,MLB,Los Angeles Angels,St. Louis Cardinals,total,draftkings,,,-119,-101,8.5
2026-07-22T17:57:00,2026-07-22,MLB,Los Angeles Angels,St. Louis Cardinals,moneyline,betmgm,-135,110,,,
2026-07-22T17:57:00,2026-07-22,MLB,Los Angeles Angels,St. Louis Cardinals,spread,betmgm,150,-185,,,
2026-07-22T17:57:00,2026-07-22,MLB,Los Angeles Angels,St. Louis Cardinals,total,betmgm,,,-118,-102,8.5
2026-07-22T17:57:00,2026-07-22,MLB,Seattle Mariners,Cincinnati Reds,moneyline,draftkings,-168,139,,,
2026-07-22T17:57:00,2026-07-22,MLB,Seattle Mariners,Cincinnati Reds,spread,draftkings,129,-156,,,
2026-07-22T17:57:00,2026-07-22,MLB,Seattle Mariners,Cincinnati Reds,total,draftkings,,,-115,-105,8.0
2026-07-22T17:57:00,2026-07-22,MLB,Seattle Mariners,Cincinnati Reds,moneyline,betmgm,-160,135,,,
2026-07-22T17:57:00,2026-07-22,MLB,Seattle Mariners,Cincinnati Reds,spread,betmgm,135,-165,,,
2026-07-22T17:57:00,2026-07-22,MLB,Seattle Mariners,Cincinnati Reds,total,betmgm,,,-110,-110,8.0
2026-07-22T01:10:22,2026-07-21,MLB,Cleveland Guardians,Minnesota Twins,moneyline,betmgm,-10000,2000,,,
2026-07-22T01:10:22,2026-07-21,MLB,Cleveland Guardians,Minnesota Twins,total,betmgm,,,-110,-115,7.5
2026-07-21T18:02:34,2026-07-21,MLB,Cleveland Guardians,Minnesota Twins,moneyline,draftkings,-150,124,,,
2026-07-22T01:10:22,2026-07-21,MLB,Cleveland Guardians,Minnesota Twins,spread,draftkings,284,-410,,,
2026-07-22T01:10:22,2026-07-21,MLB,Cleveland Guardians,Minnesota Twins,total,draftkings,,,100,-130,7.5
2026-07-21T18:02:34,2026-07-21,MLB,Boston Red Sox,Baltimore Orioles,moneyline,fanduel,-104,-112,,,
2026-07-21T18:02:34,2026-07-21,MLB,Boston Red Sox,Baltimore Orioles,spread,fanduel,-184,150,,,
2026-07-21T18:02:34,2026-07-21,MLB,Boston Red Sox,Baltimore Orioles,total,fanduel,,,-120,-102,8.5
2026-07-21T18:02:34,2026-07-21,MLB,Boston Red Sox,Baltimore Orioles,moneyline,draftkings,-109,-110,,,
2026-07-21T18:02:34,2026-07-21,MLB,Boston Red Sox,Baltimore Orioles,spread,draftkings,-182,150,,,
2026-07-21T18:02:34,2026-07-21,MLB,Boston Red Sox,Baltimore Orioles,total,draftkings,,,-115,-105,8.5
2026-07-21T18:02:34,2026-07-21,MLB,Boston Red Sox,Baltimore Orioles,moneyline,betmgm,-105,-115,,,
2026-07-21T18:02:34,2026-07-21,MLB,Boston Red Sox,Baltimore Orioles,spread,betmgm,-180,145,,,
2026-07-21T18:02:34,2026-07-21,MLB,Boston Red Sox,Baltimore Orioles,total,betmgm,,,-115,-105,8.5
2026-07-22T01:10:22,2026-07-22,MLB,Chicago Cubs,Detroit Tigers,moneyline,betmgm,-10000,3300,,,
2026-07-22T01:10:22,2026-07-22,MLB,Chicago Cubs,Detroit Tigers,spread,betmgm,-110,-115,,,
2026-07-22T01:10:22,2026-07-22,MLB,Chicago Cubs,Detroit Tigers,total,betmgm,,,-110,-118,12.5
2026-07-21T18:02:34,2026-07-22,MLB,Chicago Cubs,Detroit Tigers,moneyline,draftkings,-122,101,,,
2026-07-22T01:10:22,2026-07-22,MLB,Chicago Cubs,Detroit Tigers,spread,draftkings,-123,-105,,,
2026-07-22T01:10:22,2026-07-22,MLB,Chicago Cubs,Detroit Tigers,total,draftkings,,,-120,-108,12.5
2026-07-22T01:10:22,2026-07-22,MLB,Texas Rangers,Chicago White Sox,moneyline,fanduel,-2000,830,,,
2026-07-22T01:10:22,2026-07-22,MLB,Texas Rangers,Chicago White Sox,spread,fanduel,-172,126,,,
2026-07-22T01:10:22,2026-07-22,MLB,Texas Rangers,Chicago White Sox,total,fanduel,,,-112,-118,8.5
2026-07-22T01:10:22,2026-07-22,MLB,Texas Rangers,Chicago White Sox,moneyline,betmgm,-1000,600,,,
2026-07-22T01:10:22,2026-07-22,MLB,Texas Rangers,Chicago White Sox,spread,betmgm,100,-130,,,
2026-07-22T01:10:22,2026-07-22,MLB,Texas Rangers,Chicago White Sox,total,betmgm,,,-110,-115,7.5
2026-07-22T01:10:22,2026-07-22,MLB,Texas Rangers,Chicago White Sox,moneyline,draftkings,-1740,740,,,
2026-07-22T01:10:22,2026-07-22,MLB,Texas Rangers,Chicago White Sox,spread,draftkings,117,-153,,,
2026-07-22T01:10:22,2026-07-22,MLB,Texas Rangers,Chicago White Sox,total,draftkings,,,-110,-118,8.5
2026-07-22T17:57:00,2026-07-22,MLB,Arizona Diamondbacks,Athletics,moneyline,fanduel,-130,110,,,
2026-07-22T17:57:00,2026-07-22,MLB,Arizona Diamondbacks,Athletics,spread,fanduel,162,-194,,,
2026-07-22T17:57:00,2026-07-22,MLB,Arizona Diamondbacks,Athletics,total,fanduel,,,-124,102,8.5
2026-07-22T17:57:00,2026-07-22,MLB,Arizona Diamondbacks,Athletics,moneyline,draftkings,-131,109,,,
2026-07-22T17:57:00,2026-07-22,MLB,Arizona Diamondbacks,Athletics,spread,draftkings,153,-186,,,
2026-07-22T17:57:00,2026-07-22,MLB,Arizona Diamondbacks,Athletics,total,draftkings,,,-122,101,8.5
2026-07-22T17:57:00,2026-07-22,MLB,Arizona Diamondbacks,Athletics,moneyline,betmgm,-135,115,,,
2026-07-22T17:57:00,2026-07-22,MLB,Arizona Diamondbacks,Athletics,spread,betmgm,155,-190,,,
2026-07-22T17:57:00,2026-07-22,MLB,Arizona Diamondbacks,Athletics,total,betmgm,,,-130,100,8.5
2026-07-23T01:17:42,2026-07-22,MLB,New York Yankees,Pittsburgh Pirates,moneyline,fanduel,-4500,1200,,,
2026-07-23T01:17:42,2026-07-22,MLB,New York Yankees,Pittsburgh Pirates,spread,fanduel,118,-158,,,
2026-07-23T01:17:42,2026-07-22,MLB,New York Yankees,Pittsburgh Pirates,total,fanduel,,,114,-152,3.5
2026-07-22T17:57:00,2026-07-22,MLB,Kansas City Royals,San Francisco Giants,moneyline,fanduel,110,-130,,,
2026-07-22T17:57:00,2026-07-22,MLB,Kansas City Royals,San Francisco Giants,spread,fanduel,-154,128,,,
2026-07-22T17:57:00,2026-07-22,MLB,Kansas City Royals,San Francisco Giants,total,fanduel,,,-122,100,8.5
2026-07-22T17:57:00,2026-07-22,MLB,Milwaukee Brewers,New York Mets,moneyline,fanduel,-158,134,,,
2026-07-22T17:57:00,2026-07-22,MLB,Milwaukee Brewers,New York Mets,spread,fanduel,134,-162,,,
2026-07-22T17:57:00,2026-07-22,MLB,Milwaukee Brewers,New York Mets,total,fanduel,,,-112,-108,7.5
2026-07-22T01:10:22,2026-07-21,MLB,Cleveland Guardians,Minnesota Twins,spread,betmgm,-325,240,,,
2026-07-22T17:57:00,2026-07-22,MLB,Philadelphia Phillies,Los Angeles Dodgers,moneyline,fanduel,102,-120,,,
2026-07-23T01:17:42,2026-07-22,MLB,Philadelphia Phillies,Los Angeles Dodgers,spread,fanduel,178,-245,,,
2026-07-23T01:17:42,2026-07-22,MLB,Philadelphia Phillies,Los Angeles Dodgers,total,fanduel,,,-180,134,12.5
2026-07-22T17:57:00,2026-07-22,MLB,Philadelphia Phillies,Los Angeles Dodgers,moneyline,draftkings,100,-120,,,
2026-07-23T01:17:42,2026-07-22,MLB,Philadelphia Phillies,Los Angeles Dodgers,spread,draftkings,150,-199,,,
2026-07-23T01:17:42,2026-07-22,MLB,Philadelphia Phillies,Los Angeles Dodgers,total,draftkings,,,120,-157,13.5
2026-07-22T17:57:00,2026-07-22,MLB,Philadelphia Phillies,Los Angeles Dodgers,moneyline,betmgm,100,-120,,,
2026-07-23T01:17:42,2026-07-22,MLB,Philadelphia Phillies,Los Angeles Dodgers,spread,betmgm,190,-250,,,
2026-07-23T01:17:42,2026-07-22,MLB,Philadelphia Phillies,Los Angeles Dodgers,total,betmgm,,,-155,120,12.5
2026-07-23T01:17:42,2026-07-22,MLB,Boston Red Sox,Baltimore Orioles,moneyline,fanduel,1100,-4000,,,
2026-07-23T01:17:42,2026-07-22,MLB,Boston Red Sox,Baltimore Orioles,spread,fanduel,-136,102,,,
2026-07-23T01:17:42,2026-07-22,MLB,Boston Red Sox,Baltimore Orioles,total,fanduel,,,114,-152,9.5
2026-07-22T17:57:00,2026-07-22,MLB,Kansas City Royals,San Francisco Giants,moneyline,draftkings,113,-136,,,
2026-07-22T17:57:00,2026-07-22,MLB,Kansas City Royals,San Francisco Giants,spread,draftkings,-149,123,,,
2026-07-22T17:57:00,2026-07-22,MLB,Kansas City Royals,San Francisco Giants,total,draftkings,,,-121,100,8.5
2026-07-22T17:57:00,2026-07-22,MLB,Kansas City Royals,San Francisco Giants,moneyline,betmgm,110,-135,,,
2026-07-22T17:57:00,2026-07-22,MLB,Kansas City Royals,San Francisco Giants,spread,betmgm,-155,125,,,
2026-07-22T17:57:00,2026-07-22,MLB,Kansas City Royals,San Francisco Giants,total,betmgm,,,-130,100,8.5
2026-07-22T17:57:00,2026-07-22,MLB,Milwaukee Brewers,New York Mets,moneyline,draftkings,-162,134,,,
2026-07-22T17:57:00,2026-07-22,MLB,Milwaukee Brewers,New York Mets,spread,draftkings,135,-163,,,
2026-07-22T17:57:00,2026-07-22,MLB,Milwaukee Brewers,New York Mets,total,draftkings,,,-111,-108,7.5
2026-07-22T17:57:00,2026-07-22,MLB,Milwaukee Brewers,New York Mets,moneyline,betmgm,-155,130,,,
2026-07-22T17:57:00,2026-07-22,MLB,Milwaukee Brewers,New York Mets,spread,betmgm,140,-170,,,
2026-07-22T17:57:00,2026-07-22,MLB,Milwaukee Brewers,New York Mets,total,betmgm,,,-110,-110,7.5
2026-07-23T01:17:42,2026-07-22,MLB,Cleveland Guardians,Minnesota Twins,moneyline,fanduel,3000,-50000,,,
2026-07-23T01:17:42,2026-07-22,MLB,Cleveland Guardians,Minnesota Twins,spread,fanduel,200,-280,,,
2026-07-23T01:17:42,2026-07-22,MLB,Cleveland Guardians,Minnesota Twins,total,fanduel,,,114,-152,14.5
2026-07-22T17:57:00,2026-07-22,MLB,Cleveland Guardians,Minnesota Twins,moneyline,draftkings,-126,104,,,
2026-07-23T01:17:42,2026-07-22,MLB,Cleveland Guardians,Minnesota Twins,spread,draftkings,198,-268,,,
2026-07-23T01:17:42,2026-07-22,MLB,Cleveland Guardians,Minnesota Twins,total,draftkings,,,116,-151,14.5
2026-07-22T17:57:00,2026-07-22,MLB,Cleveland Guardians,Minnesota Twins,moneyline,betmgm,-125,105,,,
2026-07-23T01:17:42,2026-07-22,MLB,Cleveland Guardians,Minnesota Twins,total,betmgm,,,118,-150,14.5
2026-07-23T01:17:42,2026-07-23,MLB,Chicago Cubs,Detroit Tigers,moneyline,fanduel,460,-750,,,
2026-07-23T01:17:42,2026-07-23,MLB,Chicago Cubs,Detroit Tigers,spread,fanduel,130,-174,,,
2026-07-23T01:17:42,2026-07-23,MLB,Chicago Cubs,Detroit Tigers,total,fanduel,,,102,-136,9.5
2026-07-23T01:17:42,2026-07-23,MLB,Chicago Cubs,Detroit Tigers,moneyline,draftkings,393,-620,,,
2026-07-23T01:17:42,2026-07-23,MLB,Chicago Cubs,Detroit Tigers,spread,draftkings,109,-141,,,
2026-07-23T01:17:42,2026-07-23,MLB,Chicago Cubs,Detroit Tigers,total,draftkings,,,110,-144,9.5
2026-07-23T01:17:42,2026-07-23,MLB,Chicago Cubs,Detroit Tigers,moneyline,betmgm,425,-625,,,
2026-07-23T01:17:42,2026-07-23,MLB,Chicago Cubs,Detroit Tigers,spread,betmgm,110,-145,,,
2026-07-23T01:17:42,2026-07-23,MLB,Chicago Cubs,Detroit Tigers,total,betmgm,,,118,-150,9.5
2026-07-23T01:17:42,2026-07-23,MLB,Texas Rangers,Chicago White Sox,moneyline,fanduel,116,-148,,,
2026-07-23T01:17:42,2026-07-23,MLB,Texas Rangers,Chicago White Sox,spread,fanduel,-182,136,,,
2026-07-23T01:17:42,2026-07-23,MLB,Texas Rangers,Chicago White Sox,total,fanduel,,,100,-132,10.5
2026-07-23T01:17:42,2026-07-23,MLB,Texas Rangers,Chicago White Sox,moneyline,draftkings,114,-149,,,
2026-07-23T01:17:42,2026-07-23,MLB,Texas Rangers,Chicago White Sox,spread,draftkings,-171,130,,,
2026-07-23T01:17:42,2026-07-23,MLB,Texas Rangers,Chicago White Sox,total,draftkings,,,-127,-102,9.5
2026-07-23T01:17:42,2026-07-23,MLB,Texas Rangers,Chicago White Sox,moneyline,betmgm,105,-135,,,
2026-07-23T01:17:42,2026-07-23,MLB,Texas Rangers,Chicago White Sox,spread,betmgm,-200,154,,,
2026-07-23T01:17:42,2026-07-23,MLB,Texas Rangers,Chicago White Sox,total,betmgm,,,-125,-102,10.5
2026-07-23T01:17:42,2026-07-23,MLB,Houston Astros,Miami Marlins,moneyline,fanduel,-138,108,,,
2026-07-23T01:17:42,2026-07-23,MLB,Houston Astros,Miami Marlins,spread,fanduel,194,-270,,,
2026-07-23T01:17:42,2026-07-23,MLB,Houston Astros,Miami Marlins,total,fanduel,,,-130,-102,8.5
2026-07-23T01:17:42,2026-07-23,MLB,Houston Astros,Miami Marlins,moneyline,draftkings,-132,101,,,
2026-07-23T01:17:42,2026-07-23,MLB,Houston Astros,Miami Marlins,spread,draftkings,-273,201,,,
2026-07-23T01:17:42,2026-07-23,MLB,Houston Astros,Miami Marlins,total,draftkings,,,-126,-103,8.5
2026-07-23T01:17:42,2026-07-23,MLB,Houston Astros,Miami Marlins,moneyline,betmgm,-135,105,,,
2026-07-23T01:17:42,2026-07-23,MLB,Houston Astros,Miami Marlins,spread,betmgm,210,-275,,,
2026-07-23T01:17:42,2026-07-23,MLB,Houston Astros,Miami Marlins,total,betmgm,,,-130,100,8.5
2026-07-23T01:17:42,2026-07-22,MLB,New York Yankees,Pittsburgh Pirates,moneyline,betmgm,-5000,1300,,,
2026-07-23T01:17:42,2026-07-22,MLB,New York Yankees,Pittsburgh Pirates,spread,betmgm,140,-185,,,
2026-07-23T01:17:42,2026-07-22,MLB,New York Yankees,Pittsburgh Pirates,total,betmgm,,,-155,120,2.5
2026-07-23T01:17:42,2026-07-22,MLB,New York Yankees,Pittsburgh Pirates,moneyline,draftkings,-10000,1260,,,
2026-07-23T01:17:42,2026-07-22,MLB,New York Yankees,Pittsburgh Pirates,spread,draftkings,137,-180,,,
2026-07-23T01:17:42,2026-07-22,MLB,New York Yankees,Pittsburgh Pirates,total,draftkings,,,-150,115,2.5
2026-07-23T01:17:42,2026-07-22,MLB,Boston Red Sox,Baltimore Orioles,moneyline,betmgm,1450,-10000,,,
2026-07-23T01:17:42,2026-07-22,MLB,Boston Red Sox,Baltimore Orioles,spread,betmgm,125,-160,,,
2026-07-23T01:17:42,2026-07-22,MLB,Boston Red Sox,Baltimore Orioles,total,betmgm,,,-120,-105,9.5
2026-07-23T01:17:42,2026-07-22,MLB,Boston Red Sox,Baltimore Orioles,moneyline,draftkings,1040,-4300,,,
2026-07-23T01:17:42,2026-07-22,MLB,Boston Red Sox,Baltimore Orioles,spread,draftkings,-134,103,,,
2026-07-23T01:17:42,2026-07-22,MLB,Boston Red Sox,Baltimore Orioles,total,draftkings,,,-155,119,8.5
2026-07-23T01:17:42,2026-07-22,MLB,Toronto Blue Jays,Tampa Bay Rays,moneyline,fanduel,520,-900,,,
2026-07-23T01:17:42,2026-07-22,MLB,Toronto Blue Jays,Tampa Bay Rays,spread,fanduel,188,-260,,,
2026-07-23T01:17:42,2026-07-22,MLB,Toronto Blue Jays,Tampa Bay Rays,total,fanduel,,,104,-138,7.5
2026-07-23T01:17:42,2026-07-22,MLB,Toronto Blue Jays,Tampa Bay Rays,moneyline,draftkings,600,-1180,,,
2026-07-23T01:17:42,2026-07-22,MLB,Toronto Blue Jays,Tampa Bay Rays,spread,draftkings,-286,186,,,
2026-07-23T01:17:42,2026-07-22,MLB,Toronto Blue Jays,Tampa Bay Rays,total,draftkings,,,111,-145,7.5
2026-07-23T01:17:42,2026-07-22,MLB,Toronto Blue Jays,Tampa Bay Rays,moneyline,betmgm,700,-1200,,,
2026-07-23T01:17:42,2026-07-22,MLB,Toronto Blue Jays,Tampa Bay Rays,spread,betmgm,-275,210,,,
2026-07-23T01:17:42,2026-07-22,MLB,Toronto Blue Jays,Tampa Bay Rays,total,betmgm,,,125,-160,7.5
2026-07-23T01:17:42,2026-07-22,MLB,Atlanta Braves,San Diego Padres,moneyline,fanduel,-166,130,,,
2026-07-23T01:17:42,2026-07-22,MLB,Atlanta Braves,San Diego Padres,spread,fanduel,350,-550,,,
2026-07-23T01:17:42,2026-07-22,MLB,Atlanta Braves,San Diego Padres,total,fanduel,,,-125,-106,4.5
2026-07-23T01:17:42,2026-07-22,MLB,Atlanta Braves,San Diego Padres,moneyline,draftkings,-205,155,,,
2026-07-23T01:17:42,2026-07-22,MLB,Atlanta Braves,San Diego Padres,spread,draftkings,248,-348,,,
2026-07-23T01:17:42,2026-07-22,MLB,Atlanta Braves,San Diego Padres,total,draftkings,,,-118,-110,4.5
2026-07-23T01:17:42,2026-07-22,MLB,Atlanta Braves,San Diego Padres,moneyline,betmgm,-190,150,,,
2026-07-23T01:17:42,2026-07-22,MLB,Atlanta Braves,San Diego Padres,total,betmgm,,,-135,105,4.5
2026-07-23T01:17:42,2026-07-22,MLB,Cleveland Guardians,Minnesota Twins,spread,betmgm,-250,190,,,
2026-07-23T01:17:42,2026-07-22,MLB,Atlanta Braves,San Diego Padres,spread,betmgm,240,-325,,,
2026-07-23T18:02:49,2026-07-23,MLB,Atlanta Braves,San Diego Padres,moneyline,fanduel,-3000,900,,,
2026-07-23T18:02:49,2026-07-23,MLB,Atlanta Braves,San Diego Padres,spread,fanduel,-158,118,,,
2026-07-23T18:02:49,2026-07-23,MLB,Atlanta Braves,San Diego Padres,total,fanduel,,,116,-154,11.5
2026-07-23T18:02:49,2026-07-23,MLB,Atlanta Braves,San Diego Padres,moneyline,draftkings,-2100,820,,,
2026-07-23T18:02:49,2026-07-23,MLB,Atlanta Braves,San Diego Padres,spread,draftkings,-142,109,,,
2026-07-23T18:02:49,2026-07-23,MLB,Atlanta Braves,San Diego Padres,total,draftkings,,,126,-152,11.5
2026-07-23T18:02:49,2026-07-23,MLB,Atlanta Braves,San Diego Padres,moneyline,betmgm,-1400,725,,,
2026-07-23T18:02:49,2026-07-23,MLB,Atlanta Braves,San Diego Padres,spread,betmgm,-110,-118,,,
2026-07-23T18:02:49,2026-07-23,MLB,Atlanta Braves,San Diego Padres,total,betmgm,,,-145,110,10.5
2026-07-23T18:02:49,2026-07-23,MLB,Cleveland Guardians,Minnesota Twins,moneyline,fanduel,-192,148,,,
2026-07-23T18:02:49,2026-07-23,MLB,Cleveland Guardians,Minnesota Twins,spread,fanduel,164,-225,,,
2026-07-23T18:02:49,2026-07-23,MLB,Cleveland Guardians,Minnesota Twins,total,fanduel,,,-102,-130,4.5
2026-07-23T18:02:49,2026-07-23,MLB,Cleveland Guardians,Minnesota Twins,moneyline,draftkings,-173,132,,,
2026-07-23T18:02:49,2026-07-23,MLB,Cleveland Guardians,Minnesota Twins,spread,draftkings,194,-263,,,
2026-07-23T18:02:49,2026-07-23,MLB,Cleveland Guardians,Minnesota Twins,total,draftkings,,,106,-138,4.5
2026-07-23T18:02:49,2026-07-23,MLB,Cleveland Guardians,Minnesota Twins,moneyline,betmgm,-185,145,,,
2026-07-23T18:02:49,2026-07-23,MLB,Cleveland Guardians,Minnesota Twins,total,betmgm,,,-110,-115,4.5
2026-07-23T18:02:49,2026-07-23,MLB,Toronto Blue Jays,Tampa Bay Rays,moneyline,fanduel,-102,-116,,,
2026-07-23T18:02:49,2026-07-23,MLB,Toronto Blue Jays,Tampa Bay Rays,spread,fanduel,-176,146,,,
2026-07-23T18:02:49,2026-07-23,MLB,Toronto Blue Jays,Tampa Bay Rays,total,fanduel,,,-112,-108,8.5
2026-07-23T18:02:49,2026-07-23,MLB,Toronto Blue Jays,Tampa Bay Rays,moneyline,draftkings,-104,-115,,,
2026-07-23T18:02:49,2026-07-23,MLB,Toronto Blue Jays,Tampa Bay Rays,spread,draftkings,-175,144,,,
2026-07-23T18:02:49,2026-07-23,MLB,Toronto Blue Jays,Tampa Bay Rays,total,draftkings,,,-112,-108,8.5
2026-07-23T18:02:49,2026-07-23,MLB,Toronto Blue Jays,Tampa Bay Rays,moneyline,betmgm,-105,-115,,,
2026-07-23T18:02:49,2026-07-23,MLB,Toronto Blue Jays,Tampa Bay Rays,spread,betmgm,-185,150,,,
2026-07-23T18:02:49,2026-07-23,MLB,Toronto Blue Jays,Tampa Bay Rays,total,betmgm,,,-110,-110,8.5
2026-07-23T18:02:49,2026-07-23,MLB,St. Louis Cardinals,Arizona Diamondbacks,moneyline,fanduel,-112,-104,,,
2026-07-23T18:02:49,2026-07-23,MLB,St. Louis Cardinals,Arizona Diamondbacks,spread,fanduel,-194,160,,,
2026-07-23T18:02:49,2026-07-23,MLB,St. Louis Cardinals,Arizona Diamondbacks,total,fanduel,,,-104,-118,7.5
2026-07-23T18:02:49,2026-07-23,MLB,St. Louis Cardinals,Arizona Diamondbacks,moneyline,draftkings,-118,-102,,,
2026-07-23T18:02:49,2026-07-23,MLB,St. Louis Cardinals,Arizona Diamondbacks,spread,draftkings,-206,169,,,
2026-07-23T18:02:49,2026-07-23,MLB,St. Louis Cardinals,Arizona Diamondbacks,total,draftkings,,,-105,-114,7.5
2026-07-23T18:02:49,2026-07-23,MLB,St. Louis Cardinals,Arizona Diamondbacks,moneyline,betmgm,-120,100,,,
2026-07-23T18:02:49,2026-07-23,MLB,St. Louis Cardinals,Arizona Diamondbacks,spread,betmgm,165,-220,,,
2026-07-23T18:02:49,2026-07-23,MLB,St. Louis Cardinals,Arizona Diamondbacks,total,betmgm,,,-105,-115,7.5
2026-07-24T01:14:14,2026-07-23,MLB,Detroit Tigers,Kansas City Royals,moneyline,fanduel,-1400,680,,,
2026-07-24T01:14:14,2026-07-23,MLB,Detroit Tigers,Kansas City Royals,spread,fanduel,630,-1400,,,
2026-07-24T01:14:14,2026-07-23,MLB,Detroit Tigers,Kansas City Royals,total,fanduel,,,198,-275,7.5
2026-07-24T01:14:14,2026-07-23,MLB,Detroit Tigers,Kansas City Royals,moneyline,draftkings,-1180,600,,,
2026-07-24T01:14:14,2026-07-23,MLB,Detroit Tigers,Kansas City Royals,spread,draftkings,276,-395,,,
2026-07-24T01:14:14,2026-07-23,MLB,Detroit Tigers,Kansas City Royals,total,draftkings,,,114,-148,7.5
2026-07-24T01:14:14,2026-07-23,MLB,Detroit Tigers,Kansas City Royals,moneyline,betmgm,-1100,625,,,
2026-07-24T01:14:14,2026-07-23,MLB,Detroit Tigers,Kansas City Royals,spread,betmgm,475,-750,,,
2026-07-24T01:14:14,2026-07-23,MLB,Detroit Tigers,Kansas City Royals,total,betmgm,,,170,-220,7.5
2026-07-24T18:06:57,2026-07-24,MLB,Milwaukee Brewers,Colorado Rockies,moneyline,fanduel,-290,235,,,
2026-07-24T18:06:57,2026-07-24,MLB,Milwaukee Brewers,Colorado Rockies,spread,fanduel,-126,105,,,
2026-07-24T18:06:57,2026-07-24,MLB,Milwaukee Brewers,Colorado Rockies,total,fanduel,,,-118,-104,8.5
2026-07-24T18:06:57,2026-07-24,MLB,Milwaukee Brewers,Colorado Rockies,moneyline,betmgm,-285,230,,,
2026-07-24T18:06:57,2026-07-24,MLB,Milwaukee Brewers,Colorado Rockies,spread,betmgm,-135,110,,,
2026-07-24T18:06:57,2026-07-24,MLB,Milwaukee Brewers,Colorado Rockies,total,betmgm,,,-120,100,8.5
2026-07-24T18:06:57,2026-07-24,MLB,Milwaukee Brewers,Colorado Rockies,moneyline,draftkings,-294,234,,,
2026-07-24T18:06:57,2026-07-24,MLB,Milwaukee Brewers,Colorado Rockies,spread,draftkings,-130,108,,,
2026-07-24T18:06:57,2026-07-24,MLB,Milwaukee Brewers,Colorado Rockies,total,draftkings,,,-120,-101,8.5
2026-07-25T01:14:54,2026-07-24,MLB,Pittsburgh Pirates,Chicago Cubs,moneyline,fanduel,560,-1000,,,
2026-07-25T01:14:54,2026-07-24,MLB,Pittsburgh Pirates,Chicago Cubs,spread,fanduel,118,-158,,,
2026-07-25T01:14:54,2026-07-24,MLB,Pittsburgh Pirates,Chicago Cubs,total,fanduel,,,-220,162,4.5
2026-07-25T01:14:54,2026-07-24,MLB,Pittsburgh Pirates,Chicago Cubs,moneyline,betmgm,270,-350,,,
2026-07-25T01:14:54,2026-07-24,MLB,Pittsburgh Pirates,Chicago Cubs,spread,betmgm,-190,145,,,
2026-07-25T01:14:54,2026-07-24,MLB,Pittsburgh Pirates,Chicago Cubs,total,betmgm,,,140,-180,5.5
2026-07-25T01:14:54,2026-07-24,MLB,Pittsburgh Pirates,Chicago Cubs,moneyline,draftkings,529,-950,,,
2026-07-25T01:14:54,2026-07-24,MLB,Pittsburgh Pirates,Chicago Cubs,spread,draftkings,119,-155,,,
2026-07-25T01:14:54,2026-07-24,MLB,Pittsburgh Pirates,Chicago Cubs,total,draftkings,,,127,-166,5.5
2026-07-24T18:06:57,2026-07-24,MLB,Detroit Tigers,Kansas City Royals,moneyline,fanduel,-275,225,,,
2026-07-24T18:06:57,2026-07-24,MLB,Detroit Tigers,Kansas City Royals,spread,fanduel,-118,-102,,,
2026-07-24T18:06:57,2026-07-24,MLB,Detroit Tigers,Kansas City Royals,total,fanduel,,,-108,-112,7.5
2026-07-25T01:14:54,2026-07-24,MLB,Washington Nationals,Arizona Diamondbacks,moneyline,fanduel,450,-720,,,
2026-07-25T01:14:54,2026-07-24,MLB,Washington Nationals,Arizona Diamondbacks,spread,fanduel,-800,450,,,
2026-07-25T01:14:54,2026-07-24,MLB,Washington Nationals,Arizona Diamondbacks,total,fanduel,,,164,-225,5.5
2026-07-25T01:14:54,2026-07-24,MLB,Washington Nationals,Arizona Diamondbacks,moneyline,draftkings,412,-660,,,
2026-07-25T01:14:54,2026-07-24,MLB,Washington Nationals,Arizona Diamondbacks,spread,draftkings,-810,475,,,
2026-07-25T01:14:54,2026-07-24,MLB,Washington Nationals,Arizona Diamondbacks,total,draftkings,,,163,-216,5.5
2026-07-25T01:14:54,2026-07-24,MLB,Washington Nationals,Arizona Diamondbacks,moneyline,betmgm,525,-800,,,
2026-07-25T01:14:54,2026-07-24,MLB,Washington Nationals,Arizona Diamondbacks,spread,betmgm,-295,220,,,
2026-07-25T01:14:54,2026-07-24,MLB,Washington Nationals,Arizona Diamondbacks,total,betmgm,,,-105,-120,5.5
2026-07-25T01:14:54,2026-07-24,MLB,Philadelphia Phillies,New York Yankees,moneyline,fanduel,680,-1400,,,
2026-07-24T18:06:57,2026-07-24,MLB,Philadelphia Phillies,New York Yankees,spread,fanduel,155,-188,,,
2026-07-25T01:14:54,2026-07-24,MLB,Philadelphia Phillies,New York Yankees,total,fanduel,,,450,-800,1.5
2026-07-25T01:14:54,2026-07-24,MLB,Philadelphia Phillies,New York Yankees,moneyline,betmgm,525,-800,,,
2026-07-25T01:14:54,2026-07-24,MLB,Philadelphia Phillies,New York Yankees,spread,betmgm,-10000,2200,,,
2026-07-25T01:14:54,2026-07-24,MLB,Philadelphia Phillies,New York Yankees,total,betmgm,,,350,-525,1.5
2026-07-25T01:14:54,2026-07-24,MLB,Philadelphia Phillies,New York Yankees,moneyline,draftkings,547,-1000,,,
2026-07-24T18:06:57,2026-07-24,MLB,Philadelphia Phillies,New York Yankees,spread,draftkings,158,-193,,,
2026-07-25T01:14:54,2026-07-24,MLB,Philadelphia Phillies,New York Yankees,total,draftkings,,,368,-567,1.5
2026-07-25T01:14:54,2026-07-24,MLB,Baltimore Orioles,Atlanta Braves,moneyline,fanduel,-430,300,,,
2026-07-25T01:14:54,2026-07-24,MLB,Baltimore Orioles,Atlanta Braves,spread,fanduel,300,-450,,,
2026-07-25T01:14:54,2026-07-24,MLB,Baltimore Orioles,Atlanta Braves,total,fanduel,,,-114,-114,6.5
2026-07-25T01:14:54,2026-07-24,MLB,Baltimore Orioles,Atlanta Braves,moneyline,draftkings,-476,321,,,
2026-07-25T01:14:54,2026-07-24,MLB,Baltimore Orioles,Atlanta Braves,spread,draftkings,309,-454,,,
2026-07-25T01:14:54,2026-07-24,MLB,Baltimore Orioles,Atlanta Braves,total,draftkings,,,-101,-129,6.5
2026-07-25T01:14:54,2026-07-24,MLB,Baltimore Orioles,Atlanta Braves,moneyline,betmgm,-400,290,,,
2026-07-25T01:14:54,2026-07-24,MLB,Baltimore Orioles,Atlanta Braves,total,betmgm,,,-120,-105,6.5
2026-07-25T01:14:54,2026-07-24,MLB,Tampa Bay Rays,Cleveland Guardians,moneyline,fanduel,-50000,3500,,,
2026-07-25T01:14:54,2026-07-24,MLB,Tampa Bay Rays,Cleveland Guardians,spread,fanduel,-260,188,,,
2026-07-25T01:14:54,2026-07-24,MLB,Tampa Bay Rays,Cleveland Guardians,total,fanduel,,,104,-138,8.5
2026-07-25T01:14:54,2026-07-24,MLB,Tampa Bay Rays,Cleveland Guardians,moneyline,betmgm,-10000,3300,,,
2026-07-25T01:14:54,2026-07-24,MLB,Tampa Bay Rays,Cleveland Guardians,spread,betmgm,-250,190,,,
2026-07-25T01:14:54,2026-07-24,MLB,Tampa Bay Rays,Cleveland Guardians,total,betmgm,,,125,-160,8.5
2026-07-24T18:06:57,2026-07-24,MLB,Tampa Bay Rays,Cleveland Guardians,moneyline,draftkings,-127,105,,,
2026-07-25T01:14:54,2026-07-24,MLB,Tampa Bay Rays,Cleveland Guardians,spread,draftkings,182,-244,,,
2026-07-25T01:14:54,2026-07-24,MLB,Tampa Bay Rays,Cleveland Guardians,total,draftkings,,,109,-142,8.5
2026-07-25T01:14:54,2026-07-24,MLB,New York Mets,Los Angeles Dodgers,moneyline,fanduel,420,-650,,,
2026-07-25T01:14:54,2026-07-24,MLB,New York Mets,Los Angeles Dodgers,spread,fanduel,-210,154,,,
2026-07-25T01:14:54,2026-07-24,MLB,New York Mets,Los Angeles Dodgers,total,fanduel,,,-104,-128,4.5
2026-07-25T01:14:54,2026-07-24,MLB,New York Mets,Los Angeles Dodgers,moneyline,betmgm,500,-750,,,
2026-07-25T01:14:54,2026-07-24,MLB,New York Mets,Los Angeles Dodgers,spread,betmgm,115,-150,,,
2026-07-25T01:14:54,2026-07-24,MLB,New York Mets,Los Angeles Dodgers,total,betmgm,,,-160,125,4.5
2026-07-25T01:14:54,2026-07-24,MLB,New York Mets,Los Angeles Dodgers,moneyline,draftkings,409,-660,,,
2026-07-25T01:14:54,2026-07-24,MLB,New York Mets,Los Angeles Dodgers,spread,draftkings,-183,139,,,
2026-07-25T01:14:54,2026-07-24,MLB,New York Mets,Los Angeles Dodgers,total,draftkings,,,-111,-117,4.5
2026-07-25T01:14:54,2026-07-24,MLB,Miami Marlins,San Diego Padres,moneyline,fanduel,-113,-113,,,
2026-07-25T01:14:54,2026-07-24,MLB,Miami Marlins,San Diego Padres,spread,fanduel,-300,210,,,
2026-07-25T01:14:54,2026-07-24,MLB,Miami Marlins,San Diego Padres,total,fanduel,,,-154,116,6.5
2026-07-25T01:14:54,2026-07-24,MLB,Miami Marlins,San Diego Padres,moneyline,draftkings,-116,-112,,,
2026-07-25T01:14:54,2026-07-24,MLB,Miami Marlins,San Diego Padres,spread,draftkings,-306,222,,,
2026-07-25T01:14:54,2026-07-24,MLB,Miami Marlins,San Diego Padres,total,draftkings,,,-146,112,6.5
2026-07-25T01:14:54,2026-07-24,MLB,Miami Marlins,San Diego Padres,moneyline,betmgm,-140,110,,,
2026-07-25T01:14:54,2026-07-24,MLB,Miami Marlins,San Diego Padres,spread,betmgm,-400,280,,,
2026-07-25T01:14:54,2026-07-24,MLB,Miami Marlins,San Diego Padres,total,betmgm,,,-135,105,6.5
2026-07-25T01:14:54,2026-07-24,MLB,Boston Red Sox,Toronto Blue Jays,moneyline,fanduel,-2500,900,,,
2026-07-25T01:14:54,2026-07-24,MLB,Boston Red Sox,Toronto Blue Jays,spread,fanduel,116,-154,,,
2026-07-25T01:14:54,2026-07-24,MLB,Boston Red Sox,Toronto Blue Jays,total,fanduel,,,-114,-118,5.5
2026-07-25T01:14:54,2026-07-24,MLB,Boston Red Sox,Toronto Blue Jays,moneyline,draftkings,-2300,840,,,
2026-07-25T01:14:54,2026-07-24,MLB,Boston Red Sox,Toronto Blue Jays,spread,draftkings,139,-182,,,
2026-07-25T01:14:54,2026-07-24,MLB,Boston Red Sox,Toronto Blue Jays,total,draftkings,,,102,-132,5.5
2026-07-25T01:14:54,2026-07-24,MLB,Boston Red Sox,Toronto Blue Jays,moneyline,betmgm,-2500,950,,,
2026-07-25T01:14:54,2026-07-24,MLB,Boston Red Sox,Toronto Blue Jays,spread,betmgm,120,-155,,,
2026-07-25T01:14:54,2026-07-24,MLB,Boston Red Sox,Toronto Blue Jays,total,betmgm,,,-118,-110,5.5
2026-07-25T01:14:54,2026-07-24,MLB,Chicago White Sox,Houston Astros,moneyline,fanduel,-1100,600,,,
2026-07-25T01:14:54,2026-07-24,MLB,Chicago White Sox,Houston Astros,spread,fanduel,-178,132,,,
2026-07-25T01:14:54,2026-07-24,MLB,Chicago White Sox,Houston Astros,total,fanduel,,,-136,102,6.5
2026-07-25T01:14:54,2026-07-24,MLB,Chicago White Sox,Houston Astros,moneyline,betmgm,-750,500,,,
2026-07-25T01:14:54,2026-07-24,MLB,Chicago White Sox,Houston Astros,spread,betmgm,-130,100,,,
2026-07-25T01:14:54,2026-07-24,MLB,Chicago White Sox,Houston Astros,total,betmgm,,,110,-140,7.5
2026-07-25T01:14:54,2026-07-24,MLB,Chicago White Sox,Houston Astros,moneyline,draftkings,-1380,660,,,
2026-07-25T01:14:54,2026-07-24,MLB,Chicago White Sox,Houston Astros,spread,draftkings,117,-152,,,
2026-07-25T01:14:54,2026-07-24,MLB,Chicago White Sox,Houston Astros,total,draftkings,,,-126,-103,6.5
2026-07-26T01:17:29,2026-07-25,MLB,Texas Rangers,Seattle Mariners,moneyline,fanduel,-20000,2500,,,
2026-07-26T01:17:29,2026-07-25,MLB,Texas Rangers,Seattle Mariners,spread,fanduel,-270,194,,,
2026-07-26T01:17:29,2026-07-25,MLB,Texas Rangers,Seattle Mariners,total,fanduel,,,134,-180,7.5
2026-07-26T01:17:29,2026-07-25,MLB,Texas Rangers,Seattle Mariners,moneyline,betmgm,-10000,2500,,,
2026-07-26T01:17:29,2026-07-25,MLB,Texas Rangers,Seattle Mariners,spread,betmgm,160,-210,,,
2026-07-26T01:17:29,2026-07-25,MLB,Texas Rangers,Seattle Mariners,total,betmgm,,,115,-150,7.5
2026-07-25T17:44:44,2026-07-25,MLB,Texas Rangers,Seattle Mariners,moneyline,draftkings,-105,-114,,,
2026-07-26T01:17:29,2026-07-25,MLB,Texas Rangers,Seattle Mariners,spread,draftkings,170,-227,,,
2026-07-26T01:17:29,2026-07-25,MLB,Texas Rangers,Seattle Mariners,total,draftkings,,,116,-152,7.5
2026-07-26T01:17:29,2026-07-25,MLB,Minnesota Twins,Athletics,moneyline,fanduel,-1400,680,,,
2026-07-26T01:17:29,2026-07-25,MLB,Minnesota Twins,Athletics,spread,fanduel,164,-225,,,
2026-07-26T01:17:29,2026-07-25,MLB,Minnesota Twins,Athletics,total,fanduel,,,-120,-110,3.5
2026-07-26T01:17:29,2026-07-25,MLB,Minnesota Twins,Athletics,moneyline,betmgm,-1400,725,,,
2026-07-26T01:17:29,2026-07-25,MLB,Minnesota Twins,Athletics,spread,betmgm,160,-210,,,
2026-07-26T01:17:29,2026-07-25,MLB,Minnesota Twins,Athletics,total,betmgm,,,-118,-110,3.5
2026-07-26T01:17:29,2026-07-25,MLB,Minnesota Twins,Athletics,moneyline,draftkings,-1440,670,,,
2026-07-26T01:17:29,2026-07-25,MLB,Minnesota Twins,Athletics,spread,draftkings,164,-218,,,
2026-07-26T01:17:29,2026-07-25,MLB,Minnesota Twins,Athletics,total,draftkings,,,-102,-127,3.5
2026-07-25T17:44:44,2026-07-25,MLB,St. Louis Cardinals,Cincinnati Reds,moneyline,fanduel,-112,-104,,,
2026-07-26T01:17:29,2026-07-25,MLB,St. Louis Cardinals,Cincinnati Reds,spread,fanduel,-380,260,,,
2026-07-26T01:17:29,2026-07-25,MLB,St. Louis Cardinals,Cincinnati Reds,total,fanduel,,,-106,-125,7.5
2026-07-25T17:44:44,2026-07-25,MLB,St. Louis Cardinals,Cincinnati Reds,moneyline,betmgm,-115,-105,,,
2026-07-26T01:17:29,2026-07-25,MLB,St. Louis Cardinals,Cincinnati Reds,spread,betmgm,-325,240,,,
2026-07-26T01:17:29,2026-07-25,MLB,St. Louis Cardinals,Cincinnati Reds,total,betmgm,,,-118,-110,7.5
2026-07-25T17:44:44,2026-07-25,MLB,St. Louis Cardinals,Cincinnati Reds,moneyline,draftkings,-112,-107,,,
2026-07-26T01:17:29,2026-07-25,MLB,St. Louis Cardinals,Cincinnati Reds,spread,draftkings,252,-354,,,
2026-07-26T01:17:29,2026-07-25,MLB,St. Louis Cardinals,Cincinnati Reds,total,draftkings,,,-104,-125,7.5
2026-07-25T17:44:44,2026-07-25,MLB,San Francisco Giants,Los Angeles Angels,moneyline,fanduel,-130,110,,,
2026-07-25T17:44:44,2026-07-25,MLB,San Francisco Giants,Los Angeles Angels,spread,fanduel,152,-184,,,
2026-07-25T17:44:44,2026-07-25,MLB,San Francisco Giants,Los Angeles Angels,total,fanduel,,,-115,-105,9.0
2026-07-25T17:44:44,2026-07-25,MLB,San Francisco Giants,Los Angeles Angels,moneyline,betmgm,-135,110,,,
2026-07-25T17:44:44,2026-07-25,MLB,San Francisco Giants,Los Angeles Angels,spread,betmgm,150,-185,,,
2026-07-25T17:44:44,2026-07-25,MLB,San Francisco Giants,Los Angeles Angels,total,betmgm,,,-110,-110,9.0
2026-07-25T17:44:44,2026-07-25,MLB,San Francisco Giants,Los Angeles Angels,moneyline,draftkings,-136,113,,,
2026-07-25T17:44:44,2026-07-25,MLB,San Francisco Giants,Los Angeles Angels,spread,draftkings,148,-180,,,
2026-07-25T17:44:44,2026-07-25,MLB,San Francisco Giants,Los Angeles Angels,total,draftkings,,,-111,-109,9.0
2026-07-24T18:06:57,2026-07-24,MLB,Detroit Tigers,Kansas City Royals,moneyline,draftkings,-271,217,,,
2026-07-24T18:06:57,2026-07-24,MLB,Detroit Tigers,Kansas City Royals,spread,draftkings,-117,-103,,,
2026-07-24T18:06:57,2026-07-24,MLB,Detroit Tigers,Kansas City Royals,total,draftkings,,,-105,-114,7.5
2026-07-24T18:06:57,2026-07-24,MLB,Detroit Tigers,Kansas City Royals,moneyline,betmgm,-275,220,,,
2026-07-24T18:06:57,2026-07-24,MLB,Detroit Tigers,Kansas City Royals,spread,betmgm,-115,-105,,,
2026-07-24T18:06:57,2026-07-24,MLB,Detroit Tigers,Kansas City Royals,total,betmgm,,,-105,-115,7.5
2026-07-25T17:44:44,2026-07-25,MLB,Detroit Tigers,Kansas City Royals,moneyline,fanduel,-172,134,,,
2026-07-25T17:44:44,2026-07-25,MLB,Detroit Tigers,Kansas City Royals,spread,fanduel,152,-205,,,
2026-07-25T17:44:44,2026-07-25,MLB,Detroit Tigers,Kansas City Royals,total,fanduel,,,-132,100,7.5
2026-07-25T17:44:44,2026-07-25,MLB,Washington Nationals,Arizona Diamondbacks,moneyline,fanduel,-134,116,,,
2026-07-25T17:44:44,2026-07-25,MLB,Washington Nationals,Arizona Diamondbacks,spread,fanduel,146,-176,,,
2026-07-25T17:44:44,2026-07-25,MLB,Washington Nationals,Arizona Diamondbacks,total,fanduel,,,-115,-105,9.0
2026-07-25T17:44:44,2026-07-25,MLB,Boston Red Sox,Toronto Blue Jays,moneyline,fanduel,-108,-108,,,
2026-07-25T17:44:44,2026-07-25,MLB,Boston Red Sox,Toronto Blue Jays,spread,fanduel,-205,168,,,
2026-07-25T17:44:44,2026-07-25,MLB,Boston Red Sox,Toronto Blue Jays,total,fanduel,,,-115,-105,7.0
2026-07-25T17:44:44,2026-07-25,MLB,Miami Marlins,San Diego Padres,moneyline,fanduel,-142,120,,,
2026-07-25T17:44:44,2026-07-25,MLB,Miami Marlins,San Diego Padres,spread,fanduel,162,-196,,,
2026-07-25T17:44:44,2026-07-25,MLB,Miami Marlins,San Diego Padres,total,fanduel,,,-110,-110,8.0
2026-07-25T17:44:44,2026-07-25,MLB,Philadelphia Phillies,New York Yankees,moneyline,fanduel,108,-126,,,
2026-07-25T17:44:44,2026-07-25,MLB,Philadelphia Phillies,New York Yankees,spread,fanduel,-154,128,,,
2026-07-25T17:44:44,2026-07-25,MLB,Philadelphia Phillies,New York Yankees,total,fanduel,,,-110,-110,9.0
2026-07-25T17:44:44,2026-07-25,MLB,Tampa Bay Rays,Cleveland Guardians,moneyline,fanduel,-120,102,,,
2026-07-25T17:44:44,2026-07-25,MLB,Tampa Bay Rays,Cleveland Guardians,spread,fanduel,-205,168,,,
2026-07-25T17:44:44,2026-07-25,MLB,Tampa Bay Rays,Cleveland Guardians,total,fanduel,,,-105,-115,8.0
2026-07-25T17:44:44,2026-07-25,MLB,Pittsburgh Pirates,Chicago Cubs,moneyline,fanduel,-120,102,,,
2026-07-26T01:17:29,2026-07-25,MLB,Pittsburgh Pirates,Chicago Cubs,spread,fanduel,138,-186,,,
2026-07-26T01:17:29,2026-07-25,MLB,Pittsburgh Pirates,Chicago Cubs,total,fanduel,,,116,-154,12.5
2026-07-26T01:17:29,2026-07-25,MLB,Baltimore Orioles,Atlanta Braves,moneyline,fanduel,-132,104,,,
2026-07-26T01:17:29,2026-07-25,MLB,Baltimore Orioles,Atlanta Braves,spread,fanduel,490,-900,,,
2026-07-26T01:17:29,2026-07-25,MLB,Baltimore Orioles,Atlanta Braves,total,fanduel,,,-146,110,5.5
2026-07-26T01:17:29,2026-07-25,MLB,Chicago White Sox,Houston Astros,moneyline,fanduel,1500,-7000,,,
2026-07-26T01:17:29,2026-07-25,MLB,Chicago White Sox,Houston Astros,spread,fanduel,152,-205,,,
2026-07-26T01:17:29,2026-07-25,MLB,Chicago White Sox,Houston Astros,total,fanduel,,,-180,134,4.5
2026-07-25T17:44:44,2026-07-25,MLB,Milwaukee Brewers,Colorado Rockies,moneyline,fanduel,-220,184,,,
2026-07-26T01:17:29,2026-07-25,MLB,Milwaukee Brewers,Colorado Rockies,spread,fanduel,240,-360,,,
2026-07-26T01:17:29,2026-07-25,MLB,Milwaukee Brewers,Colorado Rockies,total,fanduel,,,-138,104,9.5
2026-07-25T17:44:44,2026-07-25,MLB,Detroit Tigers,Kansas City Royals,moneyline,draftkings,-174,133,,,
2026-07-25T17:44:44,2026-07-25,MLB,Detroit Tigers,Kansas City Royals,spread,draftkings,139,-182,,,
2026-07-25T17:44:44,2026-07-25,MLB,Detroit Tigers,Kansas City Royals,total,draftkings,,,-126,-103,7.5
2026-07-25T17:44:44,2026-07-25,MLB,Detroit Tigers,Kansas City Royals,moneyline,betmgm,-170,135,,,
2026-07-25T17:44:44,2026-07-25,MLB,Detroit Tigers,Kansas City Royals,spread,betmgm,145,-190,,,
2026-07-25T17:44:44,2026-07-25,MLB,Detroit Tigers,Kansas City Royals,total,betmgm,,,-130,100,7.5
2026-07-25T17:44:44,2026-07-25,MLB,Washington Nationals,Arizona Diamondbacks,moneyline,draftkings,-135,112,,,
2026-07-25T17:44:44,2026-07-25,MLB,Washington Nationals,Arizona Diamondbacks,spread,draftkings,149,-181,,,
2026-07-25T17:44:44,2026-07-25,MLB,Washington Nationals,Arizona Diamondbacks,total,draftkings,,,100,-121,9.5
2026-07-25T17:44:44,2026-07-25,MLB,Washington Nationals,Arizona Diamondbacks,moneyline,betmgm,-135,115,,,
2026-07-25T17:44:44,2026-07-25,MLB,Washington Nationals,Arizona Diamondbacks,spread,betmgm,150,-185,,,
2026-07-25T17:44:44,2026-07-25,MLB,Washington Nationals,Arizona Diamondbacks,total,betmgm,,,-120,100,9.0
2026-07-25T17:44:44,2026-07-25,MLB,Boston Red Sox,Toronto Blue Jays,moneyline,draftkings,-116,-104,,,
2026-07-25T17:44:44,2026-07-25,MLB,Boston Red Sox,Toronto Blue Jays,spread,draftkings,-204,167,,,
2026-07-25T17:44:44,2026-07-25,MLB,Boston Red Sox,Toronto Blue Jays,total,draftkings,,,-123,102,7.0
2026-07-25T17:44:44,2026-07-25,MLB,Boston Red Sox,Toronto Blue Jays,moneyline,betmgm,-110,-110,,,
2026-07-25T17:44:44,2026-07-25,MLB,Boston Red Sox,Toronto Blue Jays,spread,betmgm,-200,165,,,
2026-07-25T17:44:44,2026-07-25,MLB,Boston Red Sox,Toronto Blue Jays,total,betmgm,,,-118,-102,7.0
2026-07-25T17:44:44,2026-07-25,MLB,Miami Marlins,San Diego Padres,moneyline,draftkings,-148,123,,,
2026-07-25T17:44:44,2026-07-25,MLB,Miami Marlins,San Diego Padres,spread,draftkings,145,-176,,,
2026-07-25T17:44:44,2026-07-25,MLB,Miami Marlins,San Diego Padres,total,draftkings,,,-110,-110,8.0
2026-07-25T17:44:44,2026-07-25,MLB,Miami Marlins,San Diego Padres,moneyline,betmgm,-145,120,,,
2026-07-25T17:44:44,2026-07-25,MLB,Miami Marlins,San Diego Padres,spread,betmgm,145,-180,,,
2026-07-25T17:44:44,2026-07-25,MLB,Miami Marlins,San Diego Padres,total,betmgm,,,-110,-110,8.0
2026-07-25T17:44:44,2026-07-25,MLB,Philadelphia Phillies,New York Yankees,moneyline,draftkings,108,-130,,,
2026-07-25T17:44:44,2026-07-25,MLB,Philadelphia Phillies,New York Yankees,spread,draftkings,-157,130,,,
2026-07-25T17:44:44,2026-07-25,MLB,Philadelphia Phillies,New York Yankees,total,draftkings,,,-108,-111,9.0
2026-07-25T17:44:44,2026-07-25,MLB,Philadelphia Phillies,New York Yankees,moneyline,betmgm,105,-125,,,
2026-07-25T17:44:44,2026-07-25,MLB,Philadelphia Phillies,New York Yankees,spread,betmgm,-155,125,,,
2026-07-25T17:44:44,2026-07-25,MLB,Philadelphia Phillies,New York Yankees,total,betmgm,,,-110,-110,9.0
2026-07-25T17:44:44,2026-07-25,MLB,Tampa Bay Rays,Cleveland Guardians,moneyline,draftkings,-125,104,,,
2026-07-25T17:44:44,2026-07-25,MLB,Tampa Bay Rays,Cleveland Guardians,spread,draftkings,158,-193,,,
2026-07-25T17:44:44,2026-07-25,MLB,Tampa Bay Rays,Cleveland Guardians,total,draftkings,,,-110,-110,8.0
2026-07-25T17:44:44,2026-07-25,MLB,Tampa Bay Rays,Cleveland Guardians,moneyline,betmgm,-120,100,,,
2026-07-25T17:44:44,2026-07-25,MLB,Tampa Bay Rays,Cleveland Guardians,spread,betmgm,165,-220,,,
2026-07-25T17:44:44,2026-07-25,MLB,Tampa Bay Rays,Cleveland Guardians,total,betmgm,,,-110,-110,8.0
2026-07-25T17:44:44,2026-07-25,MLB,Pittsburgh Pirates,Chicago Cubs,moneyline,draftkings,-123,102,,,
2026-07-26T01:17:29,2026-07-25,MLB,Pittsburgh Pirates,Chicago Cubs,spread,draftkings,133,-174,,,
2026-07-26T01:17:29,2026-07-25,MLB,Pittsburgh Pirates,Chicago Cubs,total,draftkings,,,103,-133,12.5
2026-07-26T01:17:29,2026-07-25,MLB,Pittsburgh Pirates,Chicago Cubs,moneyline,betmgm,3300,-10000,,,
2026-07-26T01:17:29,2026-07-25,MLB,Pittsburgh Pirates,Chicago Cubs,spread,betmgm,140,-185,,,
2026-07-26T01:17:29,2026-07-25,MLB,Pittsburgh Pirates,Chicago Cubs,total,betmgm,,,135,-175,12.5
2026-07-26T01:17:29,2026-07-25,MLB,Baltimore Orioles,Atlanta Braves,moneyline,draftkings,-149,115,,,
2026-07-26T01:17:29,2026-07-25,MLB,Baltimore Orioles,Atlanta Braves,spread,draftkings,-495,331,,,
2026-07-26T01:17:29,2026-07-25,MLB,Baltimore Orioles,Atlanta Braves,total,draftkings,,,-137,105,5.5
2026-07-26T01:17:29,2026-07-25,MLB,Baltimore Orioles,Atlanta Braves,moneyline,betmgm,-135,105,,,
2026-07-26T01:17:29,2026-07-25,MLB,Baltimore Orioles,Atlanta Braves,spread,betmgm,-475,325,,,
2026-07-26T01:17:29,2026-07-25,MLB,Baltimore Orioles,Atlanta Braves,total,betmgm,,,-135,105,5.5
2026-07-25T17:44:44,2026-07-25,MLB,Chicago White Sox,Houston Astros,moneyline,draftkings,-126,104,,,
2026-07-26T01:17:29,2026-07-25,MLB,Chicago White Sox,Houston Astros,spread,draftkings,186,-251,,,
2026-07-26T01:17:29,2026-07-25,MLB,Chicago White Sox,Houston Astros,total,draftkings,,,-141,109,4.5
2026-07-26T01:17:29,2026-07-25,MLB,Chicago White Sox,Houston Astros,moneyline,betmgm,1800,-10000,,,
2026-07-26T01:17:29,2026-07-25,MLB,Chicago White Sox,Houston Astros,spread,betmgm,175,-225,,,
2026-07-26T01:17:29,2026-07-25,MLB,Chicago White Sox,Houston Astros,total,betmgm,,,135,-175,5.5
2026-07-25T17:44:44,2026-07-25,MLB,Milwaukee Brewers,Colorado Rockies,moneyline,draftkings,-238,193,,,
2026-07-26T01:17:29,2026-07-25,MLB,Milwaukee Brewers,Colorado Rockies,spread,draftkings,240,-336,,,
2026-07-26T01:17:29,2026-07-25,MLB,Milwaukee Brewers,Colorado Rockies,total,draftkings,,,-126,-103,9.5
2026-07-26T01:17:29,2026-07-25,MLB,Milwaukee Brewers,Colorado Rockies,moneyline,betmgm,-10000,3300,,,
2026-07-26T01:17:29,2026-07-25,MLB,Milwaukee Brewers,Colorado Rockies,spread,betmgm,-235,180,,,
2026-07-26T01:17:29,2026-07-25,MLB,Milwaukee Brewers,Colorado Rockies,total,betmgm,,,-160,125,9.5
2026-07-26T01:17:29,2026-07-25,MLB,New York Mets,Los Angeles Dodgers,moneyline,fanduel,1200,-4500,,,
2026-07-26T01:17:29,2026-07-25,MLB,New York Mets,Los Angeles Dodgers,spread,fanduel,205,-290,,,
2026-07-26T01:17:29,2026-07-25,MLB,New York Mets,Los Angeles Dodgers,total,fanduel,,,116,-154,6.5
2026-07-26T01:17:29,2026-07-25,MLB,New York Mets,Los Angeles Dodgers,moneyline,draftkings,940,-3000,,,
2026-07-26T01:17:29,2026-07-25,MLB,New York Mets,Los Angeles Dodgers,spread,draftkings,173,-232,,,
2026-07-26T01:17:29,2026-07-25,MLB,New York Mets,Los Angeles Dodgers,total,draftkings,,,-102,-127,6.5
2026-07-26T01:17:29,2026-07-25,MLB,New York Mets,Los Angeles Dodgers,moneyline,betmgm,1100,-3000,,,
2026-07-26T01:17:29,2026-07-25,MLB,New York Mets,Los Angeles Dodgers,spread,betmgm,190,-250,,,
2026-07-26T01:17:29,2026-07-25,MLB,New York Mets,Los Angeles Dodgers,total,betmgm,,,100,-130,6.5
2026-07-26T17:47:11,2026-07-26,MLB,Tampa Bay Rays,Cleveland Guardians,moneyline,fanduel,-560,370,,,
2026-07-26T17:47:11,2026-07-26,MLB,Tampa Bay Rays,Cleveland Guardians,spread,fanduel,320,-490,,,
2026-07-26T17:47:11,2026-07-26,MLB,Tampa Bay Rays,Cleveland Guardians,total,fanduel,,,-120,-110,1.5
2026-07-26T17:47:11,2026-07-26,MLB,Tampa Bay Rays,Cleveland Guardians,moneyline,draftkings,-572,370,,,
2026-07-26T17:47:11,2026-07-26,MLB,Tampa Bay Rays,Cleveland Guardians,spread,draftkings,373,-577,,,
2026-07-26T17:47:11,2026-07-26,MLB,Tampa Bay Rays,Cleveland Guardians,total,draftkings,,,-120,-109,1.5
2026-07-26T17:47:11,2026-07-26,MLB,Tampa Bay Rays,Cleveland Guardians,moneyline,betmgm,-525,360,,,
2026-07-26T17:47:11,2026-07-26,MLB,Tampa Bay Rays,Cleveland Guardians,spread,betmgm,375,-550,,,
2026-07-26T17:47:11,2026-07-26,MLB,Tampa Bay Rays,Cleveland Guardians,total,betmgm,,,-120,-105,1.5
2026-07-26T17:47:11,2026-07-26,MLB,Washington Nationals,Arizona Diamondbacks,moneyline,fanduel,134,-172,,,
2026-07-26T17:47:11,2026-07-26,MLB,Washington Nationals,Arizona Diamondbacks,spread,fanduel,-125,-106,,,
2026-07-26T17:47:11,2026-07-26,MLB,Washington Nationals,Arizona Diamondbacks,total,fanduel,,,-136,102,10.5
2026-07-26T17:47:11,2026-07-26,MLB,Washington Nationals,Arizona Diamondbacks,moneyline,draftkings,110,-143,,,
2026-07-26T17:47:11,2026-07-26,MLB,Washington Nationals,Arizona Diamondbacks,spread,draftkings,-145,111,,,
2026-07-26T17:47:11,2026-07-26,MLB,Washington Nationals,Arizona Diamondbacks,total,draftkings,,,-109,-119,10.5
2026-07-26T17:47:11,2026-07-26,MLB,Washington Nationals,Arizona Diamondbacks,moneyline,betmgm,120,-150,,,
2026-07-26T17:47:11,2026-07-26,MLB,Washington Nationals,Arizona Diamondbacks,spread,betmgm,-140,110,,,
2026-07-26T17:47:11,2026-07-26,MLB,Washington Nationals,Arizona Diamondbacks,total,betmgm,,,-115,-110,10.5
2026-07-26T17:47:11,2026-07-26,MLB,Baltimore Orioles,Atlanta Braves,moneyline,fanduel,-146,114,,,
2026-07-26T17:47:11,2026-07-26,MLB,Baltimore Orioles,Atlanta Braves,spread,fanduel,148,-200,,,
2026-07-26T17:47:11,2026-07-26,MLB,Baltimore Orioles,Atlanta Braves,total,fanduel,,,-106,-122,8.5
2026-07-26T17:47:11,2026-07-26,MLB,Baltimore Orioles,Atlanta Braves,moneyline,draftkings,-144,111,,,
2026-07-26T17:47:11,2026-07-26,MLB,Baltimore Orioles,Atlanta Braves,spread,draftkings,145,-191,,,
2026-07-26T17:47:11,2026-07-26,MLB,Baltimore Orioles,Atlanta Braves,total,draftkings,,,-103,-126,8.5
2026-07-26T17:47:11,2026-07-26,MLB,Baltimore Orioles,Atlanta Braves,moneyline,betmgm,-140,110,,,
2026-07-26T01:17:29,2026-07-26,MLB,Baltimore Orioles,Atlanta Braves,spread,betmgm,-190,155,,,
2026-07-26T17:47:11,2026-07-26,MLB,Baltimore Orioles,Atlanta Braves,total,betmgm,,,-110,-115,8.5
2026-07-26T17:47:11,2026-07-26,MLB,Boston Red Sox,Toronto Blue Jays,moneyline,fanduel,-164,128,,,
2026-07-26T17:47:11,2026-07-26,MLB,Boston Red Sox,Toronto Blue Jays,spread,fanduel,154,-210,,,
2026-07-26T17:47:11,2026-07-26,MLB,Boston Red Sox,Toronto Blue Jays,total,fanduel,,,-152,114,6.5
2026-07-26T17:47:11,2026-07-26,MLB,Boston Red Sox,Toronto Blue Jays,moneyline,draftkings,-173,132,,,
2026-07-26T17:47:11,2026-07-26,MLB,Boston Red Sox,Toronto Blue Jays,spread,draftkings,137,-180,,,
2026-07-26T17:47:11,2026-07-26,MLB,Boston Red Sox,Toronto Blue Jays,total,draftkings,,,-139,107,6.5
2026-07-26T17:47:11,2026-07-26,MLB,Boston Red Sox,Toronto Blue Jays,moneyline,betmgm,-165,130,,,
2026-07-26T17:47:11,2026-07-26,MLB,Boston Red Sox,Toronto Blue Jays,spread,betmgm,145,-190,,,
2026-07-26T17:47:11,2026-07-26,MLB,Boston Red Sox,Toronto Blue Jays,total,betmgm,,,-135,105,6.5
2026-07-26T17:47:11,2026-07-26,MLB,Pittsburgh Pirates,Chicago Cubs,moneyline,fanduel,-170,132,,,
2026-07-26T17:47:11,2026-07-26,MLB,Pittsburgh Pirates,Chicago Cubs,spread,fanduel,128,-172,,,
2026-07-26T17:47:11,2026-07-26,MLB,Pittsburgh Pirates,Chicago Cubs,total,fanduel,,,-118,-112,8.5
2026-07-26T17:47:11,2026-07-26,MLB,Pittsburgh Pirates,Chicago Cubs,moneyline,draftkings,-175,133,,,
2026-07-26T17:47:11,2026-07-26,MLB,Pittsburgh Pirates,Chicago Cubs,spread,draftkings,113,-147,,,
2026-07-26T17:47:11,2026-07-26,MLB,Pittsburgh Pirates,Chicago Cubs,total,draftkings,,,-116,-112,8.5
2026-07-26T17:47:11,2026-07-26,MLB,Pittsburgh Pirates,Chicago Cubs,moneyline,betmgm,-180,140,,,
2026-07-26T17:47:11,2026-07-26,MLB,Pittsburgh Pirates,Chicago Cubs,spread,betmgm,105,-135,,,
2026-07-26T17:47:11,2026-07-26,MLB,Pittsburgh Pirates,Chicago Cubs,total,betmgm,,,-110,-118,8.5
2026-07-26T17:47:11,2026-07-26,MLB,Detroit Tigers,Kansas City Royals,moneyline,fanduel,-113,-113,,,
2026-07-26T17:47:11,2026-07-26,MLB,Detroit Tigers,Kansas City Royals,spread,fanduel,178,-245,,,
2026-07-26T17:47:11,2026-07-26,MLB,Detroit Tigers,Kansas City Royals,total,fanduel,,,-106,-125,10.5
2026-07-26T17:47:11,2026-07-26,MLB,Detroit Tigers,Kansas City Royals,moneyline,betmgm,110,-140,,,
2026-07-26T17:47:11,2026-07-26,MLB,Detroit Tigers,Kansas City Royals,spread,betmgm,-150,115,,,
2026-07-26T17:47:11,2026-07-26,MLB,Detroit Tigers,Kansas City Royals,total,betmgm,,,110,-145,11.5
2026-07-26T17:47:11,2026-07-26,MLB,New York Mets,Los Angeles Dodgers,moneyline,fanduel,128,-162,,,
2026-07-26T17:47:11,2026-07-26,MLB,New York Mets,Los Angeles Dodgers,spread,fanduel,-130,-102,,,
2026-07-26T17:47:11,2026-07-26,MLB,New York Mets,Los Angeles Dodgers,total,fanduel,,,-136,102,8.5
2026-07-26T17:47:11,2026-07-26,MLB,New York Mets,Los Angeles Dodgers,moneyline,draftkings,131,-171,,,
2026-07-26T17:47:11,2026-07-26,MLB,New York Mets,Los Angeles Dodgers,spread,draftkings,-120,-108,,,
2026-07-26T17:47:11,2026-07-26,MLB,New York Mets,Los Angeles Dodgers,total,draftkings,,,-122,-107,8.5
2026-07-26T17:47:11,2026-07-26,MLB,New York Mets,Los Angeles Dodgers,moneyline,betmgm,118,-150,,,
2026-07-26T17:47:11,2026-07-26,MLB,New York Mets,Los Angeles Dodgers,spread,betmgm,-155,118,,,
2026-07-26T17:47:11,2026-07-26,MLB,New York Mets,Los Angeles Dodgers,total,betmgm,,,-105,-120,8.5
2026-07-26T17:47:11,2026-07-26,MLB,Miami Marlins,San Diego Padres,moneyline,fanduel,-162,126,,,
2026-07-26T17:47:11,2026-07-26,MLB,Miami Marlins,San Diego Padres,spread,fanduel,142,-192,,,
2026-07-26T17:47:11,2026-07-26,MLB,Miami Marlins,San Diego Padres,total,fanduel,,,102,-136,8.5
2026-07-26T17:47:11,2026-07-26,MLB,Miami Marlins,San Diego Padres,moneyline,draftkings,-168,129,,,
2026-07-26T17:47:11,2026-07-26,MLB,Miami Marlins,San Diego Padres,spread,draftkings,127,-166,,,
2026-07-26T17:47:11,2026-07-26,MLB,Miami Marlins,San Diego Padres,total,draftkings,,,-102,-127,8.5
2026-07-26T17:47:11,2026-07-26,MLB,Miami Marlins,San Diego Padres,moneyline,betmgm,-155,125,,,
2026-07-26T17:47:11,2026-07-26,MLB,Miami Marlins,San Diego Padres,spread,betmgm,145,-190,,,
2026-07-26T17:47:11,2026-07-26,MLB,Miami Marlins,San Diego Padres,total,betmgm,,,-140,110,7.5
2026-07-26T17:47:11,2026-07-26,MLB,Minnesota Twins,Athletics,moneyline,fanduel,-156,132,,,
2026-07-26T17:47:11,2026-07-26,MLB,Minnesota Twins,Athletics,spread,fanduel,130,-156,,,
2026-07-26T17:47:11,2026-07-26,MLB,Minnesota Twins,Athletics,total,fanduel,,,-105,-115,10.0
2026-07-26T17:47:11,2026-07-26,MLB,Minnesota Twins,Athletics,moneyline,betmgm,-160,135,,,
2026-07-26T17:47:11,2026-07-26,MLB,Minnesota Twins,Athletics,spread,betmgm,125,-150,,,
2026-07-26T17:47:11,2026-07-26,MLB,Minnesota Twins,Athletics,total,betmgm,,,-110,-110,10.0
2026-07-26T17:47:11,2026-07-26,MLB,Chicago White Sox,Houston Astros,moneyline,fanduel,-110,-106,,,
2026-07-26T17:47:11,2026-07-26,MLB,Chicago White Sox,Houston Astros,spread,fanduel,-188,155,,,
2026-07-26T17:47:11,2026-07-26,MLB,Chicago White Sox,Houston Astros,total,fanduel,,,-114,-106,9.0
2026-07-26T17:47:11,2026-07-26,MLB,Chicago White Sox,Houston Astros,moneyline,draftkings,-117,-103,,,
2026-07-26T17:47:11,2026-07-26,MLB,Chicago White Sox,Houston Astros,spread,draftkings,-186,153,,,
2026-07-26T17:47:11,2026-07-26,MLB,Chicago White Sox,Houston Astros,total,draftkings,,,-111,-109,9.0
2026-07-26T17:47:11,2026-07-26,MLB,Chicago White Sox,Houston Astros,moneyline,betmgm,-115,-105,,,
2026-07-26T17:47:11,2026-07-26,MLB,Chicago White Sox,Houston Astros,spread,betmgm,-190,155,,,
2026-07-26T17:47:11,2026-07-26,MLB,Chicago White Sox,Houston Astros,total,betmgm,,,-110,-110,9.0
2026-07-26T17:47:11,2026-07-26,MLB,Milwaukee Brewers,Colorado Rockies,moneyline,fanduel,-360,290,,,
2026-07-26T17:47:11,2026-07-26,MLB,Milwaukee Brewers,Colorado Rockies,spread,fanduel,-162,134,,,
2026-07-26T17:47:11,2026-07-26,MLB,Milwaukee Brewers,Colorado Rockies,total,fanduel,,,-108,-112,8.0
2026-07-26T17:47:11,2026-07-26,MLB,Milwaukee Brewers,Colorado Rockies,moneyline,draftkings,-373,290,,,
2026-07-26T17:47:11,2026-07-26,MLB,Milwaukee Brewers,Colorado Rockies,spread,draftkings,-164,135,,,
2026-07-26T17:47:11,2026-07-26,MLB,Milwaukee Brewers,Colorado Rockies,total,draftkings,,,-108,-112,8.0
2026-07-26T17:47:11,2026-07-26,MLB,Milwaukee Brewers,Colorado Rockies,moneyline,betmgm,-350,280,,,
2026-07-26T17:47:11,2026-07-26,MLB,Milwaukee Brewers,Colorado Rockies,spread,betmgm,-102,-118,,,
2026-07-26T17:47:11,2026-07-26,MLB,Milwaukee Brewers,Colorado Rockies,total,betmgm,,,-110,-110,8.0
2026-07-26T17:47:11,2026-07-26,MLB,St. Louis Cardinals,Cincinnati Reds,moneyline,fanduel,-132,112,,,
2026-07-26T17:47:11,2026-07-26,MLB,St. Louis Cardinals,Cincinnati Reds,spread,fanduel,160,-194,,,
2026-07-26T17:47:11,2026-07-26,MLB,St. Louis Cardinals,Cincinnati Reds,total,fanduel,,,-105,-115,8.5
2026-07-26T17:47:11,2026-07-26,MLB,St. Louis Cardinals,Cincinnati Reds,moneyline,draftkings,-136,113,,,
2026-07-26T17:47:11,2026-07-26,MLB,St. Louis Cardinals,Cincinnati Reds,spread,draftkings,152,-185,,,
2026-07-26T17:47:11,2026-07-26,MLB,St. Louis Cardinals,Cincinnati Reds,total,draftkings,,,-111,-109,8.5
2026-07-26T17:47:11,2026-07-26,MLB,St. Louis Cardinals,Cincinnati Reds,moneyline,betmgm,-135,115,,,
2026-07-26T17:47:11,2026-07-26,MLB,St. Louis Cardinals,Cincinnati Reds,spread,betmgm,150,-185,,,
2026-07-26T17:47:11,2026-07-26,MLB,St. Louis Cardinals,Cincinnati Reds,total,betmgm,,,-110,-110,8.5
2026-07-26T17:47:11,2026-07-26,MLB,Texas Rangers,Seattle Mariners,moneyline,fanduel,-110,-106,,,
2026-07-26T17:47:11,2026-07-26,MLB,Texas Rangers,Seattle Mariners,spread,fanduel,-196,162,,,
2026-07-26T17:47:11,2026-07-26,MLB,Texas Rangers,Seattle Mariners,total,fanduel,,,102,-124,7.5
2026-07-26T17:47:11,2026-07-26,MLB,Texas Rangers,Seattle Mariners,moneyline,draftkings,-117,-103,,,
2026-07-26T17:47:11,2026-07-26,MLB,Texas Rangers,Seattle Mariners,spread,draftkings,-210,172,,,
2026-07-26T17:47:11,2026-07-26,MLB,Texas Rangers,Seattle Mariners,total,draftkings,,,-123,102,7.0
2026-07-26T17:47:11,2026-07-26,MLB,Texas Rangers,Seattle Mariners,moneyline,betmgm,-110,-110,,,
2026-07-26T17:47:11,2026-07-26,MLB,Texas Rangers,Seattle Mariners,spread,betmgm,-200,165,,,
2026-07-26T17:47:11,2026-07-26,MLB,Texas Rangers,Seattle Mariners,total,betmgm,,,-120,100,7.0
2026-07-26T17:47:11,2026-07-26,MLB,San Francisco Giants,Los Angeles Angels,moneyline,fanduel,-102,-116,,,
2026-07-26T17:47:11,2026-07-26,MLB,San Francisco Giants,Los Angeles Angels,spread,fanduel,-178,146,,,
2026-07-26T17:47:11,2026-07-26,MLB,San Francisco Giants,Los Angeles Angels,total,fanduel,,,-105,-115,8.5
2026-07-26T17:47:11,2026-07-26,MLB,San Francisco Giants,Los Angeles Angels,moneyline,draftkings,-105,-114,,,
2026-07-26T17:47:11,2026-07-26,MLB,San Francisco Giants,Los Angeles Angels,spread,draftkings,-175,144,,,
2026-07-26T17:47:11,2026-07-26,MLB,San Francisco Giants,Los Angeles Angels,total,draftkings,,,-108,-112,8.5
2026-07-26T17:47:11,2026-07-26,MLB,San Francisco Giants,Los Angeles Angels,moneyline,betmgm,-105,-115,,,
2026-07-26T17:47:11,2026-07-26,MLB,San Francisco Giants,Los Angeles Angels,spread,betmgm,-185,150,,,
2026-07-26T17:47:11,2026-07-26,MLB,San Francisco Giants,Los Angeles Angels,total,betmgm,,,-105,-115,8.5
2026-07-27T01:22:15,2026-07-26,MLB,Philadelphia Phillies,New York Yankees,moneyline,fanduel,-1800,800,,,
2026-07-27T01:22:15,2026-07-26,MLB,Philadelphia Phillies,New York Yankees,spread,fanduel,130,-174,,,
2026-07-27T01:22:15,2026-07-26,MLB,Philadelphia Phillies,New York Yankees,total,fanduel,,,-130,-102,11.5
2026-07-27T01:22:15,2026-07-26,MLB,Philadelphia Phillies,New York Yankees,moneyline,draftkings,-1400,660,,,
2026-07-27T01:22:15,2026-07-26,MLB,Philadelphia Phillies,New York Yankees,spread,draftkings,133,-175,,,
2026-07-27T01:22:15,2026-07-26,MLB,Philadelphia Phillies,New York Yankees,total,draftkings,,,-138,106,11.5
2026-07-27T01:22:15,2026-07-26,MLB,Philadelphia Phillies,New York Yankees,moneyline,betmgm,-1100,625,,,
2026-07-27T01:22:15,2026-07-26,MLB,Philadelphia Phillies,New York Yankees,spread,betmgm,130,-165,,,
2026-07-27T01:22:15,2026-07-26,MLB,Philadelphia Phillies,New York Yankees,total,betmgm,,,-125,100,11.5
2026-07-26T17:47:11,2026-07-26,MLB,Detroit Tigers,Kansas City Royals,moneyline,draftkings,-101,-128,,,
2026-07-26T17:47:11,2026-07-26,MLB,Detroit Tigers,Kansas City Royals,spread,draftkings,-160,122,,,
2026-07-26T17:47:11,2026-07-26,MLB,Detroit Tigers,Kansas City Royals,total,draftkings,,,-124,-105,10.5
2026-07-26T17:47:11,2026-07-26,MLB,Minnesota Twins,Athletics,moneyline,draftkings,-163,135,,,
2026-07-26T17:47:11,2026-07-26,MLB,Minnesota Twins,Athletics,spread,draftkings,125,-150,,,
2026-07-26T17:47:11,2026-07-26,MLB,Minnesota Twins,Athletics,total,draftkings,,,-105,-114,10.0
2026-07-27T18:15:01,2026-07-27,MLB,Texas Rangers,Seattle Mariners,moneyline,draftkings,109,-132,,,
2026-07-27T18:15:01,2026-07-27,MLB,Texas Rangers,Seattle Mariners,spread,draftkings,-157,130,,,
2026-07-27T18:15:01,2026-07-27,MLB,Texas Rangers,Seattle Mariners,total,draftkings,,,-115,-105,8.0
2026-07-27T18:15:01,2026-07-27,MLB,Texas Rangers,Seattle Mariners,moneyline,fanduel,112,-132,,,
2026-07-27T18:15:01,2026-07-27,MLB,Texas Rangers,Seattle Mariners,spread,fanduel,-160,130,,,
2026-07-27T18:15:01,2026-07-27,MLB,Texas Rangers,Seattle Mariners,total,fanduel,,,-118,-104,8.0
2026-07-27T18:15:01,2026-07-27,MLB,Texas Rangers,Seattle Mariners,moneyline,betmgm,110,-135,,,
2026-07-27T18:15:01,2026-07-27,MLB,Texas Rangers,Seattle Mariners,spread,betmgm,-160,135,,,
2026-07-27T18:15:01,2026-07-27,MLB,Texas Rangers,Seattle Mariners,total,betmgm,,,-115,-105,8.0
2026-07-28T01:09:21,2026-07-27,MLB,Pittsburgh Pirates,Arizona Diamondbacks,moneyline,draftkings,-144,111,,,
2026-07-28T01:09:21,2026-07-27,MLB,Pittsburgh Pirates,Arizona Diamondbacks,spread,draftkings,-461,312,,,
2026-07-28T01:09:21,2026-07-27,MLB,Pittsburgh Pirates,Arizona Diamondbacks,total,draftkings,,,-115,-113,5.5
2026-07-28T01:09:21,2026-07-27,MLB,Pittsburgh Pirates,Arizona Diamondbacks,moneyline,fanduel,-148,116,,,
2026-07-28T01:09:21,2026-07-27,MLB,Pittsburgh Pirates,Arizona Diamondbacks,spread,fanduel,640,-1450,,,
2026-07-28T01:09:21,2026-07-27,MLB,Pittsburgh Pirates,Arizona Diamondbacks,total,fanduel,,,-114,-114,5.5
2026-07-28T01:09:21,2026-07-27,MLB,Pittsburgh Pirates,Arizona Diamondbacks,moneyline,betmgm,-140,110,,,
2026-07-28T01:09:21,2026-07-27,MLB,Pittsburgh Pirates,Arizona Diamondbacks,spread,betmgm,-475,325,,,
2026-07-28T01:09:21,2026-07-27,MLB,Pittsburgh Pirates,Arizona Diamondbacks,total,betmgm,,,-120,-105,5.5
2026-07-28T01:09:21,2026-07-27,MLB,Detroit Tigers,Baltimore Orioles,moneyline,draftkings,800,-2000,,,
2026-07-28T01:09:21,2026-07-27,MLB,Detroit Tigers,Baltimore Orioles,spread,draftkings,178,-238,,,
2026-07-28T01:09:21,2026-07-27,MLB,Detroit Tigers,Baltimore Orioles,total,draftkings,,,-104,-124,14.5
2026-07-28T01:09:21,2026-07-27,MLB,Detroit Tigers,Baltimore Orioles,moneyline,fanduel,1000,-3000,,,
2026-07-28T01:09:21,2026-07-27,MLB,Detroit Tigers,Baltimore Orioles,spread,fanduel,-250,182,,,
2026-07-28T01:09:21,2026-07-27,MLB,Detroit Tigers,Baltimore Orioles,total,fanduel,,,-104,-128,14.5
2026-07-28T01:09:21,2026-07-27,MLB,Detroit Tigers,Baltimore Orioles,moneyline,betmgm,900,-2000,,,
2026-07-28T01:09:21,2026-07-27,MLB,Detroit Tigers,Baltimore Orioles,spread,betmgm,170,-220,,,
2026-07-28T01:09:21,2026-07-27,MLB,Detroit Tigers,Baltimore Orioles,total,betmgm,,,130,-165,14.5
2026-07-28T01:09:21,2026-07-27,MLB,Miami Marlins,Philadelphia Phillies,moneyline,fanduel,630,-1200,,,
2026-07-28T01:09:21,2026-07-27,MLB,Miami Marlins,Philadelphia Phillies,spread,fanduel,240,-350,,,
2026-07-28T01:09:21,2026-07-27,MLB,Miami Marlins,Philadelphia Phillies,total,fanduel,,,-160,120,12.5
2026-07-28T01:09:21,2026-07-27,MLB,Miami Marlins,Philadelphia Phillies,moneyline,draftkings,690,-1500,,,
2026-07-28T01:09:21,2026-07-27,MLB,Miami Marlins,Philadelphia Phillies,spread,draftkings,-330,237,,,
2026-07-28T01:09:21,2026-07-27,MLB,Miami Marlins,Philadelphia Phillies,total,draftkings,,,-149,114,12.5
2026-07-28T01:09:21,2026-07-27,MLB,Miami Marlins,Philadelphia Phillies,moneyline,betmgm,675,-1200,,,
2026-07-28T01:09:21,2026-07-27,MLB,Miami Marlins,Philadelphia Phillies,spread,betmgm,240,-325,,,
2026-07-28T01:09:21,2026-07-27,MLB,Miami Marlins,Philadelphia Phillies,total,betmgm,,,-140,110,12.5
2026-07-28T01:09:21,2026-07-27,MLB,Washington Nationals,Toronto Blue Jays,moneyline,fanduel,255,-350,,,
2026-07-28T01:09:21,2026-07-27,MLB,Washington Nationals,Toronto Blue Jays,spread,fanduel,-215,158,,,
2026-07-28T01:09:21,2026-07-27,MLB,Washington Nationals,Toronto Blue Jays,total,fanduel,,,-186,136,6.5
2026-07-28T01:09:21,2026-07-27,MLB,Washington Nationals,Toronto Blue Jays,moneyline,draftkings,230,-318,,,
2026-07-28T01:09:21,2026-07-27,MLB,Washington Nationals,Toronto Blue Jays,spread,draftkings,-223,167,,,
2026-07-28T01:09:21,2026-07-27,MLB,Washington Nationals,Toronto Blue Jays,total,draftkings,,,-169,129,6.5
2026-07-28T01:09:21,2026-07-27,MLB,Washington Nationals,Toronto Blue Jays,moneyline,betmgm,250,-325,,,
2026-07-28T01:09:21,2026-07-27,MLB,Washington Nationals,Toronto Blue Jays,spread,betmgm,-285,210,,,
2026-07-28T01:09:21,2026-07-27,MLB,Washington Nationals,Toronto Blue Jays,total,betmgm,,,-160,125,6.5
2026-07-27T18:15:01,2026-07-27,MLB,New York Mets,Atlanta Braves,moneyline,draftkings,-110,-109,,,
2026-07-28T01:09:21,2026-07-27,MLB,New York Mets,Atlanta Braves,spread,draftkings,122,-160,,,
2026-07-28T01:09:21,2026-07-27,MLB,New York Mets,Atlanta Braves,total,draftkings,,,-137,105,12.5
2026-07-28T01:09:21,2026-07-27,MLB,New York Mets,Atlanta Braves,moneyline,fanduel,-5000,1200,,,
2026-07-28T01:09:21,2026-07-27,MLB,New York Mets,Atlanta Braves,spread,fanduel,152,-205,,,
2026-07-28T01:09:21,2026-07-27,MLB,New York Mets,Atlanta Braves,total,fanduel,,,-114,-118,10.5
2026-07-28T01:09:21,2026-07-27,MLB,New York Mets,Atlanta Braves,moneyline,betmgm,-10000,3300,,,
2026-07-28T01:09:21,2026-07-27,MLB,New York Mets,Atlanta Braves,spread,betmgm,180,-235,,,
2026-07-28T01:09:21,2026-07-27,MLB,New York Mets,Atlanta Braves,total,betmgm,,,-105,-120,12.5
2026-07-27T18:15:01,2026-07-27,MLB,Cincinnati Reds,Cleveland Guardians,moneyline,draftkings,-164,136,,,
2026-07-27T18:15:01,2026-07-27,MLB,Cincinnati Reds,Cleveland Guardians,spread,draftkings,123,-149,,,
2026-07-27T18:15:01,2026-07-27,MLB,Cincinnati Reds,Cleveland Guardians,total,draftkings,,,-110,-110,8.5
2026-07-27T18:15:01,2026-07-27,MLB,Cincinnati Reds,Cleveland Guardians,moneyline,fanduel,-164,138,,,
2026-07-27T18:15:01,2026-07-27,MLB,Cincinnati Reds,Cleveland Guardians,spread,fanduel,125,-150,,,
2026-07-27T18:15:01,2026-07-27,MLB,Cincinnati Reds,Cleveland Guardians,total,fanduel,,,-110,-110,8.5
2026-07-27T18:15:01,2026-07-27,MLB,Cincinnati Reds,Cleveland Guardians,moneyline,betmgm,-165,135,,,
2026-07-27T18:15:01,2026-07-27,MLB,Cincinnati Reds,Cleveland Guardians,spread,betmgm,125,-150,,,
2026-07-27T18:15:01,2026-07-27,MLB,Cincinnati Reds,Cleveland Guardians,total,betmgm,,,-110,-110,8.5
2026-07-27T18:15:01,2026-07-27,MLB,Chicago White Sox,New York Yankees,moneyline,draftkings,123,-149,,,
2026-07-27T18:15:01,2026-07-27,MLB,Chicago White Sox,New York Yankees,spread,draftkings,-137,114,,,
2026-07-27T18:15:01,2026-07-27,MLB,Chicago White Sox,New York Yankees,total,draftkings,,,-105,-114,8.5
2026-07-27T18:15:01,2026-07-27,MLB,Chicago White Sox,New York Yankees,moneyline,fanduel,124,-146,,,
2026-07-27T18:15:01,2026-07-27,MLB,Chicago White Sox,New York Yankees,spread,fanduel,-137,114,,,
2026-07-27T18:15:01,2026-07-27,MLB,Chicago White Sox,New York Yankees,total,fanduel,,,-110,-110,8.5
2026-07-27T18:15:01,2026-07-27,MLB,Chicago White Sox,New York Yankees,moneyline,betmgm,125,-155,,,
2026-07-27T18:15:01,2026-07-27,MLB,Chicago White Sox,New York Yankees,spread,betmgm,-145,118,,,
2026-07-27T18:15:01,2026-07-27,MLB,Chicago White Sox,New York Yankees,total,betmgm,,,-105,-115,8.5
2026-07-27T18:15:01,2026-07-27,MLB,St. Louis Cardinals,Chicago Cubs,moneyline,fanduel,104,-122,,,
2026-07-27T18:15:01,2026-07-27,MLB,St. Louis Cardinals,Chicago Cubs,spread,fanduel,-154,128,,,
2026-07-27T18:15:01,2026-07-27,MLB,St. Louis Cardinals,Chicago Cubs,total,fanduel,,,-106,-114,9.5
2026-07-27T18:15:01,2026-07-27,MLB,St. Louis Cardinals,Chicago Cubs,moneyline,draftkings,103,-125,,,
2026-07-27T18:15:01,2026-07-27,MLB,St. Louis Cardinals,Chicago Cubs,total,draftkings,,,-108,-112,9.5
2026-07-28T01:09:21,2026-07-28,MLB,Los Angeles Angels,Houston Astros,moneyline,draftkings,-110,-110,,,
2026-07-28T01:09:21,2026-07-28,MLB,Los Angeles Angels,Houston Astros,spread,draftkings,-181,149,,,
2026-07-28T01:09:21,2026-07-28,MLB,Los Angeles Angels,Houston Astros,total,draftkings,,,-115,-104,8.5
2026-07-28T01:09:21,2026-07-28,MLB,Los Angeles Angels,Houston Astros,moneyline,fanduel,-110,-106,,,
2026-07-28T01:09:21,2026-07-28,MLB,Los Angeles Angels,Houston Astros,spread,fanduel,-184,152,,,
2026-07-28T01:09:21,2026-07-28,MLB,Los Angeles Angels,Houston Astros,total,fanduel,,,-120,-102,8.5
2026-07-28T01:09:21,2026-07-28,MLB,Los Angeles Angels,Houston Astros,moneyline,betmgm,-110,-110,,,
2026-07-28T01:09:21,2026-07-28,MLB,Los Angeles Angels,Houston Astros,spread,betmgm,-185,150,,,
2026-07-28T01:09:21,2026-07-28,MLB,Los Angeles Angels,Houston Astros,total,betmgm,,,-118,-102,8.5
2026-07-28T01:09:21,2026-07-28,MLB,Athletics,Boston Red Sox,moneyline,draftkings,163,-198,,,
2026-07-28T01:09:21,2026-07-28,MLB,Athletics,Boston Red Sox,spread,draftkings,102,-122,,,
2026-07-28T01:09:21,2026-07-28,MLB,Athletics,Boston Red Sox,total,draftkings,,,-105,-115,10.0
2026-07-28T01:09:21,2026-07-28,MLB,Athletics,Boston Red Sox,moneyline,fanduel,156,-186,,,
2026-07-28T01:09:21,2026-07-28,MLB,Athletics,Boston Red Sox,spread,fanduel,-102,-118,,,
2026-07-28T01:09:21,2026-07-28,MLB,Athletics,Boston Red Sox,total,fanduel,,,-115,-105,9.5
2026-07-28T01:09:21,2026-07-28,MLB,Athletics,Boston Red Sox,moneyline,betmgm,165,-200,,,
2026-07-28T01:09:21,2026-07-28,MLB,Athletics,Boston Red Sox,spread,betmgm,105,-125,,,
2026-07-28T01:09:21,2026-07-28,MLB,Athletics,Boston Red Sox,total,betmgm,,,-105,-115,10.0
2026-07-28T01:09:21,2026-07-28,MLB,San Francisco Giants,Milwaukee Brewers,moneyline,draftkings,118,-142,,,
2026-07-28T01:09:21,2026-07-28,MLB,San Francisco Giants,Milwaukee Brewers,spread,draftkings,-143,119,,,
2026-07-28T01:09:21,2026-07-28,MLB,San Francisco Giants,Milwaukee Brewers,total,draftkings,,,-115,-105,8.5
2026-07-28T01:09:21,2026-07-28,MLB,San Francisco Giants,Milwaukee Brewers,moneyline,fanduel,116,-136,,,
2026-07-28T01:09:21,2026-07-28,MLB,San Francisco Giants,Milwaukee Brewers,spread,fanduel,-140,116,,,
2026-07-28T01:09:21,2026-07-28,MLB,San Francisco Giants,Milwaukee Brewers,total,fanduel,,,-112,-108,8.5
2026-07-28T01:09:21,2026-07-28,MLB,San Francisco Giants,Milwaukee Brewers,moneyline,betmgm,118,-145,,,
2026-07-28T01:09:21,2026-07-28,MLB,San Francisco Giants,Milwaukee Brewers,spread,betmgm,-145,120,,,
2026-07-28T01:09:21,2026-07-28,MLB,San Francisco Giants,Milwaukee Brewers,total,betmgm,,,-115,-105,8.5
2026-07-27T18:15:01,2026-07-27,MLB,St. Louis Cardinals,Chicago Cubs,spread,draftkings,-155,128,,,
2026-07-27T18:15:01,2026-07-27,MLB,St. Louis Cardinals,Chicago Cubs,moneyline,betmgm,105,-130,,,
2026-07-27T18:15:01,2026-07-27,MLB,St. Louis Cardinals,Chicago Cubs,spread,betmgm,-155,125,,,
2026-07-27T18:15:01,2026-07-27,MLB,St. Louis Cardinals,Chicago Cubs,total,betmgm,,,-105,-115,9.5
2026-07-28T18:04:37,2026-07-28,MLB,Pittsburgh Pirates,Arizona Diamondbacks,moneyline,fanduel,-116,-102,,,
2026-07-29T01:12:56,2026-07-28,MLB,Pittsburgh Pirates,Arizona Diamondbacks,spread,fanduel,182,-250,,,
2026-07-29T01:12:56,2026-07-28,MLB,Pittsburgh Pirates,Arizona Diamondbacks,total,fanduel,,,-174,130,6.5
2026-07-28T18:04:37,2026-07-28,MLB,Pittsburgh Pirates,Arizona Diamondbacks,moneyline,betmgm,-115,-105,,,
2026-07-29T01:12:56,2026-07-28,MLB,Pittsburgh Pirates,Arizona Diamondbacks,spread,betmgm,220,-295,,,
2026-07-29T01:12:56,2026-07-28,MLB,Pittsburgh Pirates,Arizona Diamondbacks,total,betmgm,,,-155,120,6.5
2026-07-28T18:04:37,2026-07-28,MLB,Pittsburgh Pirates,Arizona Diamondbacks,moneyline,draftkings,-115,-105,,,
2026-07-29T01:12:56,2026-07-28,MLB,Pittsburgh Pirates,Arizona Diamondbacks,total,draftkings,,,-144,110,6.5
2026-07-28T18:04:37,2026-07-28,MLB,Detroit Tigers,Baltimore Orioles,moneyline,fanduel,-142,120,,,
2026-07-29T01:12:56,2026-07-28,MLB,Detroit Tigers,Baltimore Orioles,spread,fanduel,-3000,880,,,
2026-07-29T01:12:56,2026-07-28,MLB,Detroit Tigers,Baltimore Orioles,total,fanduel,,,880,-3000,14.5
2026-07-28T18:04:37,2026-07-28,MLB,Detroit Tigers,Baltimore Orioles,moneyline,betmgm,-145,120,,,
2026-07-29T01:12:56,2026-07-28,MLB,Detroit Tigers,Baltimore Orioles,spread,betmgm,-1400,700,,,
2026-07-29T01:12:56,2026-07-28,MLB,Detroit Tigers,Baltimore Orioles,total,betmgm,,,700,-1400,14.5
2026-07-28T18:04:37,2026-07-28,MLB,Detroit Tigers,Baltimore Orioles,moneyline,draftkings,-144,119,,,
2026-07-29T01:12:56,2026-07-28,MLB,Detroit Tigers,Baltimore Orioles,total,draftkings,,,850,-2400,14.5
2026-07-29T01:12:56,2026-07-28,MLB,Miami Marlins,Philadelphia Phillies,moneyline,fanduel,-6000,1400,,,
2026-07-28T18:04:37,2026-07-28,MLB,Miami Marlins,Philadelphia Phillies,spread,fanduel,-196,162,,,
2026-07-29T01:12:56,2026-07-28,MLB,Miami Marlins,Philadelphia Phillies,total,fanduel,,,1260,-6000,1.5
2026-07-29T01:12:56,2026-07-28,MLB,Miami Marlins,Philadelphia Phillies,moneyline,betmgm,-10000,3000,,,
2026-07-29T01:12:56,2026-07-28,MLB,Miami Marlins,Philadelphia Phillies,spread,betmgm,-10000,3300,,,
2026-07-29T01:12:56,2026-07-28,MLB,Miami Marlins,Philadelphia Phillies,total,betmgm,,,1700,-10000,1.5
2026-07-28T18:04:37,2026-07-28,MLB,Miami Marlins,Philadelphia Phillies,moneyline,draftkings,-121,100,,,
2026-07-29T01:12:56,2026-07-28,MLB,Miami Marlins,Philadelphia Phillies,total,draftkings,,,1020,-3900,1.5
2026-07-29T01:12:56,2026-07-28,MLB,Washington Nationals,Toronto Blue Jays,moneyline,fanduel,-480,330,,,
2026-07-29T01:12:56,2026-07-28,MLB,Washington Nationals,Toronto Blue Jays,spread,fanduel,116,-154,,,
2026-07-29T01:12:56,2026-07-28,MLB,Washington Nationals,Toronto Blue Jays,total,fanduel,,,-152,114,10.5
2026-07-29T01:12:56,2026-07-28,MLB,Washington Nationals,Toronto Blue Jays,moneyline,betmgm,-550,375,,,
2026-07-29T01:12:56,2026-07-28,MLB,Washington Nationals,Toronto Blue Jays,spread,betmgm,100,-130,,,
2026-07-29T01:12:56,2026-07-28,MLB,Washington Nationals,Toronto Blue Jays,total,betmgm,,,115,-150,11.5
2026-07-29T01:12:56,2026-07-28,MLB,Washington Nationals,Toronto Blue Jays,moneyline,draftkings,-527,347,,,
2026-07-29T01:12:56,2026-07-28,MLB,Washington Nationals,Toronto Blue Jays,total,draftkings,,,111,-145,11.5
2026-07-28T01:09:21,2026-07-28,MLB,New York Mets,Atlanta Braves,moneyline,fanduel,136,-162,,,
2026-07-28T01:09:21,2026-07-28,MLB,New York Mets,Atlanta Braves,spread,fanduel,-134,112,,,
2026-07-28T01:09:21,2026-07-28,MLB,New York Mets,Atlanta Braves,total,fanduel,,,-102,-120,7.5
2026-07-28T01:09:21,2026-07-28,MLB,New York Mets,Atlanta Braves,moneyline,betmgm,135,-160,,,
2026-07-28T01:09:21,2026-07-28,MLB,New York Mets,Atlanta Braves,spread,betmgm,-135,110,,,
2026-07-28T01:09:21,2026-07-28,MLB,New York Mets,Atlanta Braves,total,betmgm,,,105,-125,7.5
2026-07-28T01:09:21,2026-07-28,MLB,New York Mets,Atlanta Braves,moneyline,draftkings,130,-157,,,
2026-07-28T01:09:21,2026-07-28,MLB,New York Mets,Atlanta Braves,total,draftkings,,,103,-124,7.5
2026-07-29T01:12:56,2026-07-28,MLB,Cincinnati Reds,Cleveland Guardians,moneyline,fanduel,-1600,750,,,
2026-07-29T01:12:56,2026-07-28,MLB,Cincinnati Reds,Cleveland Guardians,spread,fanduel,-310,220,,,
2026-07-29T01:12:56,2026-07-28,MLB,Cincinnati Reds,Cleveland Guardians,total,fanduel,,,-106,-125,2.5
2026-07-29T01:12:56,2026-07-28,MLB,Cincinnati Reds,Cleveland Guardians,moneyline,betmgm,-1200,675,,,
2026-07-29T01:12:56,2026-07-28,MLB,Cincinnati Reds,Cleveland Guardians,spread,betmgm,-250,190,,,
2026-07-29T01:12:56,2026-07-28,MLB,Cincinnati Reds,Cleveland Guardians,total,betmgm,,,-105,-120,2.5
2026-07-29T01:12:56,2026-07-28,MLB,Cincinnati Reds,Cleveland Guardians,moneyline,draftkings,-3600,1000,,,
2026-07-29T01:12:56,2026-07-28,MLB,Cincinnati Reds,Cleveland Guardians,total,draftkings,,,135,-178,2.5
2026-07-29T01:12:56,2026-07-28,MLB,Chicago White Sox,New York Yankees,moneyline,fanduel,430,-670,,,
2026-07-29T01:12:56,2026-07-28,MLB,Chicago White Sox,New York Yankees,spread,fanduel,106,-140,,,
2026-07-29T01:12:56,2026-07-28,MLB,Chicago White Sox,New York Yankees,total,fanduel,,,-138,104,6.5
2026-07-29T01:12:56,2026-07-28,MLB,Chicago White Sox,New York Yankees,moneyline,betmgm,450,-650,,,
2026-07-29T01:12:56,2026-07-28,MLB,Chicago White Sox,New York Yankees,spread,betmgm,125,-160,,,
2026-07-29T01:12:56,2026-07-28,MLB,Chicago White Sox,New York Yankees,total,betmgm,,,-150,115,6.5
2026-07-29T01:12:56,2026-07-28,MLB,Chicago White Sox,New York Yankees,moneyline,draftkings,418,-680,,,
2026-07-29T01:12:56,2026-07-28,MLB,Chicago White Sox,New York Yankees,total,draftkings,,,-136,105,6.5
2026-07-29T01:12:56,2026-07-28,MLB,Minnesota Twins,Kansas City Royals,moneyline,fanduel,136,-178,,,
2026-07-29T01:12:56,2026-07-28,MLB,Minnesota Twins,Kansas City Royals,spread,fanduel,-245,178,,,
2026-07-29T01:12:56,2026-07-28,MLB,Minnesota Twins,Kansas City Royals,total,fanduel,,,102,-136,6.5
2026-07-29T01:12:56,2026-07-28,MLB,Minnesota Twins,Kansas City Royals,moneyline,betmgm,135,-170,,,
2026-07-28T18:04:37,2026-07-28,MLB,Minnesota Twins,Kansas City Royals,spread,betmgm,115,-140,,,
2026-07-29T01:12:56,2026-07-28,MLB,Minnesota Twins,Kansas City Royals,total,betmgm,,,110,-140,6.5
2026-07-29T01:12:56,2026-07-28,MLB,Minnesota Twins,Kansas City Royals,moneyline,draftkings,-142,109,,,
2026-07-29T01:12:56,2026-07-28,MLB,Minnesota Twins,Kansas City Royals,total,draftkings,,,112,-146,7.5
2026-07-29T01:12:56,2026-07-29,MLB,Los Angeles Angels,Houston Astros,moneyline,fanduel,-106,-110,,,
2026-07-29T01:12:56,2026-07-29,MLB,Los Angeles Angels,Houston Astros,spread,fanduel,-182,150,,,
2026-07-29T01:12:56,2026-07-29,MLB,Los Angeles Angels,Houston Astros,total,fanduel,,,-105,-115,8.5
2026-07-29T01:12:56,2026-07-29,MLB,Los Angeles Angels,Houston Astros,moneyline,betmgm,-110,-110,,,
2026-07-29T01:12:56,2026-07-29,MLB,Los Angeles Angels,Houston Astros,spread,betmgm,-180,145,,,
2026-07-29T01:12:56,2026-07-29,MLB,Los Angeles Angels,Houston Astros,total,betmgm,,,-105,-115,8.5
2026-07-29T01:12:56,2026-07-29,MLB,Los Angeles Angels,Houston Astros,moneyline,draftkings,-111,-108,,,
2026-07-29T01:12:56,2026-07-29,MLB,Los Angeles Angels,Houston Astros,total,draftkings,,,-105,-114,8.5
2026-07-29T01:12:56,2026-07-29,MLB,Athletics,Boston Red Sox,moneyline,fanduel,124,-146,,,
2026-07-29T01:12:56,2026-07-29,MLB,Athletics,Boston Red Sox,spread,fanduel,-128,106,,,
2026-07-29T01:12:56,2026-07-29,MLB,Athletics,Boston Red Sox,total,fanduel,,,-115,-105,10.0
2026-07-29T01:12:56,2026-07-29,MLB,Athletics,Boston Red Sox,moneyline,draftkings,129,-156,,,
2026-07-29T01:12:56,2026-07-29,MLB,Athletics,Boston Red Sox,total,draftkings,,,-118,-102,10.0
2026-07-29T17:59:18,2026-07-29,MLB,San Diego Padres,Colorado Rockies,moneyline,fanduel,-162,136,,,
2026-07-29T17:59:18,2026-07-29,MLB,San Diego Padres,Colorado Rockies,spread,fanduel,126,-152,,,
2026-07-29T17:59:18,2026-07-29,MLB,San Diego Padres,Colorado Rockies,total,fanduel,,,-102,-120,8.5
2026-07-29T17:59:18,2026-07-29,MLB,San Diego Padres,Colorado Rockies,moneyline,betmgm,-165,135,,,
2026-07-29T17:59:18,2026-07-29,MLB,San Diego Padres,Colorado Rockies,spread,betmgm,130,-155,,,
2026-07-29T17:59:18,2026-07-29,MLB,San Diego Padres,Colorado Rockies,total,betmgm,,,-102,-118,8.5
2026-07-29T17:59:18,2026-07-29,MLB,San Diego Padres,Colorado Rockies,moneyline,draftkings,-158,131,,,
2026-07-29T17:59:18,2026-07-29,MLB,San Diego Padres,Colorado Rockies,total,draftkings,,,-107,-113,8.5
2026-07-29T17:59:18,2026-07-29,MLB,San Francisco Giants,Milwaukee Brewers,moneyline,fanduel,-112,-104,,,
2026-07-29T17:59:18,2026-07-29,MLB,San Francisco Giants,Milwaukee Brewers,spread,fanduel,-200,164,,,
2026-07-29T17:59:18,2026-07-29,MLB,San Francisco Giants,Milwaukee Brewers,total,fanduel,,,-118,-104,7.5
2026-07-29T17:59:18,2026-07-29,MLB,San Francisco Giants,Milwaukee Brewers,moneyline,betmgm,-110,-110,,,
2026-07-29T17:59:18,2026-07-29,MLB,San Francisco Giants,Milwaukee Brewers,spread,betmgm,-185,150,,,
2026-07-29T17:59:18,2026-07-29,MLB,San Francisco Giants,Milwaukee Brewers,total,betmgm,,,-120,100,7.5
2026-07-29T17:59:18,2026-07-29,MLB,San Francisco Giants,Milwaukee Brewers,moneyline,draftkings,-109,-110,,,
2026-07-29T17:59:18,2026-07-29,MLB,San Francisco Giants,Milwaukee Brewers,total,draftkings,,,-119,-102,7.5
2026-07-29T01:12:56,2026-07-28,MLB,Chicago White Sox,New York Yankees,spread,draftkings,103,-134,,,
2026-07-29T01:12:56,2026-07-28,MLB,St. Louis Cardinals,Chicago Cubs,moneyline,fanduel,1300,-5000,,,
2026-07-29T01:12:56,2026-07-28,MLB,St. Louis Cardinals,Chicago Cubs,spread,fanduel,-146,110,,,
2026-07-29T01:12:56,2026-07-28,MLB,St. Louis Cardinals,Chicago Cubs,total,fanduel,,,-128,-104,12.5
2026-07-29T01:12:56,2026-07-28,MLB,St. Louis Cardinals,Chicago Cubs,moneyline,draftkings,1080,-5000,,,
2026-07-29T01:12:56,2026-07-28,MLB,St. Louis Cardinals,Chicago Cubs,spread,draftkings,-101,-129,,,
2026-07-29T01:12:56,2026-07-28,MLB,St. Louis Cardinals,Chicago Cubs,total,draftkings,,,-143,110,12.5
2026-07-29T01:12:56,2026-07-28,MLB,St. Louis Cardinals,Chicago Cubs,moneyline,betmgm,1000,-2500,,,
2026-07-29T01:12:56,2026-07-28,MLB,St. Louis Cardinals,Chicago Cubs,spread,betmgm,-140,110,,,
2026-07-29T01:12:56,2026-07-28,MLB,St. Louis Cardinals,Chicago Cubs,total,betmgm,,,-130,100,12.5
2026-07-29T01:12:56,2026-07-28,MLB,Pittsburgh Pirates,Arizona Diamondbacks,spread,draftkings,204,-290,,,
2026-07-29T01:12:56,2026-07-28,MLB,Detroit Tigers,Baltimore Orioles,spread,draftkings,-2400,850,,,
2026-07-28T18:04:37,2026-07-28,MLB,Miami Marlins,Philadelphia Phillies,spread,draftkings,-204,167,,,
2026-07-29T01:12:56,2026-07-28,MLB,Tampa Bay Rays,Texas Rangers,moneyline,fanduel,2000,-20000,,,
2026-07-29T01:12:56,2026-07-28,MLB,Tampa Bay Rays,Texas Rangers,spread,fanduel,370,-600,,,
2026-07-29T01:12:56,2026-07-28,MLB,Tampa Bay Rays,Texas Rangers,total,fanduel,,,360,-580,5.5
2026-07-29T01:12:56,2026-07-28,MLB,Washington Nationals,Toronto Blue Jays,spread,draftkings,102,-132,,,
2026-07-28T01:09:21,2026-07-28,MLB,New York Mets,Atlanta Braves,spread,draftkings,-131,109,,,
2026-07-29T01:12:56,2026-07-28,MLB,Minnesota Twins,Kansas City Royals,spread,draftkings,213,-291,,,
2026-07-29T01:12:56,2026-07-29,MLB,Los Angeles Angels,Houston Astros,spread,draftkings,-179,148,,,
2026-07-29T01:12:56,2026-07-29,MLB,Athletics,Boston Red Sox,spread,draftkings,-122,101,,,
2026-07-29T01:12:56,2026-07-29,MLB,Athletics,Boston Red Sox,moneyline,betmgm,125,-155,,,
2026-07-29T01:12:56,2026-07-29,MLB,Athletics,Boston Red Sox,spread,betmgm,-120,100,,,
2026-07-29T01:12:56,2026-07-29,MLB,Athletics,Boston Red Sox,total,betmgm,,,-118,-102,10.0
2026-07-29T17:59:18,2026-07-29,MLB,San Diego Padres,Colorado Rockies,spread,draftkings,133,-161,,,
2026-07-29T17:59:18,2026-07-29,MLB,San Francisco Giants,Milwaukee Brewers,spread,draftkings,-186,153,,,
2026-07-29T01:12:56,2026-07-28,MLB,Cincinnati Reds,Cleveland Guardians,spread,draftkings,-461,313,,,
2026-07-28T18:04:37,2026-07-28,MLB,Tampa Bay Rays,Texas Rangers,moneyline,draftkings,-181,149,,,
2026-07-29T01:12:56,2026-07-28,MLB,Tampa Bay Rays,Texas Rangers,spread,draftkings,412,-670,,,
2026-07-29T01:12:56,2026-07-28,MLB,Tampa Bay Rays,Texas Rangers,total,draftkings,,,409,-660,5.5
2026-07-29T01:12:56,2026-07-28,MLB,Tampa Bay Rays,Texas Rangers,moneyline,betmgm,2200,-10000,,,
2026-07-29T01:12:56,2026-07-28,MLB,Tampa Bay Rays,Texas Rangers,spread,betmgm,310,-450,,,
2026-07-29T01:12:56,2026-07-28,MLB,Tampa Bay Rays,Texas Rangers,total,betmgm,,,310,-450,5.5
2026-07-29T01:12:56,2026-07-29,MLB,Los Angeles Dodgers,Seattle Mariners,moneyline,fanduel,-235,194,,,
2026-07-29T01:12:56,2026-07-29,MLB,Los Angeles Dodgers,Seattle Mariners,spread,fanduel,-118,-102,,,
2026-07-29T01:12:56,2026-07-29,MLB,Los Angeles Dodgers,Seattle Mariners,total,fanduel,,,-102,-120,9.5
2026-07-29T01:12:56,2026-07-29,MLB,Los Angeles Dodgers,Seattle Mariners,moneyline,draftkings,-238,193,,,
2026-07-29T01:12:56,2026-07-29,MLB,Los Angeles Dodgers,Seattle Mariners,spread,draftkings,-117,-103,,,
2026-07-29T01:12:56,2026-07-29,MLB,Los Angeles Dodgers,Seattle Mariners,total,draftkings,,,100,-121,9.5
2026-07-29T01:12:56,2026-07-29,MLB,Los Angeles Dodgers,Seattle Mariners,moneyline,betmgm,-235,195,,,
2026-07-29T01:12:56,2026-07-29,MLB,Los Angeles Dodgers,Seattle Mariners,spread,betmgm,-120,100,,,
2026-07-29T01:12:56,2026-07-29,MLB,Los Angeles Dodgers,Seattle Mariners,total,betmgm,,,-102,-118,9.5
2026-07-29T17:59:18,2026-07-29,MLB,Pittsburgh Pirates,Arizona Diamondbacks,moneyline,fanduel,420,-650,,,
2026-07-29T17:59:18,2026-07-29,MLB,Pittsburgh Pirates,Arizona Diamondbacks,spread,fanduel,-102,-130,,,
2026-07-29T17:59:18,2026-07-29,MLB,Pittsburgh Pirates,Arizona Diamondbacks,total,fanduel,,,-106,-125,6.5
2026-07-29T17:59:18,2026-07-29,MLB,Washington Nationals,Toronto Blue Jays,moneyline,fanduel,-136,106,,,
2026-07-29T17:59:18,2026-07-29,MLB,Washington Nationals,Toronto Blue Jays,spread,fanduel,194,-270,,,
2026-07-29T17:59:18,2026-07-29,MLB,Washington Nationals,Toronto Blue Jays,total,fanduel,,,-102,-130,5.5
2026-07-29T17:59:18,2026-07-29,MLB,Detroit Tigers,Baltimore Orioles,moneyline,fanduel,-2500,900,,,
2026-07-29T17:59:18,2026-07-29,MLB,Detroit Tigers,Baltimore Orioles,spread,fanduel,-130,-102,,,
2026-07-29T17:59:18,2026-07-29,MLB,Detroit Tigers,Baltimore Orioles,total,fanduel,,,100,-132,7.5
2026-07-30T01:05:16,2026-07-29,MLB,Cincinnati Reds,Cleveland Guardians,moneyline,fanduel,1000,-3000,,,
2026-07-30T01:05:16,2026-07-29,MLB,Cincinnati Reds,Cleveland Guardians,spread,fanduel,124,-166,,,
2026-07-30T01:05:16,2026-07-29,MLB,Cincinnati Reds,Cleveland Guardians,total,fanduel,,,-152,114,6.5
2026-07-30T01:05:16,2026-07-29,MLB,Chicago White Sox,New York Yankees,moneyline,fanduel,1100,-4000,,,
2026-07-30T01:05:16,2026-07-29,MLB,Chicago White Sox,New York Yankees,spread,fanduel,-162,122,,,
2026-07-30T01:05:16,2026-07-29,MLB,Chicago White Sox,New York Yankees,total,fanduel,,,116,-154,7.5
2026-07-29T17:59:18,2026-07-29,MLB,Miami Marlins,Philadelphia Phillies,moneyline,fanduel,680,-1400,,,
2026-07-29T17:59:18,2026-07-29,MLB,Miami Marlins,Philadelphia Phillies,spread,fanduel,-122,-108,,,
2026-07-29T17:59:18,2026-07-29,MLB,Miami Marlins,Philadelphia Phillies,total,fanduel,,,-174,128,10.5
2026-07-29T17:59:18,2026-07-29,MLB,Miami Marlins,Philadelphia Phillies,moneyline,draftkings,790,-1960,,,
2026-07-29T17:59:18,2026-07-29,MLB,Miami Marlins,Philadelphia Phillies,spread,draftkings,113,-147,,,
2026-07-29T17:59:18,2026-07-29,MLB,Miami Marlins,Philadelphia Phillies,total,draftkings,,,-141,109,10.5
2026-07-29T17:59:18,2026-07-29,MLB,Pittsburgh Pirates,Arizona Diamondbacks,moneyline,betmgm,400,-600,,,
2026-07-29T17:59:18,2026-07-29,MLB,Pittsburgh Pirates,Arizona Diamondbacks,spread,betmgm,-105,-120,,,
2026-07-29T17:59:18,2026-07-29,MLB,Pittsburgh Pirates,Arizona Diamondbacks,total,betmgm,,,100,-130,6.5
2026-07-29T17:59:18,2026-07-29,MLB,Pittsburgh Pirates,Arizona Diamondbacks,moneyline,draftkings,400,-640,,,
2026-07-29T17:59:18,2026-07-29,MLB,Pittsburgh Pirates,Arizona Diamondbacks,spread,draftkings,-109,-119,,,
2026-07-29T17:59:18,2026-07-29,MLB,Pittsburgh Pirates,Arizona Diamondbacks,total,draftkings,,,-103,-127,6.5
2026-07-29T17:59:18,2026-07-29,MLB,Washington Nationals,Toronto Blue Jays,moneyline,betmgm,-145,115,,,
2026-07-29T17:59:18,2026-07-29,MLB,Washington Nationals,Toronto Blue Jays,spread,betmgm,180,-235,,,
2026-07-29T17:59:18,2026-07-29,MLB,Washington Nationals,Toronto Blue Jays,total,betmgm,,,-110,-118,5.5
2026-07-29T17:59:18,2026-07-29,MLB,Washington Nationals,Toronto Blue Jays,moneyline,draftkings,-144,111,,,
2026-07-29T17:59:18,2026-07-29,MLB,Washington Nationals,Toronto Blue Jays,spread,draftkings,180,-242,,,
2026-07-29T17:59:18,2026-07-29,MLB,Washington Nationals,Toronto Blue Jays,total,draftkings,,,-103,-126,5.5
2026-07-30T01:05:16,2026-07-29,MLB,New York Mets,Atlanta Braves,moneyline,fanduel,300,-430,,,
2026-07-30T01:05:16,2026-07-29,MLB,New York Mets,Atlanta Braves,spread,fanduel,-200,148,,,
2026-07-30T01:05:16,2026-07-29,MLB,New York Mets,Atlanta Braves,total,fanduel,,,-160,120,2.5
2026-07-29T17:59:18,2026-07-29,MLB,Detroit Tigers,Baltimore Orioles,moneyline,betmgm,-1600,775,,,
2026-07-29T17:59:18,2026-07-29,MLB,Detroit Tigers,Baltimore Orioles,spread,betmgm,-120,-105,,,
2026-07-29T17:59:18,2026-07-29,MLB,Detroit Tigers,Baltimore Orioles,total,betmgm,,,100,-130,7.5
2026-07-29T17:59:18,2026-07-29,MLB,Detroit Tigers,Baltimore Orioles,moneyline,draftkings,-1760,750,,,
2026-07-29T17:59:18,2026-07-29,MLB,Detroit Tigers,Baltimore Orioles,spread,draftkings,-119,-109,,,
2026-07-29T17:59:18,2026-07-29,MLB,Detroit Tigers,Baltimore Orioles,total,draftkings,,,109,-141,7.5
2026-07-29T17:59:18,2026-07-29,MLB,Tampa Bay Rays,Texas Rangers,moneyline,fanduel,-142,120,,,
2026-07-30T01:05:16,2026-07-29,MLB,Tampa Bay Rays,Texas Rangers,spread,fanduel,-1100,550,,,
2026-07-30T01:05:16,2026-07-29,MLB,Tampa Bay Rays,Texas Rangers,total,fanduel,,,550,-1100,3.5
2026-07-29T17:59:18,2026-07-29,MLB,Tampa Bay Rays,Texas Rangers,moneyline,draftkings,-149,123,,,
2026-07-30T01:05:16,2026-07-29,MLB,Tampa Bay Rays,Texas Rangers,spread,draftkings,-930,521,,,
2026-07-30T01:05:16,2026-07-29,MLB,Tampa Bay Rays,Texas Rangers,total,draftkings,,,520,-930,3.5
2026-07-29T17:59:18,2026-07-29,MLB,Tampa Bay Rays,Texas Rangers,moneyline,betmgm,-150,125,,,
2026-07-30T01:05:16,2026-07-29,MLB,Tampa Bay Rays,Texas Rangers,spread,betmgm,-750,475,,,
2026-07-30T01:05:16,2026-07-29,MLB,Tampa Bay Rays,Texas Rangers,total,betmgm,,,475,-750,3.5
2026-07-30T01:05:16,2026-07-29,MLB,Cincinnati Reds,Cleveland Guardians,moneyline,betmgm,1000,-2500,,,
2026-07-30T01:05:16,2026-07-29,MLB,Cincinnati Reds,Cleveland Guardians,spread,betmgm,125,-160,,,
2026-07-30T01:05:16,2026-07-29,MLB,Cincinnati Reds,Cleveland Guardians,total,betmgm,,,-135,105,6.5
2026-07-30T01:05:16,2026-07-29,MLB,Cincinnati Reds,Cleveland Guardians,moneyline,draftkings,660,-1380,,,
2026-07-30T01:05:16,2026-07-29,MLB,Cincinnati Reds,Cleveland Guardians,spread,draftkings,-106,-123,,,
2026-07-30T01:05:16,2026-07-29,MLB,Cincinnati Reds,Cleveland Guardians,total,draftkings,,,-105,-123,7.5
2026-07-30T01:05:16,2026-07-29,MLB,Chicago White Sox,New York Yankees,moneyline,betmgm,1050,-3000,,,
2026-07-30T01:05:16,2026-07-29,MLB,Chicago White Sox,New York Yankees,spread,betmgm,-155,120,,,
2026-07-30T01:05:16,2026-07-29,MLB,Chicago White Sox,New York Yankees,total,betmgm,,,118,-150,7.5
2026-07-30T01:05:16,2026-07-29,MLB,Chicago White Sox,New York Yankees,moneyline,draftkings,990,-3600,,,
2026-07-30T01:05:16,2026-07-29,MLB,Chicago White Sox,New York Yankees,spread,draftkings,-145,111,,,
2026-07-30T01:05:16,2026-07-29,MLB,Chicago White Sox,New York Yankees,total,draftkings,,,109,-141,7.5
2026-07-30T01:05:16,2026-07-29,MLB,Minnesota Twins,Kansas City Royals,moneyline,fanduel,750,-1600,,,
2026-07-30T01:05:16,2026-07-29,MLB,Minnesota Twins,Kansas City Royals,spread,fanduel,114,-152,,,
2026-07-30T01:05:16,2026-07-29,MLB,Minnesota Twins,Kansas City Royals,total,fanduel,,,104,-138,8.5
2026-07-30T01:05:16,2026-07-29,MLB,Minnesota Twins,Kansas City Royals,moneyline,draftkings,581,-1120,,,
2026-07-30T01:05:16,2026-07-29,MLB,Minnesota Twins,Kansas City Royals,spread,draftkings,-106,-122,,,
2026-07-30T01:05:16,2026-07-29,MLB,Minnesota Twins,Kansas City Royals,total,draftkings,,,-120,-109,7.5
2026-07-30T01:05:16,2026-07-29,MLB,Minnesota Twins,Kansas City Royals,moneyline,betmgm,725,-1400,,,
2026-07-30T01:05:16,2026-07-29,MLB,Minnesota Twins,Kansas City Royals,spread,betmgm,110,-140,,,
2026-07-30T01:05:16,2026-07-29,MLB,Minnesota Twins,Kansas City Royals,total,betmgm,,,-135,105,7.5
2026-07-30T01:05:16,2026-07-29,MLB,St. Louis Cardinals,Chicago Cubs,moneyline,fanduel,-102,-125,,,
2026-07-30T01:05:16,2026-07-29,MLB,St. Louis Cardinals,Chicago Cubs,spread,fanduel,-275,198,,,
2026-07-30T01:05:16,2026-07-29,MLB,St. Louis Cardinals,Chicago Cubs,total,fanduel,,,116,-154,3.5
2026-07-30T01:05:16,2026-07-29,MLB,St. Louis Cardinals,Chicago Cubs,moneyline,draftkings,-107,-121,,,
2026-07-30T01:05:16,2026-07-29,MLB,St. Louis Cardinals,Chicago Cubs,spread,draftkings,-254,188,,,
2026-07-30T01:05:16,2026-07-29,MLB,St. Louis Cardinals,Chicago Cubs,total,draftkings,,,110,-144,3.5
2026-07-30T01:05:16,2026-07-29,MLB,St. Louis Cardinals,Chicago Cubs,moneyline,betmgm,120,-150,,,
2026-07-30T01:05:16,2026-07-29,MLB,St. Louis Cardinals,Chicago Cubs,spread,betmgm,-220,170,,,
2026-07-30T01:05:16,2026-07-29,MLB,St. Louis Cardinals,Chicago Cubs,total,betmgm,,,105,-135,3.5
2026-07-30T01:05:16,2026-07-30,MLB,Los Angeles Angels,Houston Astros,moneyline,fanduel,114,-134,,,
2026-07-30T01:05:16,2026-07-30,MLB,Los Angeles Angels,Houston Astros,spread,fanduel,-144,120,,,
2026-07-30T01:05:16,2026-07-30,MLB,Los Angeles Angels,Houston Astros,total,fanduel,,,-110,-110,9.5
2026-07-30T01:05:16,2026-07-30,MLB,Los Angeles Angels,Houston Astros,moneyline,draftkings,105,-126,,,
2026-07-30T01:05:16,2026-07-30,MLB,Los Angeles Angels,Houston Astros,spread,draftkings,-148,123,,,
2026-07-30T01:05:16,2026-07-30,MLB,Los Angeles Angels,Houston Astros,total,draftkings,,,-112,-108,9.5
2026-07-30T01:05:16,2026-07-30,MLB,Los Angeles Angels,Houston Astros,moneyline,betmgm,110,-135,,,
2026-07-30T01:05:16,2026-07-30,MLB,Los Angeles Angels,Houston Astros,spread,betmgm,-145,120,,,
2026-07-30T01:05:16,2026-07-30,MLB,Los Angeles Angels,Houston Astros,total,betmgm,,,-110,-110,9.5
2026-07-30T01:05:16,2026-07-30,MLB,Athletics,Boston Red Sox,moneyline,fanduel,130,-154,,,
2026-07-30T01:05:16,2026-07-30,MLB,Athletics,Boston Red Sox,spread,fanduel,-120,100,,,
2026-07-30T01:05:16,2026-07-30,MLB,Athletics,Boston Red Sox,total,fanduel,,,-122,100,10.5
2026-07-30T01:05:16,2026-07-30,MLB,Athletics,Boston Red Sox,moneyline,betmgm,125,-155,,,
2026-07-30T01:05:16,2026-07-30,MLB,Athletics,Boston Red Sox,spread,betmgm,-118,-102,,,
2026-07-30T01:05:16,2026-07-30,MLB,Athletics,Boston Red Sox,total,betmgm,,,-120,100,10.5
2026-07-30T01:05:16,2026-07-30,MLB,Athletics,Boston Red Sox,moneyline,draftkings,129,-156,,,
2026-07-30T01:05:16,2026-07-30,MLB,Athletics,Boston Red Sox,spread,draftkings,-120,-101,,,
2026-07-30T01:05:16,2026-07-30,MLB,Athletics,Boston Red Sox,total,draftkings,,,100,-121,11.0
2026-07-30T01:05:16,2026-07-30,MLB,Los Angeles Dodgers,Seattle Mariners,moneyline,fanduel,-178,150,,,
2026-07-30T01:05:16,2026-07-30,MLB,Los Angeles Dodgers,Seattle Mariners,spread,fanduel,112,-134,,,
2026-07-30T01:05:16,2026-07-30,MLB,Los Angeles Dodgers,Seattle Mariners,total,fanduel,,,-108,-112,9.5
2026-07-30T01:05:16,2026-07-30,MLB,Los Angeles Dodgers,Seattle Mariners,moneyline,draftkings,-181,149,,,
2026-07-30T01:05:16,2026-07-30,MLB,Los Angeles Dodgers,Seattle Mariners,spread,draftkings,113,-136,,,
2026-07-30T01:05:16,2026-07-30,MLB,Los Angeles Dodgers,Seattle Mariners,total,draftkings,,,-109,-110,9.5
2026-07-30T01:05:16,2026-07-30,MLB,Los Angeles Dodgers,Seattle Mariners,moneyline,betmgm,-190,154,,,
2026-07-30T01:05:16,2026-07-30,MLB,Los Angeles Dodgers,Seattle Mariners,spread,betmgm,105,-130,,,
2026-07-30T01:05:16,2026-07-30,MLB,Los Angeles Dodgers,Seattle Mariners,total,betmgm,,,-110,-110,9.5
2026-07-29T17:59:18,2026-07-29,MLB,Miami Marlins,Philadelphia Phillies,moneyline,betmgm,725,-1400,,,
2026-07-29T17:59:18,2026-07-29,MLB,Miami Marlins,Philadelphia Phillies,spread,betmgm,-110,-115,,,
2026-07-29T17:59:18,2026-07-29,MLB,Miami Marlins,Philadelphia Phillies,total,betmgm,,,-150,118,10.5
2026-07-30T01:05:16,2026-07-29,MLB,New York Mets,Atlanta Braves,moneyline,draftkings,298,-449,,,
2026-07-30T01:05:16,2026-07-29,MLB,New York Mets,Atlanta Braves,spread,draftkings,-209,157,,,
2026-07-30T01:05:16,2026-07-29,MLB,New York Mets,Atlanta Braves,total,draftkings,,,-159,122,2.5
2026-07-30T01:05:16,2026-07-29,MLB,New York Mets,Atlanta Braves,moneyline,betmgm,290,-400,,,
2026-07-30T01:05:16,2026-07-29,MLB,New York Mets,Atlanta Braves,spread,betmgm,-200,155,,,
2026-07-30T01:05:16,2026-07-29,MLB,New York Mets,Atlanta Braves,total,betmgm,,,-165,130,2.5
2026-07-30T18:04:58,2026-07-30,MLB,Tampa Bay Rays,Texas Rangers,moneyline,fanduel,-178,138,,,
2026-07-30T18:04:58,2026-07-30,MLB,Tampa Bay Rays,Texas Rangers,spread,fanduel,265,-390,,,
2026-07-30T18:04:58,2026-07-30,MLB,Tampa Bay Rays,Texas Rangers,total,fanduel,,,-146,110,6.5
2026-07-30T18:04:58,2026-07-30,MLB,Tampa Bay Rays,Texas Rangers,moneyline,betmgm,-190,150,,,
2026-07-30T18:04:58,2026-07-30,MLB,Tampa Bay Rays,Texas Rangers,spread,betmgm,240,-325,,,
2026-07-30T18:04:58,2026-07-30,MLB,Tampa Bay Rays,Texas Rangers,total,betmgm,,,-150,115,6.5
2026-07-30T18:04:58,2026-07-30,MLB,Tampa Bay Rays,Texas Rangers,moneyline,draftkings,-193,146,,,
2026-07-30T18:04:58,2026-07-30,MLB,Tampa Bay Rays,Texas Rangers,spread,draftkings,238,-332,,,
2026-07-30T18:04:58,2026-07-30,MLB,Tampa Bay Rays,Texas Rangers,total,draftkings,,,-149,114,6.5
2026-07-30T18:04:58,2026-07-30,MLB,Minnesota Twins,Kansas City Royals,moneyline,fanduel,-172,134,,,
2026-07-30T18:04:58,2026-07-30,MLB,Minnesota Twins,Kansas City Royals,spread,fanduel,124,-166,,,
2026-07-30T18:04:58,2026-07-30,MLB,Minnesota Twins,Kansas City Royals,total,fanduel,,,-104,-128,7.5
2026-07-30T18:04:58,2026-07-30,MLB,Minnesota Twins,Kansas City Royals,moneyline,draftkings,-154,118,,,
2026-07-30T18:04:58,2026-07-30,MLB,Minnesota Twins,Kansas City Royals,spread,draftkings,147,-195,,,
2026-07-30T18:04:58,2026-07-30,MLB,Minnesota Twins,Kansas City Royals,total,draftkings,,,-104,-125,7.5
2026-07-30T18:04:58,2026-07-30,MLB,Chicago White Sox,New York Yankees,moneyline,fanduel,-116,-102,,,
2026-07-30T18:04:58,2026-07-30,MLB,Chicago White Sox,New York Yankees,spread,fanduel,-205,168,,,
2026-07-30T18:04:58,2026-07-30,MLB,Chicago White Sox,New York Yankees,total,fanduel,,,-102,-120,7.5
2026-07-30T18:04:58,2026-07-30,MLB,Chicago White Sox,New York Yankees,moneyline,betmgm,-115,-105,,,
2026-07-30T18:04:58,2026-07-30,MLB,Chicago White Sox,New York Yankees,spread,betmgm,-200,165,,,
2026-07-30T18:04:58,2026-07-30,MLB,Chicago White Sox,New York Yankees,total,betmgm,,,100,-120,7.5
2026-07-30T18:04:58,2026-07-30,MLB,Chicago White Sox,New York Yankees,moneyline,draftkings,-110,-110,,,
2026-07-30T18:04:58,2026-07-30,MLB,Chicago White Sox,New York Yankees,spread,draftkings,-199,163,,,
2026-07-30T18:04:58,2026-07-30,MLB,Chicago White Sox,New York Yankees,total,draftkings,,,-101,-120,7.5
2026-07-30T18:04:58,2026-07-30,MLB,St. Louis Cardinals,Chicago Cubs,moneyline,fanduel,-116,-102,,,
2026-07-30T18:04:58,2026-07-30,MLB,St. Louis Cardinals,Chicago Cubs,spread,fanduel,-194,160,,,
2026-07-30T18:04:58,2026-07-30,MLB,St. Louis Cardinals,Chicago Cubs,total,fanduel,,,-102,-120,8.5
2026-07-30T18:04:58,2026-07-30,MLB,St. Louis Cardinals,Chicago Cubs,moneyline,betmgm,-115,-105,,,
2026-07-30T18:04:58,2026-07-30,MLB,St. Louis Cardinals,Chicago Cubs,spread,betmgm,-190,155,,,
2026-07-30T18:04:58,2026-07-30,MLB,St. Louis Cardinals,Chicago Cubs,total,betmgm,,,-118,-102,8.0
2026-07-30T18:04:58,2026-07-30,MLB,St. Louis Cardinals,Chicago Cubs,moneyline,draftkings,-114,-106,,,
2026-07-30T18:04:58,2026-07-30,MLB,St. Louis Cardinals,Chicago Cubs,spread,draftkings,-197,161,,,
2026-07-30T18:04:58,2026-07-30,MLB,St. Louis Cardinals,Chicago Cubs,total,draftkings,,,-105,-115,8.5
2026-07-31T01:17:32,2026-07-30,MLB,Cincinnati Reds,Pittsburgh Pirates,moneyline,fanduel,128,-164,,,
2026-07-31T01:17:32,2026-07-30,MLB,Cincinnati Reds,Pittsburgh Pirates,spread,fanduel,-198,146,,,
2026-07-31T01:17:32,2026-07-30,MLB,Cincinnati Reds,Pittsburgh Pirates,total,fanduel,,,100,-132,7.5
2026-07-31T01:17:32,2026-07-30,MLB,Cincinnati Reds,Pittsburgh Pirates,moneyline,draftkings,-104,-125,,,
2026-07-31T01:17:32,2026-07-30,MLB,Cincinnati Reds,Pittsburgh Pirates,spread,draftkings,-251,186,,,
2026-07-31T01:17:32,2026-07-30,MLB,Cincinnati Reds,Pittsburgh Pirates,total,draftkings,,,127,-166,7.5
2026-07-31T01:17:32,2026-07-30,MLB,Cincinnati Reds,Pittsburgh Pirates,moneyline,betmgm,105,-135,,,
2026-07-31T01:17:32,2026-07-30,MLB,Cincinnati Reds,Pittsburgh Pirates,spread,betmgm,-235,180,,,
2026-07-31T01:17:32,2026-07-30,MLB,Cincinnati Reds,Pittsburgh Pirates,total,betmgm,,,125,-160,7.5
2026-07-30T18:04:58,2026-07-30,MLB,New York Mets,Miami Marlins,moneyline,fanduel,-130,110,,,
2026-07-30T18:04:58,2026-07-30,MLB,New York Mets,Miami Marlins,spread,fanduel,172,-210,,,
2026-07-30T18:04:58,2026-07-30,MLB,New York Mets,Miami Marlins,total,fanduel,,,-115,-105,7.0
2026-07-30T18:04:58,2026-07-30,MLB,New York Mets,Miami Marlins,moneyline,betmgm,-130,110,,,
2026-07-30T18:04:58,2026-07-30,MLB,New York Mets,Miami Marlins,spread,betmgm,170,-210,,,
2026-07-30T18:04:58,2026-07-30,MLB,New York Mets,Miami Marlins,total,betmgm,,,-110,-110,7.0
2026-07-30T18:04:58,2026-07-30,MLB,New York Mets,Miami Marlins,moneyline,draftkings,-131,109,,,
2026-07-30T18:04:58,2026-07-30,MLB,New York Mets,Miami Marlins,spread,draftkings,168,-205,,,
2026-07-30T18:04:58,2026-07-30,MLB,New York Mets,Miami Marlins,total,draftkings,,,-114,-105,7.0
2026-07-31T01:17:32,2026-07-30,MLB,Atlanta Braves,Washington Nationals,moneyline,fanduel,-620,400,,,
2026-07-31T01:17:32,2026-07-30,MLB,Atlanta Braves,Washington Nationals,spread,fanduel,188,-260,,,
2026-07-31T01:17:32,2026-07-30,MLB,Atlanta Braves,Washington Nationals,total,fanduel,,,-130,-102,10.5
2026-07-31T01:17:32,2026-07-30,MLB,Atlanta Braves,Washington Nationals,moneyline,draftkings,-536,362,,,
2026-07-31T01:17:32,2026-07-30,MLB,Atlanta Braves,Washington Nationals,spread,draftkings,230,-316,,,
2026-07-31T01:17:32,2026-07-30,MLB,Atlanta Braves,Washington Nationals,total,draftkings,,,-129,100,10.5
2026-07-31T01:17:32,2026-07-30,MLB,Atlanta Braves,Washington Nationals,moneyline,betmgm,-650,450,,,
2026-07-31T01:17:32,2026-07-30,MLB,Atlanta Braves,Washington Nationals,spread,betmgm,170,-220,,,
2026-07-31T01:17:32,2026-07-30,MLB,Atlanta Braves,Washington Nationals,total,betmgm,,,-150,118,10.5
2026-07-31T01:17:32,2026-07-31,MLB,Athletics,Boston Red Sox,moneyline,fanduel,160,-190,,,
2026-07-31T01:17:32,2026-07-31,MLB,Athletics,Boston Red Sox,spread,fanduel,100,-120,,,
2026-07-31T01:17:32,2026-07-31,MLB,Athletics,Boston Red Sox,total,fanduel,,,-112,-108,10.0
2026-07-31T01:17:32,2026-07-31,MLB,Athletics,Boston Red Sox,moneyline,draftkings,157,-191,,,
2026-07-31T01:17:32,2026-07-31,MLB,Athletics,Boston Red Sox,spread,draftkings,102,-122,,,
2026-07-31T01:17:32,2026-07-31,MLB,Athletics,Boston Red Sox,total,draftkings,,,-110,-110,10.0
2026-07-31T01:17:32,2026-07-31,MLB,San Diego Padres,San Francisco Giants,moneyline,fanduel,-168,142,,,
2026-07-31T01:17:32,2026-07-31,MLB,San Diego Padres,San Francisco Giants,spread,fanduel,118,-142,,,
2026-07-31T01:17:32,2026-07-31,MLB,San Diego Padres,San Francisco Giants,total,fanduel,,,-102,-120,8.5
2026-07-31T01:17:32,2026-07-31,MLB,San Diego Padres,San Francisco Giants,moneyline,draftkings,-166,137,,,
2026-07-31T01:17:32,2026-07-31,MLB,San Diego Padres,San Francisco Giants,spread,draftkings,128,-155,,,
2026-07-31T01:17:32,2026-07-31,MLB,San Diego Padres,San Francisco Giants,total,draftkings,,,-118,-102,8.0
2026-07-31T01:17:32,2026-07-31,MLB,Los Angeles Dodgers,Seattle Mariners,moneyline,fanduel,-144,122,,,
2026-07-31T01:17:32,2026-07-31,MLB,Los Angeles Dodgers,Seattle Mariners,spread,fanduel,134,-162,,,
2026-07-31T01:17:32,2026-07-31,MLB,Los Angeles Dodgers,Seattle Mariners,total,fanduel,,,-115,-105,8.5
2026-07-31T01:17:32,2026-07-31,MLB,Los Angeles Dodgers,Seattle Mariners,moneyline,betmgm,-150,125,,,
2026-07-31T01:17:32,2026-07-31,MLB,Los Angeles Dodgers,Seattle Mariners,spread,betmgm,125,-155,,,
2026-07-31T01:17:32,2026-07-31,MLB,Los Angeles Dodgers,Seattle Mariners,total,betmgm,,,-118,-102,8.5
2026-07-31T01:17:32,2026-07-31,MLB,Los Angeles Dodgers,Seattle Mariners,moneyline,draftkings,-150,124,,,
2026-07-31T01:17:32,2026-07-31,MLB,Los Angeles Dodgers,Seattle Mariners,spread,draftkings,129,-155,,,
2026-07-31T01:17:32,2026-07-31,MLB,Los Angeles Dodgers,Seattle Mariners,total,draftkings,,,-117,-103,8.5
2026-07-30T18:04:58,2026-07-30,MLB,Minnesota Twins,Kansas City Royals,moneyline,betmgm,-175,140,,,
2026-07-30T18:04:58,2026-07-30,MLB,Minnesota Twins,Kansas City Royals,spread,betmgm,140,-180,,,
2026-07-30T18:04:58,2026-07-30,MLB,Minnesota Twins,Kansas City Royals,total,betmgm,,,105,-135,7.5
2026-07-31T01:17:32,2026-07-31,MLB,Athletics,Boston Red Sox,moneyline,betmgm,155,-190,,,
2026-07-31T01:17:32,2026-07-31,MLB,Athletics,Boston Red Sox,spread,betmgm,105,-130,,,
2026-07-31T01:17:32,2026-07-31,MLB,Athletics,Boston Red Sox,total,betmgm,,,-110,-110,10.0
2026-07-31T01:17:32,2026-07-31,MLB,San Diego Padres,San Francisco Giants,moneyline,betmgm,-170,140,,,
2026-07-31T01:17:32,2026-07-31,MLB,San Diego Padres,San Francisco Giants,spread,betmgm,125,-150,,,
2026-07-31T01:17:32,2026-07-31,MLB,San Diego Padres,San Francisco Giants,total,betmgm,,,-102,-118,8.5
2026-08-01T01:19:19,2026-07-31,MLB,New York Mets,Miami Marlins,moneyline,fanduel,1400,-1700,,,
2026-08-01T01:19:19,2026-07-31,MLB,New York Mets,Miami Marlins,spread,fanduel,-245,178,,,
2026-08-01T01:19:19,2026-07-31,MLB,New York Mets,Miami Marlins,total,fanduel,,,-120,-110,8.5
2026-08-01T01:19:19,2026-07-31,MLB,New York Mets,Miami Marlins,moneyline,betmgm,850,-2000,,,
2026-08-01T01:19:19,2026-07-31,MLB,New York Mets,Miami Marlins,spread,betmgm,170,-220,,,
2026-08-01T01:19:19,2026-07-31,MLB,New York Mets,Miami Marlins,total,betmgm,,,-115,-110,8.5
2026-08-01T01:19:19,2026-07-31,MLB,New York Mets,Miami Marlins,moneyline,draftkings,940,-3100,,,
2026-08-01T01:19:19,2026-07-31,MLB,New York Mets,Miami Marlins,spread,draftkings,177,-237,,,
2026-08-01T01:19:19,2026-07-31,MLB,New York Mets,Miami Marlins,total,draftkings,,,-105,-124,8.5
2026-07-31T18:11:38,2026-07-31,MLB,Chicago Cubs,New York Yankees,moneyline,fanduel,-160,148,,,
2026-07-31T18:11:38,2026-07-31,MLB,Chicago Cubs,New York Yankees,spread,fanduel,126,-152,,,
2026-07-31T18:11:38,2026-07-31,MLB,Chicago Cubs,New York Yankees,total,fanduel,,,-102,-120,9.0
2026-07-31T18:11:38,2026-07-31,MLB,Chicago Cubs,New York Yankees,moneyline,draftkings,-171,141,,,
2026-07-31T18:11:38,2026-07-31,MLB,Chicago Cubs,New York Yankees,spread,draftkings,119,-144,,,
2026-07-31T18:11:38,2026-07-31,MLB,Chicago Cubs,New York Yankees,total,draftkings,,,100,-120,9.0
2026-07-31T18:11:38,2026-07-31,MLB,Chicago Cubs,New York Yankees,moneyline,betmgm,-170,140,,,
2026-07-31T18:11:38,2026-07-31,MLB,Chicago Cubs,New York Yankees,spread,betmgm,120,-145,,,
2026-07-31T18:11:38,2026-07-31,MLB,Chicago Cubs,New York Yankees,total,betmgm,,,100,-120,9.0
2026-08-01T01:19:19,2026-07-31,MLB,Cincinnati Reds,Pittsburgh Pirates,moneyline,fanduel,-1300,1000,,,
2026-07-31T18:11:38,2026-07-31,MLB,Cincinnati Reds,Pittsburgh Pirates,spread,fanduel,-160,132,,,
2026-08-01T01:19:19,2026-07-31,MLB,Cincinnati Reds,Pittsburgh Pirates,total,fanduel,,,370,-600,15.5
2026-08-01T01:19:19,2026-07-31,MLB,Cincinnati Reds,Pittsburgh Pirates,moneyline,betmgm,-3000,1050,,,
2026-08-01T01:19:19,2026-07-31,MLB,Cincinnati Reds,Pittsburgh Pirates,spread,betmgm,-10000,2200,,,
2026-08-01T01:19:19,2026-07-31,MLB,Cincinnati Reds,Pittsburgh Pirates,total,betmgm,,,650,-1200,15.5
2026-08-01T01:19:19,2026-07-31,MLB,Cincinnati Reds,Pittsburgh Pirates,moneyline,draftkings,-1960,780,,,
2026-07-31T18:11:38,2026-07-31,MLB,Cincinnati Reds,Pittsburgh Pirates,spread,draftkings,-145,121,,,
2026-08-01T01:19:19,2026-07-31,MLB,Cincinnati Reds,Pittsburgh Pirates,total,draftkings,,,546,-1000,15.5
2026-08-01T01:19:19,2026-07-31,MLB,Baltimore Orioles,Philadelphia Phillies,moneyline,fanduel,-1050,850,,,
2026-08-01T01:19:19,2026-07-31,MLB,Baltimore Orioles,Philadelphia Phillies,spread,fanduel,146,-198,,,
2026-08-01T01:19:19,2026-07-31,MLB,Baltimore Orioles,Philadelphia Phillies,total,fanduel,,,-114,-114,11.5
2026-08-01T01:19:19,2026-07-31,MLB,Toronto Blue Jays,St. Louis Cardinals,moneyline,fanduel,-175,155,,,
2026-08-01T01:19:19,2026-07-31,MLB,Toronto Blue Jays,St. Louis Cardinals,spread,fanduel,470,-850,,,
2026-08-01T01:19:19,2026-07-31,MLB,Toronto Blue Jays,St. Louis Cardinals,total,fanduel,,,-112,-118,3.5
2026-08-01T01:19:19,2026-07-31,MLB,Toronto Blue Jays,St. Louis Cardinals,moneyline,betmgm,-210,165,,,
2026-08-01T01:19:19,2026-07-31,MLB,Toronto Blue Jays,St. Louis Cardinals,spread,betmgm,450,-700,,,
2026-08-01T01:19:19,2026-07-31,MLB,Toronto Blue Jays,St. Louis Cardinals,total,betmgm,,,-110,-118,3.5
2026-08-01T01:19:19,2026-07-31,MLB,Toronto Blue Jays,St. Louis Cardinals,moneyline,draftkings,-193,147,,,
2026-08-01T01:19:19,2026-07-31,MLB,Toronto Blue Jays,St. Louis Cardinals,spread,draftkings,-650,407,,,
2026-08-01T01:19:19,2026-07-31,MLB,Toronto Blue Jays,St. Louis Cardinals,total,draftkings,,,-113,-114,3.5
2026-08-01T01:19:19,2026-07-31,MLB,Cleveland Guardians,Arizona Diamondbacks,moneyline,fanduel,-185,165,,,
2026-08-01T01:19:19,2026-07-31,MLB,Cleveland Guardians,Arizona Diamondbacks,spread,fanduel,430,-750,,,
2026-08-01T01:19:19,2026-07-31,MLB,Cleveland Guardians,Arizona Diamondbacks,total,fanduel,,,134,-180,3.5
2026-08-01T01:19:19,2026-07-31,MLB,Cleveland Guardians,Arizona Diamondbacks,moneyline,betmgm,-115,-110,,,
2026-08-01T01:19:19,2026-07-31,MLB,Cleveland Guardians,Arizona Diamondbacks,spread,betmgm,-275,210,,,
2026-08-01T01:19:19,2026-07-31,MLB,Cleveland Guardians,Arizona Diamondbacks,total,betmgm,,,-135,105,3.5
2026-08-01T01:19:19,2026-07-31,MLB,Cleveland Guardians,Arizona Diamondbacks,moneyline,draftkings,-134,103,,,
2026-08-01T01:19:19,2026-07-31,MLB,Cleveland Guardians,Arizona Diamondbacks,spread,draftkings,-376,264,,,
2026-08-01T01:19:19,2026-07-31,MLB,Cleveland Guardians,Arizona Diamondbacks,total,draftkings,,,-120,-108,3.5
2026-08-01T01:19:19,2026-07-31,MLB,Tampa Bay Rays,Chicago White Sox,moneyline,fanduel,8000,-20000,,,
2026-08-01T01:19:19,2026-07-31,MLB,Tampa Bay Rays,Chicago White Sox,spread,fanduel,134,-180,,,
2026-08-01T01:19:19,2026-07-31,MLB,Tampa Bay Rays,Chicago White Sox,total,fanduel,,,-140,106,7.5
2026-08-01T01:19:19,2026-07-31,MLB,Tampa Bay Rays,Chicago White Sox,moneyline,betmgm,3300,-10000,,,
2026-08-01T01:19:19,2026-07-31,MLB,Tampa Bay Rays,Chicago White Sox,spread,betmgm,145,-190,,,
2026-08-01T01:19:19,2026-07-31,MLB,Tampa Bay Rays,Chicago White Sox,total,betmgm,,,-165,130,7.5
2026-07-31T18:11:38,2026-07-31,MLB,Tampa Bay Rays,Chicago White Sox,moneyline,draftkings,-142,118,,,
2026-08-01T01:19:19,2026-07-31,MLB,Tampa Bay Rays,Chicago White Sox,spread,draftkings,133,-175,,,
2026-08-01T01:19:19,2026-07-31,MLB,Tampa Bay Rays,Chicago White Sox,total,draftkings,,,-149,114,7.5
2026-08-01T01:19:19,2026-07-31,MLB,Atlanta Braves,Washington Nationals,moneyline,fanduel,-10000,6000,,,
2026-08-01T01:19:19,2026-07-31,MLB,Atlanta Braves,Washington Nationals,spread,fanduel,-210,154,,,
2026-08-01T01:19:19,2026-07-31,MLB,Atlanta Braves,Washington Nationals,total,fanduel,,,104,-138,8.5
2026-07-31T18:11:38,2026-07-31,MLB,Atlanta Braves,Washington Nationals,moneyline,betmgm,-115,-105,,,
2026-08-01T01:19:19,2026-07-31,MLB,Atlanta Braves,Washington Nationals,spread,betmgm,-210,160,,,
2026-08-01T01:19:19,2026-07-31,MLB,Atlanta Braves,Washington Nationals,total,betmgm,,,115,-150,8.5
2026-07-31T18:11:38,2026-07-31,MLB,Atlanta Braves,Washington Nationals,moneyline,draftkings,-118,-102,,,
2026-08-01T01:19:19,2026-07-31,MLB,Atlanta Braves,Washington Nationals,spread,draftkings,-228,171,,,
2026-08-01T01:19:19,2026-07-31,MLB,Atlanta Braves,Washington Nationals,total,draftkings,,,109,-142,8.5
2026-08-02T01:17:46,2026-08-01,MLB,Houston Astros,Texas Rangers,moneyline,fanduel,-440,360,,,
2026-08-02T01:17:46,2026-08-01,MLB,Houston Astros,Texas Rangers,spread,fanduel,108,-144,,,
2026-08-02T01:17:46,2026-08-01,MLB,Houston Astros,Texas Rangers,total,fanduel,,,-122,-108,11.5
2026-08-02T01:17:46,2026-08-01,MLB,Houston Astros,Texas Rangers,moneyline,betmgm,-450,325,,,
2026-08-02T01:17:46,2026-08-01,MLB,Houston Astros,Texas Rangers,spread,betmgm,105,-135,,,
2026-08-02T01:17:46,2026-08-01,MLB,Houston Astros,Texas Rangers,total,betmgm,,,-130,100,11.5
2026-08-02T01:17:46,2026-08-01,MLB,Houston Astros,Texas Rangers,moneyline,draftkings,-460,312,,,
2026-08-02T01:17:46,2026-08-01,MLB,Houston Astros,Texas Rangers,spread,draftkings,117,-152,,,
2026-08-02T01:17:46,2026-08-01,MLB,Houston Astros,Texas Rangers,total,draftkings,,,-112,-116,11.5
2026-08-01T01:19:19,2026-08-01,MLB,Colorado Rockies,Kansas City Royals,moneyline,fanduel,-102,-106,,,
2026-08-01T01:19:19,2026-08-01,MLB,Colorado Rockies,Kansas City Royals,spread,fanduel,-154,128,,,
2026-08-01T01:19:19,2026-08-01,MLB,Colorado Rockies,Kansas City Royals,total,fanduel,,,102,-124,11.5
2026-08-01T01:19:19,2026-08-01,MLB,Colorado Rockies,Kansas City Royals,moneyline,betmgm,-110,-110,,,
2026-08-01T01:19:19,2026-08-01,MLB,Colorado Rockies,Kansas City Royals,spread,betmgm,-165,135,,,
2026-08-01T01:19:19,2026-08-01,MLB,Colorado Rockies,Kansas City Royals,total,betmgm,,,-115,-105,11.0
2026-08-01T01:19:19,2026-08-01,MLB,Colorado Rockies,Kansas City Royals,moneyline,draftkings,-112,-108,,,
2026-08-01T01:19:19,2026-08-01,MLB,Colorado Rockies,Kansas City Royals,spread,draftkings,-163,135,,,
2026-08-01T01:19:19,2026-08-01,MLB,Colorado Rockies,Kansas City Royals,total,draftkings,,,-110,-110,11.0
2026-08-01T01:19:19,2026-08-01,MLB,Los Angeles Angels,Milwaukee Brewers,moneyline,fanduel,148,-160,,,
2026-08-01T01:19:19,2026-08-01,MLB,Los Angeles Angels,Milwaukee Brewers,spread,fanduel,-111,-108,,,
2026-08-01T01:19:19,2026-08-01,MLB,Los Angeles Angels,Milwaukee Brewers,total,fanduel,,,-110,-110,9.0
2026-08-01T01:19:19,2026-08-01,MLB,Los Angeles Angels,Milwaukee Brewers,moneyline,betmgm,145,-175,,,
2026-08-01T01:19:19,2026-08-01,MLB,Los Angeles Angels,Milwaukee Brewers,spread,betmgm,-110,-110,,,
2026-08-01T01:19:19,2026-08-01,MLB,Los Angeles Angels,Milwaukee Brewers,total,betmgm,,,-110,-110,9.0
2026-08-01T01:19:19,2026-08-01,MLB,Los Angeles Angels,Milwaukee Brewers,moneyline,draftkings,144,-175,,,
2026-08-01T01:19:19,2026-08-01,MLB,Los Angeles Angels,Milwaukee Brewers,spread,draftkings,-111,-108,,,
2026-08-01T01:19:19,2026-08-01,MLB,Los Angeles Angels,Milwaukee Brewers,total,draftkings,,,-106,-114,9.0
2026-08-01T01:19:19,2026-08-01,MLB,Athletics,Detroit Tigers,moneyline,fanduel,124,-134,,,
2026-08-01T01:19:19,2026-08-01,MLB,Athletics,Detroit Tigers,spread,fanduel,-125,104,,,
2026-08-01T01:19:19,2026-08-01,MLB,Athletics,Detroit Tigers,total,fanduel,,,-124,102,10.5
2026-08-01T17:46:41,2026-08-01,MLB,Seattle Mariners,Minnesota Twins,moneyline,fanduel,-160,148,,,
2026-08-01T17:46:41,2026-08-01,MLB,Seattle Mariners,Minnesota Twins,spread,fanduel,132,-160,,,
2026-08-01T17:46:41,2026-08-01,MLB,Seattle Mariners,Minnesota Twins,total,fanduel,,,100,-122,7.5
2026-08-01T17:46:41,2026-08-01,MLB,Seattle Mariners,Minnesota Twins,moneyline,betmgm,-170,140,,,
2026-08-01T17:46:41,2026-08-01,MLB,Seattle Mariners,Minnesota Twins,total,betmgm,,,100,-120,7.5
2026-08-01T17:46:41,2026-08-01,MLB,Seattle Mariners,Minnesota Twins,moneyline,draftkings,-173,143,,,
2026-08-01T17:46:41,2026-08-01,MLB,Seattle Mariners,Minnesota Twins,spread,draftkings,129,-156,,,
2026-08-01T17:46:41,2026-08-01,MLB,Seattle Mariners,Minnesota Twins,total,draftkings,,,-122,101,7.0
2026-08-01T01:19:19,2026-07-31,MLB,Baltimore Orioles,Philadelphia Phillies,moneyline,draftkings,-990,542,,,
2026-08-01T01:19:19,2026-07-31,MLB,Baltimore Orioles,Philadelphia Phillies,spread,draftkings,170,-227,,,
2026-08-01T01:19:19,2026-07-31,MLB,Baltimore Orioles,Philadelphia Phillies,total,draftkings,,,-115,-113,11.5
2026-08-01T01:19:19,2026-07-31,MLB,Baltimore Orioles,Philadelphia Phillies,moneyline,betmgm,-1200,675,,,
2026-08-01T01:19:19,2026-07-31,MLB,Baltimore Orioles,Philadelphia Phillies,spread,betmgm,180,-235,,,
2026-08-01T01:19:19,2026-07-31,MLB,Baltimore Orioles,Philadelphia Phillies,total,betmgm,,,-115,-110,11.5
2026-08-01T01:19:19,2026-08-01,MLB,Athletics,Detroit Tigers,moneyline,draftkings,118,-143,,,
2026-08-01T01:19:19,2026-08-01,MLB,Athletics,Detroit Tigers,spread,draftkings,-128,107,,,
2026-08-01T01:19:19,2026-08-01,MLB,Athletics,Detroit Tigers,total,draftkings,,,-105,-115,11.0
2026-08-01T01:19:19,2026-08-01,MLB,Athletics,Detroit Tigers,moneyline,betmgm,120,-145,,,
2026-08-01T01:19:19,2026-08-01,MLB,Athletics,Detroit Tigers,spread,betmgm,-130,105,,,
2026-08-01T01:19:19,2026-08-01,MLB,Athletics,Detroit Tigers,total,betmgm,,,-105,-115,11.0
2026-08-01T01:19:19,2026-08-01,MLB,San Diego Padres,San Francisco Giants,moneyline,fanduel,-142,132,,,
2026-08-01T01:19:19,2026-08-01,MLB,San Diego Padres,San Francisco Giants,spread,fanduel,138,-166,,,
2026-08-01T01:19:19,2026-08-01,MLB,San Diego Padres,San Francisco Giants,total,fanduel,,,-115,-105,8.5
2026-08-01T01:19:19,2026-08-01,MLB,San Diego Padres,San Francisco Giants,moneyline,draftkings,-156,129,,,
2026-08-01T01:19:19,2026-08-01,MLB,San Diego Padres,San Francisco Giants,spread,draftkings,135,-163,,,
2026-08-01T01:19:19,2026-08-01,MLB,San Diego Padres,San Francisco Giants,total,draftkings,,,-114,-106,8.5
2026-08-01T01:19:19,2026-08-01,MLB,San Diego Padres,San Francisco Giants,moneyline,betmgm,-150,125,,,
2026-08-01T01:19:19,2026-08-01,MLB,San Diego Padres,San Francisco Giants,spread,betmgm,135,-165,,,
2026-08-01T01:19:19,2026-08-01,MLB,San Diego Padres,San Francisco Giants,total,betmgm,,,-115,-105,8.5
2026-08-01T01:19:19,2026-08-01,MLB,Los Angeles Dodgers,Boston Red Sox,moneyline,fanduel,-128,120,,,
2026-08-01T01:19:19,2026-08-01,MLB,Los Angeles Dodgers,Boston Red Sox,spread,fanduel,162,-196,,,
2026-08-01T01:19:19,2026-08-01,MLB,Los Angeles Dodgers,Boston Red Sox,total,fanduel,,,100,-122,8.5
2026-08-01T01:19:19,2026-08-01,MLB,Los Angeles Dodgers,Boston Red Sox,moneyline,draftkings,-142,118,,,
2026-08-01T01:19:19,2026-08-01,MLB,Los Angeles Dodgers,Boston Red Sox,spread,draftkings,154,-188,,,
2026-08-01T01:19:19,2026-08-01,MLB,Los Angeles Dodgers,Boston Red Sox,total,draftkings,,,-114,-105,8.0
2026-08-01T01:19:19,2026-08-01,MLB,Los Angeles Dodgers,Boston Red Sox,moneyline,betmgm,-140,115,,,
2026-08-01T01:19:19,2026-08-01,MLB,Los Angeles Dodgers,Boston Red Sox,spread,betmgm,155,-190,,,
2026-08-01T01:19:19,2026-08-01,MLB,Los Angeles Dodgers,Boston Red Sox,total,betmgm,,,-110,-110,8.0
2026-08-01T17:46:41,2026-08-01,MLB,Toronto Blue Jays,St. Louis Cardinals,moneyline,fanduel,-154,142,,,
2026-08-01T17:46:41,2026-08-01,MLB,Toronto Blue Jays,St. Louis Cardinals,spread,fanduel,128,-154,,,
2026-08-01T17:46:41,2026-08-01,MLB,Toronto Blue Jays,St. Louis Cardinals,total,fanduel,,,-110,-110,8.0
2026-08-01T17:46:41,2026-08-01,MLB,Toronto Blue Jays,St. Louis Cardinals,moneyline,draftkings,-171,141,,,
2026-08-01T17:46:41,2026-08-01,MLB,Toronto Blue Jays,St. Louis Cardinals,total,draftkings,,,-114,-105,8.0
2026-08-01T17:46:41,2026-08-01,MLB,Toronto Blue Jays,St. Louis Cardinals,moneyline,betmgm,-170,140,,,
2026-08-01T17:46:41,2026-08-01,MLB,Toronto Blue Jays,St. Louis Cardinals,spread,betmgm,125,-155,,,
2026-08-01T17:46:41,2026-08-01,MLB,Toronto Blue Jays,St. Louis Cardinals,total,betmgm,,,-115,-105,8.0
2026-08-01T17:46:41,2026-08-01,MLB,Tampa Bay Rays,Chicago White Sox,moneyline,fanduel,-158,146,,,
2026-08-01T17:46:41,2026-08-01,MLB,Tampa Bay Rays,Chicago White Sox,spread,fanduel,130,-156,,,
2026-08-01T17:46:41,2026-08-01,MLB,Tampa Bay Rays,Chicago White Sox,total,fanduel,,,-114,-106,7.5
2026-08-01T17:46:41,2026-08-01,MLB,Tampa Bay Rays,Chicago White Sox,moneyline,draftkings,-175,144,,,
2026-08-01T17:46:41,2026-08-01,MLB,Tampa Bay Rays,Chicago White Sox,total,draftkings,,,-114,-105,7.5
2026-08-01T17:46:41,2026-08-01,MLB,Tampa Bay Rays,Chicago White Sox,moneyline,betmgm,-175,145,,,
2026-08-01T17:46:41,2026-08-01,MLB,Tampa Bay Rays,Chicago White Sox,spread,betmgm,125,-150,,,
2026-08-01T17:46:41,2026-08-01,MLB,Tampa Bay Rays,Chicago White Sox,total,betmgm,,,-115,-105,7.5
2026-08-01T17:46:41,2026-08-01,MLB,New York Mets,Miami Marlins,moneyline,fanduel,-128,120,,,
2026-08-01T17:46:41,2026-08-01,MLB,New York Mets,Miami Marlins,spread,fanduel,155,-188,,,
2026-08-01T17:46:41,2026-08-01,MLB,New York Mets,Miami Marlins,total,fanduel,,,-105,-115,9.0
2026-08-01T17:46:41,2026-08-01,MLB,New York Mets,Miami Marlins,moneyline,draftkings,-136,113,,,
2026-08-01T17:46:41,2026-08-01,MLB,New York Mets,Miami Marlins,total,draftkings,,,-105,-115,9.0
2026-08-01T17:46:41,2026-08-01,MLB,New York Mets,Miami Marlins,moneyline,betmgm,-135,110,,,
2026-08-01T17:46:41,2026-08-01,MLB,New York Mets,Miami Marlins,spread,betmgm,155,-190,,,
2026-08-01T17:46:41,2026-08-01,MLB,New York Mets,Miami Marlins,total,betmgm,,,-105,-115,9.0
2026-08-01T17:46:41,2026-08-01,MLB,Cincinnati Reds,Pittsburgh Pirates,moneyline,fanduel,106,-116,,,
2026-08-01T17:46:41,2026-08-01,MLB,Cincinnati Reds,Pittsburgh Pirates,spread,fanduel,-156,130,,,
2026-08-01T17:46:41,2026-08-01,MLB,Cincinnati Reds,Pittsburgh Pirates,total,fanduel,,,-102,-120,8.5
2026-08-01T17:46:41,2026-08-01,MLB,Cincinnati Reds,Pittsburgh Pirates,moneyline,draftkings,104,-125,,,
2026-08-01T17:46:41,2026-08-01,MLB,Cincinnati Reds,Pittsburgh Pirates,total,draftkings,,,-118,-102,8.0
2026-08-01T17:46:41,2026-08-01,MLB,Cincinnati Reds,Pittsburgh Pirates,moneyline,betmgm,105,-125,,,
2026-08-01T17:46:41,2026-08-01,MLB,Cincinnati Reds,Pittsburgh Pirates,spread,betmgm,-160,135,,,
2026-08-01T17:46:41,2026-08-01,MLB,Cincinnati Reds,Pittsburgh Pirates,total,betmgm,,,-115,-105,8.0
2026-08-02T01:17:46,2026-08-01,MLB,Baltimore Orioles,Philadelphia Phillies,moneyline,fanduel,470,-600,,,
2026-08-02T01:17:46,2026-08-01,MLB,Baltimore Orioles,Philadelphia Phillies,spread,fanduel,-182,136,,,
2026-08-02T01:17:46,2026-08-01,MLB,Baltimore Orioles,Philadelphia Phillies,total,fanduel,,,-112,-118,2.5
2026-08-02T01:17:46,2026-08-01,MLB,Baltimore Orioles,Philadelphia Phillies,moneyline,draftkings,358,-548,,,
2026-08-02T01:17:46,2026-08-01,MLB,Baltimore Orioles,Philadelphia Phillies,total,draftkings,,,-120,-108,2.5
2026-08-02T01:17:46,2026-08-01,MLB,Baltimore Orioles,Philadelphia Phillies,moneyline,betmgm,425,-625,,,
2026-08-02T01:17:46,2026-08-01,MLB,Baltimore Orioles,Philadelphia Phillies,spread,betmgm,-190,145,,,
2026-08-02T01:17:46,2026-08-01,MLB,Baltimore Orioles,Philadelphia Phillies,total,betmgm,,,-110,-115,2.5
2026-08-02T01:17:46,2026-08-01,MLB,Cleveland Guardians,Arizona Diamondbacks,moneyline,fanduel,-170,150,,,
2026-08-02T01:17:46,2026-08-01,MLB,Cleveland Guardians,Arizona Diamondbacks,spread,fanduel,225,-320,,,
2026-08-02T01:17:46,2026-08-01,MLB,Cleveland Guardians,Arizona Diamondbacks,total,fanduel,,,-178,132,6.5
2026-08-02T01:17:46,2026-08-01,MLB,Cleveland Guardians,Arizona Diamondbacks,moneyline,draftkings,-155,119,,,
2026-08-02T01:17:46,2026-08-01,MLB,Cleveland Guardians,Arizona Diamondbacks,total,draftkings,,,-150,115,6.5
2026-08-01T17:46:41,2026-08-01,MLB,Atlanta Braves,Washington Nationals,moneyline,fanduel,-164,150,,,
2026-08-02T01:17:46,2026-08-01,MLB,Atlanta Braves,Washington Nationals,spread,fanduel,-330,235,,,
2026-08-02T01:17:46,2026-08-01,MLB,Atlanta Braves,Washington Nationals,total,fanduel,,,-178,132,8.5
2026-08-01T17:46:41,2026-08-01,MLB,Atlanta Braves,Washington Nationals,moneyline,draftkings,-173,143,,,
2026-08-02T01:17:46,2026-08-01,MLB,Atlanta Braves,Washington Nationals,total,draftkings,,,-147,113,8.5
2026-08-02T01:17:46,2026-08-01,MLB,Atlanta Braves,Washington Nationals,moneyline,betmgm,-10000,3300,,,
2026-08-02T01:17:46,2026-08-01,MLB,Atlanta Braves,Washington Nationals,spread,betmgm,-275,210,,,
2026-08-02T01:17:46,2026-08-01,MLB,Atlanta Braves,Washington Nationals,total,betmgm,,,-165,130,8.5
2026-08-02T01:17:46,2026-08-01,MLB,Chicago Cubs,New York Yankees,moneyline,fanduel,210,-240,,,
2026-08-02T01:17:46,2026-08-01,MLB,Chicago Cubs,New York Yankees,spread,fanduel,-330,230,,,
2026-08-02T01:17:46,2026-08-01,MLB,Chicago Cubs,New York Yankees,total,fanduel,,,-178,132,4.5
2026-08-02T01:17:46,2026-08-01,MLB,Chicago Cubs,New York Yankees,moneyline,draftkings,191,-259,,,
2026-08-02T01:17:46,2026-08-01,MLB,Chicago Cubs,New York Yankees,total,draftkings,,,-163,125,4.5
2026-08-02T01:17:46,2026-08-01,MLB,Chicago Cubs,New York Yankees,moneyline,betmgm,210,-275,,,
2026-08-02T01:17:46,2026-08-01,MLB,Chicago Cubs,New York Yankees,spread,betmgm,-325,240,,,
2026-08-02T01:17:46,2026-08-01,MLB,Chicago Cubs,New York Yankees,total,betmgm,,,-165,130,4.5
2026-08-02T17:45:56,2026-08-02,MLB,Colorado Rockies,Kansas City Royals,moneyline,fanduel,-120,110,,,
2026-08-02T17:45:56,2026-08-02,MLB,Colorado Rockies,Kansas City Royals,spread,fanduel,146,-178,,,
2026-08-02T17:45:56,2026-08-02,MLB,Colorado Rockies,Kansas City Royals,total,fanduel,,,-108,-112,11.5
2026-08-02T17:45:56,2026-08-02,MLB,Colorado Rockies,Kansas City Royals,moneyline,draftkings,-127,106,,,
2026-08-02T17:45:56,2026-08-02,MLB,Colorado Rockies,Kansas City Royals,total,draftkings,,,-108,-112,11.5
2026-08-03T01:18:13,2026-08-02,MLB,Los Angeles Dodgers,Boston Red Sox,moneyline,fanduel,600,-800,,,
2026-08-03T01:18:13,2026-08-02,MLB,Los Angeles Dodgers,Boston Red Sox,spread,fanduel,128,-172,,,
2026-08-03T01:18:13,2026-08-02,MLB,Los Angeles Dodgers,Boston Red Sox,total,fanduel,,,-112,-118,11.5
2026-08-03T01:18:13,2026-08-02,MLB,Los Angeles Dodgers,Boston Red Sox,moneyline,draftkings,517,-920,,,
2026-08-03T01:18:13,2026-08-02,MLB,Los Angeles Dodgers,Boston Red Sox,total,draftkings,,,100,-131,11.5
2026-08-02T17:45:56,2026-08-02,MLB,Los Angeles Angels,Milwaukee Brewers,moneyline,fanduel,188,-205,,,
2026-08-02T17:45:56,2026-08-02,MLB,Los Angeles Angels,Milwaukee Brewers,spread,fanduel,105,-126,,,
2026-08-02T17:45:56,2026-08-02,MLB,Los Angeles Angels,Milwaukee Brewers,total,fanduel,,,-115,-105,7.5
2026-08-02T17:45:56,2026-08-02,MLB,Los Angeles Angels,Milwaukee Brewers,moneyline,draftkings,190,-234,,,
2026-08-02T17:45:56,2026-08-02,MLB,Los Angeles Angels,Milwaukee Brewers,total,draftkings,,,-112,-108,7.5
2026-08-02T17:45:56,2026-08-02,MLB,Los Angeles Angels,Milwaukee Brewers,moneyline,betmgm,180,-220,,,
2026-08-02T17:45:56,2026-08-02,MLB,Los Angeles Angels,Milwaukee Brewers,spread,betmgm,110,-135,,,
2026-08-02T17:45:56,2026-08-02,MLB,Los Angeles Angels,Milwaukee Brewers,total,betmgm,,,-110,-110,7.5
2026-08-02T17:45:56,2026-08-02,MLB,Athletics,Detroit Tigers,moneyline,fanduel,104,-114,,,
2026-08-02T17:45:56,2026-08-02,MLB,Athletics,Detroit Tigers,spread,fanduel,-150,125,,,
2026-08-02T17:45:56,2026-08-02,MLB,Athletics,Detroit Tigers,total,fanduel,,,-115,-105,10.5
2026-08-02T17:45:56,2026-08-02,MLB,Athletics,Detroit Tigers,moneyline,draftkings,103,-125,,,
2026-08-02T17:45:56,2026-08-02,MLB,Athletics,Detroit Tigers,total,draftkings,,,-114,-105,10.5
2026-08-02T17:45:56,2026-08-02,MLB,Athletics,Detroit Tigers,moneyline,betmgm,105,-125,,,
2026-08-02T17:45:56,2026-08-02,MLB,Athletics,Detroit Tigers,spread,betmgm,-155,125,,,
2026-08-02T17:45:56,2026-08-02,MLB,Athletics,Detroit Tigers,total,betmgm,,,-115,-105,10.5
2026-08-01T17:46:41,2026-08-01,MLB,Toronto Blue Jays,St. Louis Cardinals,spread,draftkings,129,-156,,,
2026-08-01T17:46:41,2026-08-01,MLB,Tampa Bay Rays,Chicago White Sox,spread,draftkings,122,-147,,,
2026-08-01T17:46:41,2026-08-01,MLB,New York Mets,Miami Marlins,spread,draftkings,153,-186,,,
2026-08-01T17:46:41,2026-08-01,MLB,Cincinnati Reds,Pittsburgh Pirates,spread,draftkings,-162,134,,,
2026-08-02T01:17:46,2026-08-01,MLB,Baltimore Orioles,Philadelphia Phillies,spread,draftkings,-190,144,,,
2026-08-02T01:17:46,2026-08-01,MLB,Cleveland Guardians,Arizona Diamondbacks,spread,draftkings,266,-379,,,
2026-08-02T01:17:46,2026-08-01,MLB,Cleveland Guardians,Arizona Diamondbacks,moneyline,betmgm,-190,150,,,
2026-08-02T01:17:46,2026-08-01,MLB,Cleveland Guardians,Arizona Diamondbacks,spread,betmgm,225,-300,,,
2026-08-02T01:17:46,2026-08-01,MLB,Cleveland Guardians,Arizona Diamondbacks,total,betmgm,,,-150,118,6.5
2026-08-02T01:17:46,2026-08-01,MLB,Atlanta Braves,Washington Nationals,spread,draftkings,-320,231,,,
2026-08-02T01:17:46,2026-08-01,MLB,Chicago Cubs,New York Yankees,spread,draftkings,-328,236,,,
2026-08-02T17:45:56,2026-08-02,MLB,Colorado Rockies,Kansas City Royals,spread,draftkings,150,-182,,,
2026-08-02T17:45:56,2026-08-02,MLB,Colorado Rockies,Kansas City Royals,moneyline,betmgm,-130,105,,,
2026-08-02T17:45:56,2026-08-02,MLB,Colorado Rockies,Kansas City Royals,spread,betmgm,150,-185,,,
2026-08-02T17:45:56,2026-08-02,MLB,Colorado Rockies,Kansas City Royals,total,betmgm,,,-105,-115,11.5
2026-08-02T17:45:56,2026-08-02,MLB,San Diego Padres,San Francisco Giants,moneyline,fanduel,-114,106,,,
2026-08-02T17:45:56,2026-08-02,MLB,San Diego Padres,San Francisco Giants,spread,fanduel,-205,168,,,
2026-08-02T17:45:56,2026-08-02,MLB,San Diego Padres,San Francisco Giants,total,fanduel,,,-118,-104,8.0
2026-08-03T01:18:13,2026-08-02,MLB,Los Angeles Dodgers,Boston Red Sox,spread,draftkings,116,-151,,,
2026-08-03T01:18:13,2026-08-02,MLB,Los Angeles Dodgers,Boston Red Sox,moneyline,betmgm,375,-550,,,
2026-08-03T01:18:13,2026-08-02,MLB,Los Angeles Dodgers,Boston Red Sox,spread,betmgm,100,-130,,,
2026-08-03T01:18:13,2026-08-02,MLB,Los Angeles Dodgers,Boston Red Sox,total,betmgm,,,-118,-110,11.5
2026-08-02T17:45:56,2026-08-02,MLB,Los Angeles Angels,Milwaukee Brewers,spread,draftkings,113,-137,,,
2026-08-02T17:45:56,2026-08-02,MLB,Athletics,Detroit Tigers,spread,draftkings,-150,124,,,
2026-08-20T00:02:12,2026-08-29,NCAAF,TCU Horned Frogs,North Carolina Tar Heels,moneyline,fanduel,-330,260,,,
2026-08-20T00:02:12,2026-08-29,NCAAF,TCU Horned Frogs,North Carolina Tar Heels,spread,fanduel,-110,-110,,,
2026-08-20T00:02:12,2026-08-29,NCAAF,TCU Horned Frogs,North Carolina Tar Heels,total,fanduel,,,-115,-105,47.5
2026-08-20T00:02:12,2026-08-29,NCAAF,TCU Horned Frogs,North Carolina Tar Heels,moneyline,draftkings,-325,260,,,
2026-08-20T00:02:12,2026-08-29,NCAAF,TCU Horned Frogs,North Carolina Tar Heels,spread,draftkings,-118,-102,,,
2026-08-20T00:02:12,2026-08-29,NCAAF,TCU Horned Frogs,North Carolina Tar Heels,total,draftkings,,,-110,-110,47.5
2026-08-20T00:02:12,2026-08-29,NCAAF,TCU Horned Frogs,North Carolina Tar Heels,spread,betmgm,-115,-105,,,
2026-08-20T00:02:12,2026-08-29,NCAAF,TCU Horned Frogs,North Carolina Tar Heels,total,betmgm,,,-110,-110,47.5
2026-08-20T00:02:12,2026-08-29,NCAAF,USC Trojans,San Jose State Spartans,spread,draftkings,-105,-115,,,
2026-08-20T00:02:12,2026-08-29,NCAAF,USC Trojans,San Jose State Spartans,total,draftkings,,,-110,-110,60.5
2026-08-20T00:02:12,2026-08-29,NCAAF,USC Trojans,San Jose State Spartans,spread,fanduel,-105,-115,,,
2026-08-20T00:02:12,2026-08-29,NCAAF,USC Trojans,San Jose State Spartans,total,fanduel,,,-110,-110,60.5
2026-08-20T00:02:12,2026-08-29,NCAAF,USC Trojans,San Jose State Spartans,spread,betmgm,-110,-110,,,
2026-08-20T00:02:12,2026-08-29,NCAAF,USC Trojans,San Jose State Spartans,total,betmgm,,,-110,-110,60.5
2026-08-20T00:02:12,2026-08-29,NCAAF,Virginia Cavaliers,NC State Wolfpack,moneyline,fanduel,-220,180,,,
2026-08-20T00:02:12,2026-08-29,NCAAF,Virginia Cavaliers,NC State Wolfpack,spread,fanduel,-115,-105,,,
2026-08-20T00:02:12,2026-08-29,NCAAF,Virginia Cavaliers,NC State Wolfpack,total,fanduel,,,-110,-110,53.5
2026-08-20T00:02:12,2026-08-29,NCAAF,Virginia Cavaliers,NC State Wolfpack,moneyline,draftkings,-218,180,,,
2026-08-20T00:02:12,2026-08-29,NCAAF,Virginia Cavaliers,NC State Wolfpack,spread,draftkings,-110,-110,,,
2026-08-20T00:02:12,2026-08-29,NCAAF,Virginia Cavaliers,NC State Wolfpack,total,draftkings,,,-108,-112,53.5
2026-08-20T00:02:12,2026-08-29,NCAAF,Virginia Cavaliers,NC State Wolfpack,spread,betmgm,-110,-110,,,
2026-08-20T00:02:12,2026-08-29,NCAAF,Virginia Cavaliers,NC State Wolfpack,total,betmgm,,,-110,-110,53.5
2026-08-20T00:02:12,2026-08-29,NCAAF,North Dakota State Bison,Jacksonville State Gamecocks,moneyline,draftkings,-270,220,,,
2026-08-20T00:02:12,2026-08-29,NCAAF,North Dakota State Bison,Jacksonville State Gamecocks,spread,draftkings,-122,102,,,
2026-08-20T00:02:12,2026-08-29,NCAAF,North Dakota State Bison,Jacksonville State Gamecocks,total,draftkings,,,-110,-110,47.5
2026-08-20T00:02:12,2026-08-29,NCAAF,North Dakota State Bison,Jacksonville State Gamecocks,moneyline,fanduel,-255,205,,,
2026-08-20T00:02:12,2026-08-29,NCAAF,North Dakota State Bison,Jacksonville State Gamecocks,spread,fanduel,-115,-105,,,
2026-08-20T00:02:12,2026-08-29,NCAAF,North Dakota State Bison,Jacksonville State Gamecocks,total,fanduel,,,-110,-110,47.5
2026-08-20T00:02:12,2026-08-29,NCAAF,North Dakota State Bison,Jacksonville State Gamecocks,spread,betmgm,-115,-105,,,
2026-08-20T00:02:12,2026-08-29,NCAAF,North Dakota State Bison,Jacksonville State Gamecocks,total,betmgm,,,-110,-110,47.5
2026-08-20T00:02:12,2026-08-29,NCAAF,Eastern Michigan Eagles,Sacramento State Hornets,moneyline,draftkings,-345,275,,,
2026-08-20T00:02:12,2026-08-29,NCAAF,Eastern Michigan Eagles,Sacramento State Hornets,spread,draftkings,-112,-108,,,
2026-08-20T00:02:12,2026-08-29,NCAAF,Eastern Michigan Eagles,Sacramento State Hornets,total,draftkings,,,-110,-110,52.5
2026-08-20T00:02:12,2026-08-29,NCAAF,Eastern Michigan Eagles,Sacramento State Hornets,moneyline,fanduel,-345,270,,,
2026-08-20T00:02:12,2026-08-29,NCAAF,Eastern Michigan Eagles,Sacramento State Hornets,spread,fanduel,-106,-114,,,
2026-08-20T00:02:12,2026-08-29,NCAAF,Eastern Michigan Eagles,Sacramento State Hornets,total,fanduel,,,-114,-106,52.5
2026-08-20T00:02:12,2026-08-29,NCAAF,Eastern Michigan Eagles,Sacramento State Hornets,spread,betmgm,-110,-110,,,
2026-08-20T00:02:12,2026-08-29,NCAAF,Eastern Michigan Eagles,Sacramento State Hornets,total,betmgm,,,-110,-110,52.5
2026-08-20T00:02:12,2026-08-29,NCAAF,Florida State Seminoles,New Mexico State Aggies,moneyline,draftkings,-6500,2000,,,
2026-08-20T00:02:12,2026-08-29,NCAAF,Florida State Seminoles,New Mexico State Aggies,spread,draftkings,-102,-118,,,
2026-08-20T00:02:12,2026-08-29,NCAAF,Florida State Seminoles,New Mexico State Aggies,total,draftkings,,,-108,-112,53.5
2026-08-20T00:02:12,2026-08-29,NCAAF,Florida State Seminoles,New Mexico State Aggies,moneyline,fanduel,-10000,2500,,,
2026-08-20T00:02:12,2026-08-29,NCAAF,Florida State Seminoles,New Mexico State Aggies,spread,fanduel,-115,-105,,,
2026-08-20T00:02:12,2026-08-29,NCAAF,Florida State Seminoles,New Mexico State Aggies,total,fanduel,,,-115,-105,52.5
2026-08-20T00:02:12,2026-08-29,NCAAF,Florida State Seminoles,New Mexico State Aggies,spread,betmgm,-110,-110,,,
2026-08-20T00:02:12,2026-08-29,NCAAF,Florida State Seminoles,New Mexico State Aggies,total,betmgm,,,-110,-110,53.5
2026-08-20T00:02:12,2026-08-29,NCAAF,Stanford Cardinal,Hawaii Rainbow Warriors,moneyline,draftkings,-225,185,,,
2026-08-20T00:02:12,2026-08-29,NCAAF,Stanford Cardinal,Hawaii Rainbow Warriors,spread,draftkings,-115,-105,,,
2026-08-20T00:02:12,2026-08-29,NCAAF,Stanford Cardinal,Hawaii Rainbow Warriors,total,draftkings,,,-105,-115,49.5
2026-08-20T00:02:12,2026-08-29,NCAAF,Stanford Cardinal,Hawaii Rainbow Warriors,moneyline,fanduel,-230,188,,,
2026-08-20T00:02:12,2026-08-29,NCAAF,Stanford Cardinal,Hawaii Rainbow Warriors,spread,fanduel,-122,100,,,
2026-08-20T00:02:12,2026-08-29,NCAAF,Stanford Cardinal,Hawaii Rainbow Warriors,total,fanduel,,,-105,-115,49.5
2026-08-20T00:02:12,2026-08-29,NCAAF,Stanford Cardinal,Hawaii Rainbow Warriors,spread,betmgm,-110,-110,,,
2026-08-20T00:02:12,2026-08-29,NCAAF,Stanford Cardinal,Hawaii Rainbow Warriors,total,betmgm,,,-105,-115,49.5
2026-08-20T00:02:12,2026-08-30,NCAAF,UNLV Rebels,Memphis Tigers,moneyline,draftkings,-225,185,,,
2026-08-20T00:02:12,2026-08-30,NCAAF,UNLV Rebels,Memphis Tigers,spread,draftkings,-110,-110,,,
2026-08-20T00:02:12,2026-08-30,NCAAF,UNLV Rebels,Memphis Tigers,total,draftkings,,,-108,-112,57.5
2026-08-20T00:02:12,2026-08-30,NCAAF,UNLV Rebels,Memphis Tigers,moneyline,fanduel,-235,190,,,
2026-08-20T00:02:12,2026-08-30,NCAAF,UNLV Rebels,Memphis Tigers,spread,fanduel,-122,100,,,
2026-08-20T00:02:12,2026-08-30,NCAAF,UNLV Rebels,Memphis Tigers,total,fanduel,,,-110,-110,57.5
2026-08-20T00:02:12,2026-08-30,NCAAF,UNLV Rebels,Memphis Tigers,spread,betmgm,-105,-115,,,
2026-08-20T00:02:12,2026-08-30,NCAAF,UNLV Rebels,Memphis Tigers,total,betmgm,,,-115,-105,56.5
2026-09-03T19:28:50,2026-09-03,NCAAF,Rutgers Scarlet Knights,UMass Minutemen,moneyline,draftkings,-8000,2200,,,
2026-09-03T19:28:50,2026-09-03,NCAAF,Rutgers Scarlet Knights,UMass Minutemen,spread,draftkings,-110,-110,,,
2026-09-03T19:28:50,2026-09-03,NCAAF,Rutgers Scarlet Knights,UMass Minutemen,total,draftkings,,,-110,-110,53.5
2026-09-03T19:28:50,2026-09-03,NCAAF,Rutgers Scarlet Knights,UMass Minutemen,spread,betmgm,-108,-110,,,
2026-09-03T19:28:50,2026-09-03,NCAAF,Rutgers Scarlet Knights,UMass Minutemen,total,betmgm,,,-110,-108,53.5
2026-09-03T19:28:50,2026-09-03,NCAAF,Wake Forest Demon Deacons,Akron Zips,moneyline,draftkings,-3200,1400,,,
2026-09-03T19:28:50,2026-09-03,NCAAF,Wake Forest Demon Deacons,Akron Zips,spread,draftkings,-102,-118,,,
2026-09-03T19:28:50,2026-09-03,NCAAF,Wake Forest Demon Deacons,Akron Zips,total,draftkings,,,-115,-105,50.5
2026-09-03T19:28:50,2026-09-03,NCAAF,Wake Forest Demon Deacons,Akron Zips,moneyline,fanduel,-7000,2000,,,
2026-09-03T19:28:50,2026-09-03,NCAAF,Wake Forest Demon Deacons,Akron Zips,spread,fanduel,-108,-112,,,
2026-09-03T19:28:50,2026-09-03,NCAAF,Wake Forest Demon Deacons,Akron Zips,total,fanduel,,,-118,-104,50.5
2026-09-03T19:28:50,2026-09-03,NCAAF,Wake Forest Demon Deacons,Akron Zips,spread,betmgm,-108,-110,,,
2026-09-03T19:28:50,2026-09-03,NCAAF,Wake Forest Demon Deacons,Akron Zips,total,betmgm,,,-110,-110,50.5
2026-09-03T19:28:50,2026-09-03,NCAAF,Buffalo Bulls,Albany,moneyline,fanduel,-1400,800,,,
2026-09-03T19:28:50,2026-09-03,NCAAF,Buffalo Bulls,Albany,spread,fanduel,-110,-110,,,
2026-09-03T19:28:50,2026-09-03,NCAAF,Buffalo Bulls,Albany,total,fanduel,,,-115,-105,47.5
2026-09-03T19:28:50,2026-09-03,NCAAF,UCF Knights,Bethune-Cookman Wildcats,spread,fanduel,-110,-110,,,
2026-09-03T19:28:50,2026-09-03,NCAAF,UCF Knights,Bethune-Cookman Wildcats,total,fanduel,,,-112,-108,57.5
2026-09-03T19:28:50,2026-09-03,NCAAF,Delaware Blue Hens,Merrimack Warriors,moneyline,fanduel,-10000,3000,,,
2026-09-03T19:28:50,2026-09-03,NCAAF,Delaware Blue Hens,Merrimack Warriors,spread,fanduel,-120,-102,,,
2026-09-03T19:28:50,2026-09-03,NCAAF,Delaware Blue Hens,Merrimack Warriors,total,fanduel,,,-110,-110,55.5
2026-09-03T19:28:50,2026-09-03,NCAAF,Kennesaw State Owls,West Georgia Wolves,moneyline,fanduel,-2500,1100,,,
2026-09-03T19:28:50,2026-09-03,NCAAF,Kennesaw State Owls,West Georgia Wolves,spread,fanduel,-110,-110,,,
2026-09-03T19:28:50,2026-09-03,NCAAF,Kennesaw State Owls,West Georgia Wolves,total,fanduel,,,-110,-110,50.5
2026-09-03T19:28:50,2026-09-04,NCAAF,Missouri Tigers,Arkansas Pine Bluff Golden Lions,spread,fanduel,-112,-108,,,
2026-09-03T19:28:50,2026-09-04,NCAAF,Missouri Tigers,Arkansas Pine Bluff Golden Lions,total,fanduel,,,-115,-105,61.5
2026-09-03T19:28:50,2026-09-04,NCAAF,Georgia Tech Yellow Jackets,Colorado Buffaloes,moneyline,draftkings,-230,190,,,
2026-09-03T19:28:50,2026-09-04,NCAAF,Georgia Tech Yellow Jackets,Colorado Buffaloes,spread,draftkings,-108,-112,,,
2026-09-03T19:28:50,2026-09-04,NCAAF,Georgia Tech Yellow Jackets,Colorado Buffaloes,total,draftkings,,,-110,-110,51.5
2026-09-03T19:28:50,2026-09-04,NCAAF,Georgia Tech Yellow Jackets,Colorado Buffaloes,moneyline,fanduel,-240,195,,,
2026-09-03T19:28:50,2026-09-04,NCAAF,Georgia Tech Yellow Jackets,Colorado Buffaloes,spread,fanduel,-110,-110,,,
2026-09-03T19:28:50,2026-09-04,NCAAF,Georgia Tech Yellow Jackets,Colorado Buffaloes,total,fanduel,,,-105,-115,51.5
2026-09-03T19:28:50,2026-09-04,NCAAF,Georgia Tech Yellow Jackets,Colorado Buffaloes,spread,betmgm,-108,-110,,,
2026-09-03T19:28:50,2026-09-04,NCAAF,Georgia Tech Yellow Jackets,Colorado Buffaloes,total,betmgm,,,-110,-108,51.5
2026-09-03T19:28:50,2026-09-04,NCAAF,Minnesota Golden Gophers,Eastern Illinois Panthers,spread,fanduel,-108,-112,,,
2026-09-03T19:28:50,2026-09-04,NCAAF,Minnesota Golden Gophers,Eastern Illinois Panthers,total,fanduel,,,-110,-110,52.5
2026-09-01T02:05:04,2026-09-04,NCAAF,Utah Utes,Idaho Vandals,moneyline,fanduel,-30000,4000,,,
2026-09-03T19:28:50,2026-09-04,NCAAF,Utah Utes,Idaho Vandals,spread,fanduel,-115,-105,,,
2026-09-03T19:28:50,2026-09-04,NCAAF,Utah Utes,Idaho Vandals,total,fanduel,,,-115,-105,58.5
2026-09-03T19:28:50,2026-09-04,NCAAF,Illinois Fighting Illini,UAB Blazers,moneyline,draftkings,-4500,1700,,,
2026-09-03T19:28:50,2026-09-04,NCAAF,Illinois Fighting Illini,UAB Blazers,spread,draftkings,-108,-112,,,
2026-09-03T19:28:50,2026-09-04,NCAAF,Illinois Fighting Illini,UAB Blazers,total,draftkings,,,-105,-115,54.5
2026-09-03T19:28:50,2026-09-04,NCAAF,Illinois Fighting Illini,UAB Blazers,moneyline,fanduel,-4500,1600,,,
2026-09-03T19:28:50,2026-09-04,NCAAF,Illinois Fighting Illini,UAB Blazers,spread,fanduel,-108,-112,,,
2026-09-03T19:28:50,2026-09-04,NCAAF,Illinois Fighting Illini,UAB Blazers,total,fanduel,,,-110,-110,54.5
2026-09-03T19:28:50,2026-09-04,NCAAF,Illinois Fighting Illini,UAB Blazers,spread,betmgm,-108,-110,,,
2026-09-03T19:28:50,2026-09-04,NCAAF,Illinois Fighting Illini,UAB Blazers,total,betmgm,,,-108,-110,54.5
2026-09-03T19:28:50,2026-09-04,NCAAF,Eastern Michigan Eagles,San Jose State Spartans,moneyline,draftkings,-148,124,,,
2026-09-03T19:28:50,2026-09-04,NCAAF,Eastern Michigan Eagles,San Jose State Spartans,spread,draftkings,-110,-110,,,
2026-09-03T19:28:50,2026-09-04,NCAAF,Eastern Michigan Eagles,San Jose State Spartans,total,draftkings,,,-110,-110,56.5
2026-09-03T19:28:50,2026-09-04,NCAAF,Eastern Michigan Eagles,San Jose State Spartans,moneyline,fanduel,-152,126,,,
2026-09-03T19:28:50,2026-09-04,NCAAF,Eastern Michigan Eagles,San Jose State Spartans,spread,fanduel,-120,-102,,,
2026-09-03T19:28:50,2026-09-04,NCAAF,Eastern Michigan Eagles,San Jose State Spartans,total,fanduel,,,-108,-112,56.5
2026-09-03T19:28:50,2026-09-04,NCAAF,Eastern Michigan Eagles,San Jose State Spartans,spread,betmgm,-110,-108,,,
2026-09-03T19:28:50,2026-09-04,NCAAF,Eastern Michigan Eagles,San Jose State Spartans,total,betmgm,,,-112,-105,55.5
2026-09-03T19:28:50,2026-09-04,NCAAF,Georgia State Panthers,North Carolina A&T Aggies,moneyline,fanduel,-10000,2400,,,
2026-09-03T19:28:50,2026-09-04,NCAAF,Georgia State Panthers,North Carolina A&T Aggies,spread,fanduel,-114,-106,,,
2026-09-03T19:28:50,2026-09-04,NCAAF,Georgia State Panthers,North Carolina A&T Aggies,total,fanduel,,,-105,-115,62.5
2026-09-03T19:28:50,2026-09-04,NCAAF,Purdue Boilermakers,Indiana State Sycamores,spread,fanduel,-105,-115,,,
2026-09-03T19:28:50,2026-09-04,NCAAF,Purdue Boilermakers,Indiana State Sycamores,total,fanduel,,,-112,-108,56.5
2026-09-03T19:28:50,2026-09-05,NCAAF,Kansas Jayhawks,LIU Sharks,spread,fanduel,-110,-110,,,
2026-09-03T19:28:50,2026-09-05,NCAAF,Kansas Jayhawks,LIU Sharks,total,fanduel,,,-105,-115,54.5
2026-09-03T19:28:50,2026-09-05,NCAAF,Michigan State Spartans,Toledo Rockets,moneyline,draftkings,-410,320,,,
2026-09-03T19:28:50,2026-09-05,NCAAF,Michigan State Spartans,Toledo Rockets,spread,draftkings,-108,-112,,,
2026-09-03T19:28:50,2026-09-05,NCAAF,Michigan State Spartans,Toledo Rockets,total,draftkings,,,-115,-105,46.5
2026-09-03T19:28:50,2026-09-05,NCAAF,Michigan State Spartans,Toledo Rockets,moneyline,fanduel,-420,320,,,
2026-09-03T19:28:50,2026-09-05,NCAAF,Michigan State Spartans,Toledo Rockets,spread,fanduel,-105,-115,,,
2026-09-03T19:28:50,2026-09-05,NCAAF,Michigan State Spartans,Toledo Rockets,total,fanduel,,,-114,-106,46.5
2026-09-03T19:28:50,2026-09-05,NCAAF,Michigan State Spartans,Toledo Rockets,spread,betmgm,-110,-105,,,
2026-09-03T19:28:50,2026-09-05,NCAAF,Michigan State Spartans,Toledo Rockets,total,betmgm,,,-115,-105,46.5
2026-09-03T19:28:50,2026-09-05,NCAAF,Oklahoma Sooners,UTEP Miners,spread,draftkings,-110,-110,,,
2026-09-03T19:28:50,2026-09-05,NCAAF,Oklahoma Sooners,UTEP Miners,total,draftkings,,,-110,-110,51.5
2026-09-03T19:28:50,2026-09-05,NCAAF,Oklahoma Sooners,UTEP Miners,spread,fanduel,-105,-115,,,
2026-09-03T19:28:50,2026-09-05,NCAAF,Oklahoma Sooners,UTEP Miners,total,fanduel,,,-114,-106,51.5
2026-09-03T19:28:50,2026-09-05,NCAAF,Oklahoma Sooners,UTEP Miners,spread,betmgm,-112,-108,,,
2026-09-03T19:28:50,2026-09-05,NCAAF,Oklahoma Sooners,UTEP Miners,total,betmgm,,,-112,-105,51.5
2026-09-03T19:28:50,2026-09-05,NCAAF,USC Trojans,Fresno State Bulldogs,moneyline,draftkings,-2100,1100,,,
2026-09-03T19:28:50,2026-09-05,NCAAF,USC Trojans,Fresno State Bulldogs,spread,draftkings,-102,-118,,,
2026-09-03T19:28:50,2026-09-05,NCAAF,USC Trojans,Fresno State Bulldogs,total,draftkings,,,-112,-108,51.5
2026-09-03T19:28:50,2026-09-05,NCAAF,USC Trojans,Fresno State Bulldogs,moneyline,fanduel,-3000,1200,,,
2026-09-03T19:28:50,2026-09-05,NCAAF,USC Trojans,Fresno State Bulldogs,spread,fanduel,-110,-110,,,
2026-09-03T19:28:50,2026-09-05,NCAAF,USC Trojans,Fresno State Bulldogs,total,fanduel,,,-110,-110,51.5
2026-09-03T19:28:50,2026-09-05,NCAAF,USC Trojans,Fresno State Bulldogs,spread,betmgm,-108,-110,,,
2026-09-03T19:28:50,2026-09-05,NCAAF,USC Trojans,Fresno State Bulldogs,total,betmgm,,,-110,-108,51.5
2026-09-03T19:28:50,2026-09-05,NCAAF,Stanford Cardinal,Miami Hurricanes,moneyline,draftkings,1400,-3200,,,
2026-09-03T19:28:50,2026-09-05,NCAAF,Stanford Cardinal,Miami Hurricanes,spread,draftkings,-115,-105,,,
2026-09-03T19:28:50,2026-09-05,NCAAF,Stanford Cardinal,Miami Hurricanes,total,draftkings,,,100,-120,48.5
2026-09-03T19:28:50,2026-09-05,NCAAF,Stanford Cardinal,Miami Hurricanes,moneyline,fanduel,1400,-4000,,,
2026-09-03T19:28:50,2026-09-05,NCAAF,Stanford Cardinal,Miami Hurricanes,spread,fanduel,-114,-106,,,
2026-09-03T19:28:50,2026-09-05,NCAAF,Stanford Cardinal,Miami Hurricanes,total,fanduel,,,-112,-108,47.5
2026-09-03T19:28:50,2026-09-05,NCAAF,Stanford Cardinal,Miami Hurricanes,spread,betmgm,-108,-110,,,
2026-09-03T19:28:50,2026-09-05,NCAAF,Stanford Cardinal,Miami Hurricanes,total,betmgm,,,-118,-102,47.5
2026-09-03T19:28:50,2026-09-05,NCAAF,Alabama Crimson Tide,East Carolina Pirates,moneyline,draftkings,-8000,2200,,,
2026-09-03T19:28:50,2026-09-05,NCAAF,Alabama Crimson Tide,East Carolina Pirates,spread,draftkings,100,-120,,,
2026-09-03T19:28:50,2026-09-05,NCAAF,Alabama Crimson Tide,East Carolina Pirates,total,draftkings,,,-110,-110,52.5
2026-09-03T19:28:50,2026-09-05,NCAAF,Alabama Crimson Tide,East Carolina Pirates,moneyline,fanduel,-7000,2000,,,
2026-09-03T19:28:50,2026-09-05,NCAAF,Alabama Crimson Tide,East Carolina Pirates,spread,fanduel,-118,-104,,,
2026-09-03T19:28:50,2026-09-05,NCAAF,Alabama Crimson Tide,East Carolina Pirates,total,fanduel,,,-110,-110,52.5
2026-09-03T19:28:50,2026-09-05,NCAAF,Alabama Crimson Tide,East Carolina Pirates,spread,betmgm,-112,-105,,,
2026-09-03T19:28:50,2026-09-05,NCAAF,Alabama Crimson Tide,East Carolina Pirates,total,betmgm,,,-108,-110,52.5
2026-09-03T19:28:50,2026-09-05,NCAAF,Arkansas Razorbacks,North Alabama Lions,spread,fanduel,-110,-110,,,
2026-09-03T19:28:50,2026-09-05,NCAAF,Arkansas Razorbacks,North Alabama Lions,total,fanduel,,,-110,-110,62.5
2026-09-03T19:28:50,2026-09-05,NCAAF,Army Black Knights,Bryant Bulldogs,spread,fanduel,-115,-105,,,
2026-09-03T19:28:50,2026-09-05,NCAAF,Army Black Knights,Bryant Bulldogs,total,fanduel,,,-110,-110,50.5
2026-09-03T19:28:50,2026-09-05,NCAAF,Bowling Green Falcons,Tarleton State Texans,moneyline,fanduel,-125,104,,,
2026-09-03T19:28:50,2026-09-05,NCAAF,Bowling Green Falcons,Tarleton State Texans,spread,fanduel,-115,-105,,,
2026-09-03T19:28:50,2026-09-05,NCAAF,Bowling Green Falcons,Tarleton State Texans,total,fanduel,,,-110,-110,48.5
2026-09-03T19:28:50,2026-09-05,NCAAF,West Virginia Mountaineers,Coastal Carolina Chanticleers,moneyline,draftkings,-1450,850,,,
2026-09-03T19:28:50,2026-09-05,NCAAF,West Virginia Mountaineers,Coastal Carolina Chanticleers,spread,draftkings,-108,-112,,,
2026-09-03T19:28:50,2026-09-05,NCAAF,West Virginia Mountaineers,Coastal Carolina Chanticleers,total,draftkings,,,-108,-112,56.5
2026-09-03T19:28:50,2026-09-05,NCAAF,West Virginia Mountaineers,Coastal Carolina Chanticleers,moneyline,fanduel,-2000,980,,,
2026-09-03T19:28:50,2026-09-05,NCAAF,West Virginia Mountaineers,Coastal Carolina Chanticleers,spread,fanduel,-105,-115,,,
2026-09-03T19:28:50,2026-09-05,NCAAF,West Virginia Mountaineers,Coastal Carolina Chanticleers,total,fanduel,,,-106,-114,56.5
2026-09-03T19:28:50,2026-09-05,NCAAF,West Virginia Mountaineers,Coastal Carolina Chanticleers,spread,betmgm,-112,-105,,,
2026-09-03T19:28:50,2026-09-05,NCAAF,West Virginia Mountaineers,Coastal Carolina Chanticleers,total,betmgm,,,-112,-105,55.5
2026-09-03T19:28:50,2026-09-05,NCAAF,Houston Cougars,Oregon State Beavers,moneyline,draftkings,-1650,950,,,
2026-09-03T19:28:50,2026-09-05,NCAAF,Houston Cougars,Oregon State Beavers,spread,draftkings,-105,-115,,,
2026-09-03T19:28:50,2026-09-05,NCAAF,Houston Cougars,Oregon State Beavers,total,draftkings,,,-112,-108,49.5
2026-09-03T19:28:50,2026-09-05,NCAAF,Houston Cougars,Oregon State Beavers,moneyline,fanduel,-2000,980,,,
2026-09-03T19:28:50,2026-09-05,NCAAF,Houston Cougars,Oregon State Beavers,spread,fanduel,-118,-104,,,
2026-09-03T19:28:50,2026-09-05,NCAAF,Houston Cougars,Oregon State Beavers,total,fanduel,,,-110,-110,49.5
2026-09-03T19:28:50,2026-09-05,NCAAF,Houston Cougars,Oregon State Beavers,spread,betmgm,-102,-118,,,
2026-09-03T19:28:50,2026-09-05,NCAAF,Houston Cougars,Oregon State Beavers,total,betmgm,,,-110,-108,49.5
2026-09-03T19:28:50,2026-09-05,NCAAF,Indiana Hoosiers,North Texas Mean Green,spread,draftkings,-108,-112,,,
2026-09-03T19:28:50,2026-09-05,NCAAF,Indiana Hoosiers,North Texas Mean Green,total,draftkings,,,-112,-108,56.5
2026-09-03T19:28:50,2026-09-05,NCAAF,Indiana Hoosiers,North Texas Mean Green,spread,fanduel,-110,-110,,,
2026-09-03T19:28:50,2026-09-05,NCAAF,Indiana Hoosiers,North Texas Mean Green,total,fanduel,,,-120,-102,55.5
2026-09-03T19:28:50,2026-09-05,NCAAF,Indiana Hoosiers,North Texas Mean Green,spread,betmgm,-110,-108,,,
2026-09-03T19:28:50,2026-09-05,NCAAF,Indiana Hoosiers,North Texas Mean Green,total,betmgm,,,-102,-118,56.5
2026-09-03T19:28:50,2026-09-05,NCAAF,James Madison Dukes,Liberty Flames,moneyline,draftkings,-225,185,,,
2026-09-03T19:28:50,2026-09-05,NCAAF,James Madison Dukes,Liberty Flames,spread,draftkings,-110,-110,,,
2026-09-03T19:28:50,2026-09-05,NCAAF,James Madison Dukes,Liberty Flames,total,draftkings,,,-112,-108,50.5
2026-09-03T19:28:50,2026-09-05,NCAAF,James Madison Dukes,Liberty Flames,moneyline,fanduel,-245,198,,,
2026-09-03T19:28:50,2026-09-05,NCAAF,James Madison Dukes,Liberty Flames,spread,fanduel,-114,-106,,,
2026-09-03T19:28:50,2026-09-05,NCAAF,James Madison Dukes,Liberty Flames,total,fanduel,,,-110,-110,50.5
2026-09-03T19:28:50,2026-09-05,NCAAF,James Madison Dukes,Liberty Flames,spread,betmgm,-108,-110,,,
2026-09-03T19:28:50,2026-09-05,NCAAF,James Madison Dukes,Liberty Flames,total,betmgm,,,-110,-108,50.5
2026-09-03T19:28:50,2026-09-05,NCAAF,UConn Huskies,Lafayette Leopards,moneyline,fanduel,-1450,810,,,
2026-09-03T19:28:50,2026-09-05,NCAAF,UConn Huskies,Lafayette Leopards,spread,fanduel,-110,-110,,,
2026-09-03T19:28:50,2026-09-05,NCAAF,UConn Huskies,Lafayette Leopards,total,fanduel,,,-112,-108,52.5
2026-09-03T19:28:50,2026-09-05,NCAAF,Pittsburgh Panthers,Miami (OH) RedHawks,moneyline,draftkings,-800,550,,,
2026-09-03T19:28:50,2026-09-05,NCAAF,Pittsburgh Panthers,Miami (OH) RedHawks,spread,draftkings,-108,-112,,,
2026-09-03T19:28:50,2026-09-05,NCAAF,Pittsburgh Panthers,Miami (OH) RedHawks,total,draftkings,,,-112,-108,47.5
2026-09-03T19:28:50,2026-09-05,NCAAF,Pittsburgh Panthers,Miami (OH) RedHawks,moneyline,fanduel,-820,550,,,
2026-09-03T19:28:50,2026-09-05,NCAAF,Pittsburgh Panthers,Miami (OH) RedHawks,spread,fanduel,-112,-108,,,
2026-09-03T19:28:50,2026-09-05,NCAAF,Pittsburgh Panthers,Miami (OH) RedHawks,total,fanduel,,,-110,-110,47.5
2026-09-03T19:28:50,2026-09-05,NCAAF,Pittsburgh Panthers,Miami (OH) RedHawks,total,betmgm,,,-110,-108,47.5
2026-09-03T19:28:50,2026-09-05,NCAAF,Nebraska Cornhuskers,Ohio Bobcats,moneyline,draftkings,-2800,1300,,,
2026-09-03T19:28:50,2026-09-05,NCAAF,Nebraska Cornhuskers,Ohio Bobcats,spread,draftkings,-115,-105,,,
2026-09-03T19:28:50,2026-09-05,NCAAF,Nebraska Cornhuskers,Ohio Bobcats,total,draftkings,,,-110,-110,46.5
2026-09-03T19:28:50,2026-09-05,NCAAF,Nebraska Cornhuskers,Ohio Bobcats,moneyline,fanduel,-4000,1400,,,
2026-09-03T19:28:50,2026-09-05,NCAAF,Nebraska Cornhuskers,Ohio Bobcats,spread,fanduel,-114,-106,,,
2026-09-03T19:28:50,2026-09-05,NCAAF,Nebraska Cornhuskers,Ohio Bobcats,total,fanduel,,,-106,-114,46.5
2026-09-03T19:28:50,2026-09-05,NCAAF,Nebraska Cornhuskers,Ohio Bobcats,spread,betmgm,-115,-105,,,
2026-09-03T19:28:50,2026-09-05,NCAAF,Nebraska Cornhuskers,Ohio Bobcats,total,betmgm,,,-108,-110,46.5
2026-09-03T19:28:50,2026-09-05,NCAAF,Syracuse Orange,New Hampshire Wildcats,moneyline,fanduel,-20000,3500,,,
2026-09-03T19:28:50,2026-09-05,NCAAF,Syracuse Orange,New Hampshire Wildcats,spread,fanduel,-108,-112,,,
2026-09-03T19:28:50,2026-09-05,NCAAF,Syracuse Orange,New Hampshire Wildcats,total,fanduel,,,-110,-110,56.5
2026-09-03T19:28:50,2026-09-05,NCAAF,Ohio State Buckeyes,Ball State Cardinals,spread,draftkings,-108,-112,,,
2026-09-03T19:28:50,2026-09-05,NCAAF,Ohio State Buckeyes,Ball State Cardinals,total,draftkings,,,-105,-115,56.5
2026-09-03T19:28:50,2026-09-05,NCAAF,Ohio State Buckeyes,Ball State Cardinals,spread,fanduel,-110,-110,,,
2026-09-03T19:28:50,2026-09-05,NCAAF,Ohio State Buckeyes,Ball State Cardinals,total,fanduel,,,-106,-114,56.5
2026-09-03T19:28:50,2026-09-05,NCAAF,Ohio State Buckeyes,Ball State Cardinals,spread,betmgm,-108,-110,,,
2026-09-03T19:28:50,2026-09-05,NCAAF,Ohio State Buckeyes,Ball State Cardinals,total,betmgm,,,-110,-108,56.5
2026-09-03T19:28:50,2026-09-05,NCAAF,South Carolina Gamecocks,Kent State Golden Flashes,moneyline,draftkings,-100000,5000,,,
2026-09-03T19:28:50,2026-09-05,NCAAF,South Carolina Gamecocks,Kent State Golden Flashes,spread,draftkings,-112,-108,,,
2026-09-03T19:28:50,2026-09-05,NCAAF,South Carolina Gamecocks,Kent State Golden Flashes,total,draftkings,,,-115,-105,53.5
2026-09-03T19:28:50,2026-09-05,NCAAF,South Carolina Gamecocks,Kent State Golden Flashes,spread,fanduel,-105,-115,,,
2026-09-03T19:28:50,2026-09-05,NCAAF,South Carolina Gamecocks,Kent State Golden Flashes,total,fanduel,,,-110,-110,53.5
2026-09-03T19:28:50,2026-09-05,NCAAF,South Carolina Gamecocks,Kent State Golden Flashes,spread,betmgm,-110,-108,,,
2026-09-03T19:28:50,2026-09-05,NCAAF,South Carolina Gamecocks,Kent State Golden Flashes,total,betmgm,,,-105,-115,54.5
2026-09-03T19:28:50,2026-09-05,NCAAF,Air Force Falcons,Duquesne Dukes,moneyline,fanduel,-10000,2400,,,
2026-09-03T19:28:50,2026-09-05,NCAAF,Air Force Falcons,Duquesne Dukes,spread,fanduel,-114,-106,,,
2026-09-03T19:28:50,2026-09-05,NCAAF,Air Force Falcons,Duquesne Dukes,total,fanduel,,,-115,-105,56.5
2026-09-03T19:28:50,2026-09-05,NCAAF,Iowa State Cyclones,Southeast Missouri State Redhawks,moneyline,fanduel,-10000,2400,,,
2026-09-03T19:28:50,2026-09-05,NCAAF,Iowa State Cyclones,Southeast Missouri State Redhawks,spread,fanduel,-105,-115,,,
2026-09-03T19:28:50,2026-09-05,NCAAF,Iowa State Cyclones,Southeast Missouri State Redhawks,total,fanduel,,,-106,-114,52.5
2026-09-03T19:28:50,2026-09-05,NCAAF,Kentucky Wildcats,Youngstown St Penguins,moneyline,fanduel,-2800,1160,,,
2026-09-03T19:28:50,2026-09-05,NCAAF,Kentucky Wildcats,Youngstown St Penguins,spread,fanduel,-106,-114,,,
2026-09-03T19:28:50,2026-09-05,NCAAF,Kentucky Wildcats,Youngstown St Penguins,total,fanduel,,,-108,-112,62.5
2026-09-03T19:28:50,2026-09-05,NCAAF,Temple Owls,Rhode Island Rams,moneyline,fanduel,-850,570,,,
2026-09-03T19:28:50,2026-09-05,NCAAF,Temple Owls,Rhode Island Rams,spread,fanduel,-110,-110,,,
2026-09-03T19:28:50,2026-09-05,NCAAF,Temple Owls,Rhode Island Rams,total,fanduel,,,-105,-115,51.5
2026-09-03T19:28:50,2026-09-05,NCAAF,Georgia Bulldogs,Tennessee State Tigers,spread,fanduel,-110,-110,,,
2026-09-03T19:28:50,2026-09-05,NCAAF,Georgia Bulldogs,Tennessee State Tigers,total,fanduel,,,-112,-108,54.5
2026-09-03T19:28:50,2026-09-05,NCAAF,Appalachian State Mountaineers,Maine Black Bears,moneyline,fanduel,-1450,810,,,
2026-09-03T19:28:50,2026-09-05,NCAAF,Appalachian State Mountaineers,Maine Black Bears,spread,fanduel,-108,-112,,,
2026-09-03T19:28:50,2026-09-05,NCAAF,Appalachian State Mountaineers,Maine Black Bears,total,fanduel,,,-106,-114,52.5
2026-09-03T19:28:50,2026-09-05,NCAAF,Auburn Tigers,Baylor Bears,moneyline,fanduel,-295,240,,,
2026-09-03T19:28:50,2026-09-05,NCAAF,Auburn Tigers,Baylor Bears,spread,fanduel,-105,-115,,,
2026-09-03T19:28:50,2026-09-05,NCAAF,Auburn Tigers,Baylor Bears,total,fanduel,,,-110,-110,58.5
2026-09-03T19:28:50,2026-09-05,NCAAF,Auburn Tigers,Baylor Bears,moneyline,draftkings,-298,240,,,
2026-09-03T19:28:50,2026-09-05,NCAAF,Auburn Tigers,Baylor Bears,spread,draftkings,-108,-112,,,
2026-09-03T19:28:50,2026-09-05,NCAAF,Auburn Tigers,Baylor Bears,total,draftkings,,,-115,-105,58.5
2026-09-03T19:28:50,2026-09-05,NCAAF,Auburn Tigers,Baylor Bears,spread,betmgm,-105,-115,,,
2026-09-03T19:28:50,2026-09-05,NCAAF,Auburn Tigers,Baylor Bears,total,betmgm,,,-112,-105,58.5
2026-09-03T19:28:50,2026-09-05,NCAAF,Oregon Ducks,Boise State Broncos,moneyline,draftkings,-2400,1200,,,
2026-09-03T19:28:50,2026-09-05,NCAAF,Oregon Ducks,Boise State Broncos,spread,draftkings,-110,-110,,,
2026-09-03T19:28:50,2026-09-05,NCAAF,Oregon Ducks,Boise State Broncos,total,draftkings,,,-108,-112,51.5
2026-09-03T19:28:50,2026-09-05,NCAAF,Oregon Ducks,Boise State Broncos,moneyline,fanduel,-4000,1500,,,
2026-09-03T19:28:50,2026-09-05,NCAAF,Oregon Ducks,Boise State Broncos,spread,fanduel,-110,-110,,,
2026-09-03T19:28:50,2026-09-05,NCAAF,Oregon Ducks,Boise State Broncos,total,fanduel,,,-110,-110,51.5
2026-09-03T19:28:50,2026-09-05,NCAAF,Oregon Ducks,Boise State Broncos,spread,betmgm,-110,-108,,,
2026-09-03T19:28:50,2026-09-05,NCAAF,Oregon Ducks,Boise State Broncos,total,betmgm,,,-110,-110,51.5
2026-09-03T19:28:50,2026-09-05,NCAAF,Cincinnati Bearcats,Boston College Eagles,moneyline,draftkings,-305,245,,,
2026-09-03T19:28:50,2026-09-05,NCAAF,Cincinnati Bearcats,Boston College Eagles,spread,draftkings,-108,-112,,,
2026-09-03T19:28:50,2026-09-05,NCAAF,Cincinnati Bearcats,Boston College Eagles,total,draftkings,,,-112,-108,49.5
2026-09-03T19:28:50,2026-09-05,NCAAF,Cincinnati Bearcats,Boston College Eagles,moneyline,fanduel,-310,245,,,
2026-09-03T19:28:50,2026-09-05,NCAAF,Cincinnati Bearcats,Boston College Eagles,spread,fanduel,-110,-110,,,
2026-09-03T19:28:50,2026-09-05,NCAAF,Cincinnati Bearcats,Boston College Eagles,total,fanduel,,,-112,-108,49.5
2026-09-03T19:28:50,2026-09-05,NCAAF,Cincinnati Bearcats,Boston College Eagles,spread,betmgm,-110,-108,,,
2026-09-03T19:28:50,2026-09-05,NCAAF,Cincinnati Bearcats,Boston College Eagles,total,betmgm,,,-105,-115,50.5
2026-09-03T19:28:50,2026-09-05,NCAAF,Charlotte 49ers,Citadel Bulldogs,moneyline,fanduel,-2000,980,,,
2026-09-03T19:28:50,2026-09-05,NCAAF,Charlotte 49ers,Citadel Bulldogs,spread,fanduel,-110,-110,,,
2026-09-03T19:28:50,2026-09-05,NCAAF,Charlotte 49ers,Citadel Bulldogs,total,fanduel,,,-115,-105,45.5
2026-09-03T19:28:50,2026-09-05,NCAAF,Duke Blue Devils,Tulane Green Wave,moneyline,draftkings,-325,260,,,
2026-09-03T19:28:50,2026-09-05,NCAAF,Duke Blue Devils,Tulane Green Wave,spread,draftkings,-112,-108,,,
2026-09-03T19:28:50,2026-09-05,NCAAF,Duke Blue Devils,Tulane Green Wave,total,draftkings,,,-102,-118,51.5
2026-09-03T19:28:50,2026-09-05,NCAAF,Duke Blue Devils,Tulane Green Wave,moneyline,fanduel,-310,245,,,
2026-09-03T19:28:50,2026-09-05,NCAAF,Duke Blue Devils,Tulane Green Wave,spread,fanduel,-110,-110,,,
2026-09-03T19:28:50,2026-09-05,NCAAF,Duke Blue Devils,Tulane Green Wave,total,fanduel,,,-105,-115,51.5
2026-09-03T19:28:50,2026-09-05,NCAAF,Duke Blue Devils,Tulane Green Wave,spread,betmgm,-110,-108,,,
2026-09-03T19:28:50,2026-09-05,NCAAF,Duke Blue Devils,Tulane Green Wave,total,betmgm,,,100,-120,51.5
2026-09-03T19:28:50,2026-09-05,NCAAF,North Dakota State Bison,Fordham Rams,spread,fanduel,-115,-105,,,
2026-09-03T19:28:50,2026-09-05,NCAAF,North Dakota State Bison,Fordham Rams,total,fanduel,,,-106,-114,55.5
2026-09-03T19:28:50,2026-09-05,NCAAF,Tennessee Volunteers,Furman Paladins,spread,fanduel,-115,-105,,,
2026-09-03T19:28:50,2026-09-05,NCAAF,Tennessee Volunteers,Furman Paladins,total,fanduel,,,-114,-106,66.5
2026-09-03T19:28:50,2026-09-05,NCAAF,Penn State Nittany Lions,Marshall Thundering Herd,moneyline,draftkings,-3200,1400,,,
2026-09-03T19:28:50,2026-09-05,NCAAF,Penn State Nittany Lions,Marshall Thundering Herd,spread,draftkings,-118,-102,,,
2026-09-03T19:28:50,2026-09-05,NCAAF,Penn State Nittany Lions,Marshall Thundering Herd,total,draftkings,,,-102,-118,52.5
2026-09-03T19:28:50,2026-09-05,NCAAF,Penn State Nittany Lions,Marshall Thundering Herd,moneyline,fanduel,-4000,1400,,,
2026-09-03T19:28:50,2026-09-05,NCAAF,Penn State Nittany Lions,Marshall Thundering Herd,spread,fanduel,-102,-120,,,
2026-09-03T19:28:50,2026-09-05,NCAAF,Penn State Nittany Lions,Marshall Thundering Herd,total,fanduel,,,-105,-115,52.5
2026-09-03T19:28:50,2026-09-05,NCAAF,Penn State Nittany Lions,Marshall Thundering Herd,spread,betmgm,-105,-112,,,
2026-09-03T19:28:50,2026-09-05,NCAAF,Penn State Nittany Lions,Marshall Thundering Herd,total,betmgm,,,-102,-118,52.5
2026-09-03T19:28:50,2026-09-05,NCAAF,Navy Midshipmen,Towson Tigers,moneyline,fanduel,-10000,3500,,,
2026-09-03T19:28:50,2026-09-05,NCAAF,Navy Midshipmen,Towson Tigers,spread,fanduel,-104,-118,,,
2026-09-03T19:28:50,2026-09-05,NCAAF,Navy Midshipmen,Towson Tigers,total,fanduel,,,-105,-115,51.5
2026-09-03T19:28:50,2026-09-05,NCAAF,Texas Longhorns,Texas State Bobcats,moneyline,draftkings,-9000,2500,,,
2026-09-03T19:28:50,2026-09-05,NCAAF,Texas Longhorns,Texas State Bobcats,spread,draftkings,-110,-110,,,
2026-09-03T19:28:50,2026-09-05,NCAAF,Texas Longhorns,Texas State Bobcats,total,draftkings,,,-108,-112,59.5
2026-09-03T19:28:50,2026-09-05,NCAAF,Texas Longhorns,Texas State Bobcats,moneyline,fanduel,-10000,2200,,,
2026-09-03T19:28:50,2026-09-05,NCAAF,Texas Longhorns,Texas State Bobcats,spread,fanduel,-110,-110,,,
2026-09-03T19:28:50,2026-09-05,NCAAF,Texas Longhorns,Texas State Bobcats,total,fanduel,,,-110,-110,59.5
2026-09-03T19:28:50,2026-09-05,NCAAF,Texas Longhorns,Texas State Bobcats,spread,betmgm,-108,-110,,,
2026-09-03T19:28:50,2026-09-05,NCAAF,Texas Longhorns,Texas State Bobcats,total,betmgm,,,-108,-110,59.5
2026-09-03T19:28:50,2026-09-05,NCAAF,UTSA Roadrunners,UT Rio Grande Valley Vaqueros,moneyline,fanduel,-7000,2000,,,
2026-09-03T19:28:50,2026-09-05,NCAAF,UTSA Roadrunners,UT Rio Grande Valley Vaqueros,spread,fanduel,-105,-115,,,
2026-09-03T19:28:50,2026-09-05,NCAAF,UTSA Roadrunners,UT Rio Grande Valley Vaqueros,total,fanduel,,,-115,-105,59.5
2026-09-03T19:28:50,2026-09-05,NCAAF,Tulsa Golden Hurricane,Oklahoma State Cowboys,moneyline,draftkings,425,-575,,,
2026-09-03T19:28:50,2026-09-05,NCAAF,Tulsa Golden Hurricane,Oklahoma State Cowboys,spread,draftkings,-110,-110,,,
2026-09-03T19:28:50,2026-09-05,NCAAF,Tulsa Golden Hurricane,Oklahoma State Cowboys,total,draftkings,,,-105,-115,59.5
2026-09-03T19:28:50,2026-09-05,NCAAF,Tulsa Golden Hurricane,Oklahoma State Cowboys,moneyline,fanduel,450,-550,,,
2026-09-03T19:28:50,2026-09-05,NCAAF,Tulsa Golden Hurricane,Oklahoma State Cowboys,spread,fanduel,-110,-110,,,
2026-09-03T19:28:50,2026-09-05,NCAAF,Tulsa Golden Hurricane,Oklahoma State Cowboys,total,fanduel,,,-105,-115,59.5
2026-09-03T19:28:50,2026-09-05,NCAAF,Tulsa Golden Hurricane,Oklahoma State Cowboys,spread,betmgm,-110,-108,,,
2026-09-03T19:28:50,2026-09-05,NCAAF,Tulsa Golden Hurricane,Oklahoma State Cowboys,total,betmgm,,,-115,-102,58.5
2026-09-03T19:28:50,2026-09-05,NCAAF,Iowa Hawkeyes,Northern Illinois Huskies,moneyline,draftkings,-100000,5000,,,
2026-09-03T19:28:50,2026-09-05,NCAAF,Iowa Hawkeyes,Northern Illinois Huskies,spread,draftkings,-105,-115,,,
2026-09-03T19:28:50,2026-09-05,NCAAF,Iowa Hawkeyes,Northern Illinois Huskies,total,draftkings,,,-110,-110,44.5
2026-08-20T00:02:12,2026-09-05,NCAAF,Iowa Hawkeyes,Northern Illinois Huskies,moneyline,fanduel,-30000,4000,,,
2026-09-03T19:28:50,2026-09-05,NCAAF,Iowa Hawkeyes,Northern Illinois Huskies,spread,fanduel,-110,-110,,,
2026-09-03T19:28:50,2026-09-05,NCAAF,Iowa Hawkeyes,Northern Illinois Huskies,total,fanduel,,,-115,-105,44.5
2026-09-03T19:28:50,2026-09-05,NCAAF,Iowa Hawkeyes,Northern Illinois Huskies,spread,betmgm,-108,-110,,,
2026-09-03T19:28:50,2026-09-05,NCAAF,Iowa Hawkeyes,Northern Illinois Huskies,total,betmgm,,,-108,-110,44.5
2026-09-03T19:28:50,2026-09-05,NCAAF,Southern Mississippi Golden Eagles,Alcorn State Braves,moneyline,fanduel,-1400,800,,,
2026-09-03T19:28:50,2026-09-05,NCAAF,Southern Mississippi Golden Eagles,Alcorn State Braves,spread,fanduel,-110,-110,,,
2026-09-03T19:28:50,2026-09-05,NCAAF,Southern Mississippi Golden Eagles,Alcorn State Braves,total,fanduel,,,-110,-110,51.5
2026-09-03T19:28:50,2026-09-05,NCAAF,Colorado State Rams,Wyoming Cowboys,moneyline,draftkings,-162,136,,,
2026-09-03T19:28:50,2026-09-05,NCAAF,Colorado State Rams,Wyoming Cowboys,spread,draftkings,-112,-108,,,
2026-09-03T19:28:50,2026-09-05,NCAAF,Colorado State Rams,Wyoming Cowboys,total,draftkings,,,-110,-110,46.5
2026-09-03T19:28:50,2026-09-05,NCAAF,Colorado State Rams,Wyoming Cowboys,moneyline,fanduel,-176,146,,,
2026-09-03T19:28:50,2026-09-05,NCAAF,Colorado State Rams,Wyoming Cowboys,spread,fanduel,-102,-120,,,
2026-09-03T19:28:50,2026-09-05,NCAAF,Colorado State Rams,Wyoming Cowboys,total,fanduel,,,-104,-118,46.5
2026-09-03T19:28:50,2026-09-05,NCAAF,Colorado State Rams,Wyoming Cowboys,spread,betmgm,-115,-105,,,
2026-09-03T19:28:50,2026-09-05,NCAAF,Colorado State Rams,Wyoming Cowboys,total,betmgm,,,-108,-110,46.5
2026-09-03T19:28:50,2026-09-05,NCAAF,Old Dominion Monarchs,Norfolk State Spartans,spread,fanduel,-110,-110,,,
2026-09-03T19:28:50,2026-09-05,NCAAF,Old Dominion Monarchs,Norfolk State Spartans,total,fanduel,,,-115,-105,52.5
2026-09-03T19:28:50,2026-09-05,NCAAF,Texas Tech Red Raiders,Abilene Christian Wildcats,spread,fanduel,-115,-105,,,
2026-09-03T19:28:50,2026-09-05,NCAAF,Texas Tech Red Raiders,Abilene Christian Wildcats,total,fanduel,,,-115,-105,58.5
2026-09-03T19:28:50,2026-09-05,NCAAF,Memphis Tigers,Arkansas State Red Wolves,moneyline,draftkings,-455,350,,,
2026-09-03T19:28:50,2026-09-05,NCAAF,Memphis Tigers,Arkansas State Red Wolves,spread,draftkings,-110,-110,,,
2026-09-03T19:28:50,2026-09-05,NCAAF,Memphis Tigers,Arkansas State Red Wolves,total,draftkings,,,-108,-112,52.5
2026-09-03T19:28:50,2026-09-05,NCAAF,Memphis Tigers,Arkansas State Red Wolves,moneyline,fanduel,-480,360,,,
2026-09-03T19:28:50,2026-09-05,NCAAF,Memphis Tigers,Arkansas State Red Wolves,spread,fanduel,-110,-110,,,
2026-09-03T19:28:50,2026-09-05,NCAAF,Memphis Tigers,Arkansas State Red Wolves,total,fanduel,,,-112,-108,52.5
2026-09-03T19:28:50,2026-09-05,NCAAF,Memphis Tigers,Arkansas State Red Wolves,spread,betmgm,-110,-108,,,
2026-09-03T19:28:50,2026-09-05,NCAAF,Memphis Tigers,Arkansas State Red Wolves,total,betmgm,,,-108,-110,52.5
2026-09-03T19:28:50,2026-09-05,NCAAF,Vanderbilt Commodores,Austin Peay Governors,moneyline,fanduel,-10000,2400,,,
2026-09-03T19:28:50,2026-09-05,NCAAF,Vanderbilt Commodores,Austin Peay Governors,spread,fanduel,-105,-115,,,
2026-09-03T19:28:50,2026-09-05,NCAAF,Vanderbilt Commodores,Austin Peay Governors,total,fanduel,,,-105,-115,60.5
2026-09-03T19:28:50,2026-09-05,NCAAF,Georgia Southern Eagles,Charleston Southern Buccaneers,moneyline,fanduel,-7000,2000,,,
2026-09-03T19:28:50,2026-09-05,NCAAF,Georgia Southern Eagles,Charleston Southern Buccaneers,spread,fanduel,-108,-112,,,
2026-09-03T19:28:50,2026-09-05,NCAAF,Georgia Southern Eagles,Charleston Southern Buccaneers,total,fanduel,,,-110,-110,51.5
2026-09-03T19:28:50,2026-09-05,NCAAF,Jacksonville State Gamecocks,Eastern Kentucky Colonels,moneyline,fanduel,-1800,920,,,
2026-09-03T19:28:50,2026-09-05,NCAAF,Jacksonville State Gamecocks,Eastern Kentucky Colonels,spread,fanduel,-112,-108,,,
2026-09-03T19:28:50,2026-09-05,NCAAF,Jacksonville State Gamecocks,Eastern Kentucky Colonels,total,fanduel,,,-110,-110,54.5
2026-09-03T19:28:50,2026-09-05,NCAAF,South Florida Bulls,Florida International Panthers,moneyline,draftkings,-675,490,,,
2026-09-03T19:28:50,2026-09-05,NCAAF,South Florida Bulls,Florida International Panthers,spread,draftkings,-110,-110,,,
2026-09-03T19:28:50,2026-09-05,NCAAF,South Florida Bulls,Florida International Panthers,total,draftkings,,,-115,-105,51.5
2026-09-03T19:28:50,2026-09-05,NCAAF,South Florida Bulls,Florida International Panthers,moneyline,fanduel,-710,480,,,
2026-09-03T19:28:50,2026-09-05,NCAAF,South Florida Bulls,Florida International Panthers,spread,fanduel,-112,-108,,,
2026-09-03T19:28:50,2026-09-05,NCAAF,South Florida Bulls,Florida International Panthers,total,fanduel,,,-112,-108,51.5
2026-09-03T19:28:50,2026-09-05,NCAAF,South Florida Bulls,Florida International Panthers,spread,betmgm,-108,-110,,,
2026-09-03T19:28:50,2026-09-05,NCAAF,South Florida Bulls,Florida International Panthers,total,betmgm,,,-115,-105,51.5
2026-09-03T19:28:50,2026-09-05,NCAAF,Rice Owls,Houston Baptist Huskies,moneyline,fanduel,-4000,1400,,,
2026-09-03T19:28:50,2026-09-05,NCAAF,Rice Owls,Houston Baptist Huskies,spread,fanduel,-110,-110,,,
2026-09-03T19:28:50,2026-09-05,NCAAF,Rice Owls,Houston Baptist Huskies,total,fanduel,,,-115,-105,47.5
2026-09-03T19:28:50,2026-09-05,NCAAF,Utah State Aggies,Idaho State Bengals,moneyline,fanduel,-670,470,,,
2026-09-03T19:28:50,2026-09-05,NCAAF,Utah State Aggies,Idaho State Bengals,spread,fanduel,-104,-118,,,
2026-09-03T19:28:50,2026-09-05,NCAAF,Utah State Aggies,Idaho State Bengals,total,fanduel,,,-110,-110,61.5
2026-09-03T19:28:50,2026-09-05,NCAAF,Kansas State Wildcats,Nicholls State Colonels,spread,fanduel,-110,-110,,,
2026-09-03T19:28:50,2026-09-05,NCAAF,Kansas State Wildcats,Nicholls State Colonels,total,fanduel,,,-110,-110,54.5
2026-09-03T19:28:50,2026-09-05,NCAAF,Michigan Wolverines,Western Michigan Broncos,moneyline,draftkings,-6500,2000,,,
2026-09-03T19:28:50,2026-09-05,NCAAF,Michigan Wolverines,Western Michigan Broncos,spread,draftkings,-112,-108,,,
2026-09-03T19:28:50,2026-09-05,NCAAF,Michigan Wolverines,Western Michigan Broncos,total,draftkings,,,-112,-108,49.5
2026-09-03T19:28:50,2026-09-05,NCAAF,Michigan Wolverines,Western Michigan Broncos,moneyline,fanduel,-7000,2000,,,
2026-09-03T19:28:50,2026-09-05,NCAAF,Michigan Wolverines,Western Michigan Broncos,spread,fanduel,-115,-105,,,
2026-09-03T19:28:50,2026-09-05,NCAAF,Michigan Wolverines,Western Michigan Broncos,total,fanduel,,,-110,-110,49.5
2026-09-03T19:28:50,2026-09-05,NCAAF,Michigan Wolverines,Western Michigan Broncos,spread,betmgm,-110,-108,,,
2026-09-03T19:28:50,2026-09-05,NCAAF,Michigan Wolverines,Western Michigan Broncos,total,betmgm,,,-108,-110,49.5
2026-09-03T19:28:50,2026-09-05,NCAAF,Middle Tennessee Blue Raiders,Murray State Racers,moneyline,fanduel,-1800,920,,,
2026-09-03T19:28:50,2026-09-05,NCAAF,Middle Tennessee Blue Raiders,Murray State Racers,spread,fanduel,-118,-104,,,
2026-09-03T19:28:50,2026-09-05,NCAAF,Middle Tennessee Blue Raiders,Murray State Racers,total,fanduel,,,-108,-112,58.5
2026-09-03T19:28:50,2026-09-05,NCAAF,Texas A&M Aggies,Missouri State Bears,spread,draftkings,-110,-110,,,
2026-09-03T19:28:50,2026-09-05,NCAAF,Texas A&M Aggies,Missouri State Bears,total,draftkings,,,-112,-108,53.5
2026-09-03T19:28:50,2026-09-05,NCAAF,Texas A&M Aggies,Missouri State Bears,spread,fanduel,-110,-110,,,
2026-09-03T19:28:50,2026-09-05,NCAAF,Texas A&M Aggies,Missouri State Bears,total,fanduel,,,-110,-110,53.5
2026-09-03T19:28:50,2026-09-05,NCAAF,Texas A&M Aggies,Missouri State Bears,spread,betmgm,-108,-110,,,
2026-09-03T19:28:50,2026-09-05,NCAAF,Texas A&M Aggies,Missouri State Bears,total,betmgm,,,-112,-105,53.5
2026-09-03T19:28:50,2026-09-05,NCAAF,Troy Trojans,Sam Houston State Bearkats,moneyline,draftkings,-850,575,,,
2026-09-03T19:28:50,2026-09-05,NCAAF,Troy Trojans,Sam Houston State Bearkats,spread,draftkings,-118,-102,,,
2026-09-03T19:28:50,2026-09-05,NCAAF,Troy Trojans,Sam Houston State Bearkats,total,draftkings,,,-105,-115,54.5
2026-09-03T19:28:50,2026-09-05,NCAAF,Troy Trojans,Sam Houston State Bearkats,moneyline,fanduel,-880,580,,,
2026-09-03T19:28:50,2026-09-05,NCAAF,Troy Trojans,Sam Houston State Bearkats,spread,fanduel,-115,-105,,,
2026-09-03T19:28:50,2026-09-05,NCAAF,Troy Trojans,Sam Houston State Bearkats,total,fanduel,,,-110,-110,53.5
2026-09-03T19:28:50,2026-09-05,NCAAF,Troy Trojans,Sam Houston State Bearkats,spread,betmgm,-112,-105,,,
2026-09-03T19:28:50,2026-09-05,NCAAF,Troy Trojans,Sam Houston State Bearkats,total,betmgm,,,-110,-108,53.5
2026-09-03T19:28:50,2026-09-05,NCAAF,South Alabama Jaguars,Southeastern Louisiana Lions,moneyline,fanduel,-670,470,,,
2026-09-03T19:28:50,2026-09-05,NCAAF,South Alabama Jaguars,Southeastern Louisiana Lions,spread,fanduel,-115,-105,,,
2026-09-03T19:28:50,2026-09-05,NCAAF,South Alabama Jaguars,Southeastern Louisiana Lions,total,fanduel,,,-115,-105,52.5
2026-09-03T19:28:50,2026-09-05,NCAAF,LSU Tigers,Clemson Tigers,moneyline,fanduel,-390,310,,,
2026-09-03T19:28:50,2026-09-05,NCAAF,LSU Tigers,Clemson Tigers,spread,fanduel,-102,-120,,,
2026-09-03T19:28:50,2026-09-05,NCAAF,LSU Tigers,Clemson Tigers,total,fanduel,,,-115,-105,50.5
2026-09-03T19:28:50,2026-09-05,NCAAF,LSU Tigers,Clemson Tigers,moneyline,draftkings,-375,295,,,
2026-09-03T19:28:50,2026-09-05,NCAAF,LSU Tigers,Clemson Tigers,spread,draftkings,-110,-110,,,
2026-09-03T19:28:50,2026-09-05,NCAAF,LSU Tigers,Clemson Tigers,total,draftkings,,,-112,-108,50.5
2026-09-03T19:28:50,2026-09-05,NCAAF,LSU Tigers,Clemson Tigers,spread,betmgm,-110,-108,,,
2026-09-03T19:28:50,2026-09-05,NCAAF,LSU Tigers,Clemson Tigers,total,betmgm,,,-110,-108,50.5
2026-09-03T19:28:50,2026-09-05,NCAAF,Louisiana Tech Bulldogs,Northwestern State Demons,spread,fanduel,-110,-110,,,
2026-09-03T19:28:50,2026-09-05,NCAAF,Louisiana Tech Bulldogs,Northwestern State Demons,total,fanduel,,,-110,-110,55.5
2026-09-03T19:28:50,2026-09-05,NCAAF,Mississippi State Bulldogs,UL Monroe Warhawks,moneyline,draftkings,-4000,1600,,,
2026-09-03T19:28:50,2026-09-05,NCAAF,Mississippi State Bulldogs,UL Monroe Warhawks,spread,draftkings,-105,-115,,,
2026-09-03T19:28:50,2026-09-05,NCAAF,Mississippi State Bulldogs,UL Monroe Warhawks,total,draftkings,,,-112,-108,54.5
2026-09-03T19:28:50,2026-09-05,NCAAF,Mississippi State Bulldogs,UL Monroe Warhawks,moneyline,fanduel,-8000,2200,,,
2026-09-03T19:28:50,2026-09-05,NCAAF,Mississippi State Bulldogs,UL Monroe Warhawks,spread,fanduel,-110,-110,,,
2026-09-03T19:28:50,2026-09-05,NCAAF,Mississippi State Bulldogs,UL Monroe Warhawks,total,fanduel,,,-110,-110,54.5
2026-09-03T19:28:50,2026-09-05,NCAAF,Mississippi State Bulldogs,UL Monroe Warhawks,spread,betmgm,-105,-112,,,
2026-09-03T19:28:50,2026-09-05,NCAAF,Mississippi State Bulldogs,UL Monroe Warhawks,total,betmgm,,,-110,-108,54.5
2026-09-03T19:28:50,2026-09-05,NCAAF,Virginia Tech Hokies,VMI Keydets,spread,fanduel,-110,-110,,,
2026-09-03T19:28:50,2026-09-05,NCAAF,Virginia Tech Hokies,VMI Keydets,total,fanduel,,,-112,-108,62.5
2026-09-03T19:28:50,2026-09-05,NCAAF,Florida Gators,Florida Atlantic Owls,moneyline,draftkings,-2800,1300,,,
2026-09-03T19:28:50,2026-09-05,NCAAF,Florida Gators,Florida Atlantic Owls,spread,draftkings,-112,-108,,,
2026-09-03T19:28:50,2026-09-05,NCAAF,Florida Gators,Florida Atlantic Owls,total,draftkings,,,-108,-112,59.5
2026-09-03T19:28:50,2026-09-05,NCAAF,Florida Gators,Florida Atlantic Owls,moneyline,fanduel,-4500,1600,,,
2026-09-03T19:28:50,2026-09-05,NCAAF,Florida Gators,Florida Atlantic Owls,spread,fanduel,-115,-105,,,
2026-09-03T19:28:50,2026-09-05,NCAAF,Florida Gators,Florida Atlantic Owls,total,fanduel,,,-106,-114,59.5
2026-09-03T19:28:50,2026-09-05,NCAAF,Florida Gators,Florida Atlantic Owls,spread,betmgm,-108,-110,,,
2026-09-03T19:28:50,2026-09-05,NCAAF,Florida Gators,Florida Atlantic Owls,total,betmgm,,,-108,-110,59.5
2026-09-03T19:28:50,2026-09-06,NCAAF,BYU Cougars,Utah Tech Trailblazers,spread,fanduel,-110,-110,,,
2026-09-03T19:28:50,2026-09-06,NCAAF,BYU Cougars,Utah Tech Trailblazers,total,fanduel,,,-105,-115,61.5
2026-09-03T19:28:50,2026-09-06,NCAAF,Louisiana Ragin Cajuns,Lamar Cardinals,moneyline,fanduel,-1700,890,,,
2026-09-03T19:28:50,2026-09-06,NCAAF,Louisiana Ragin Cajuns,Lamar Cardinals,spread,fanduel,-112,-108,,,
2026-09-03T19:28:50,2026-09-06,NCAAF,Louisiana Ragin Cajuns,Lamar Cardinals,total,fanduel,,,-108,-112,49.5
2026-09-03T19:28:50,2026-09-06,NCAAF,Northwestern Wildcats,South Dakota State Jackrabbits,moneyline,fanduel,-550,400,,,
2026-09-03T19:28:50,2026-09-06,NCAAF,Northwestern Wildcats,South Dakota State Jackrabbits,spread,fanduel,-112,-108,,,
2026-09-03T19:28:50,2026-09-06,NCAAF,Northwestern Wildcats,South Dakota State Jackrabbits,total,fanduel,,,-114,-106,46.5
2026-09-03T19:28:50,2026-09-06,NCAAF,Hawaii Rainbow Warriors,UNLV Rebels,moneyline,draftkings,130,-155,,,
2026-09-03T19:28:50,2026-09-06,NCAAF,Hawaii Rainbow Warriors,UNLV Rebels,spread,draftkings,-105,-115,,,
2026-09-03T19:28:50,2026-09-06,NCAAF,Hawaii Rainbow Warriors,UNLV Rebels,total,draftkings,,,-112,-108,55.5
2026-09-03T19:28:50,2026-09-06,NCAAF,Hawaii Rainbow Warriors,UNLV Rebels,moneyline,fanduel,125,-150,,,
2026-09-03T19:28:50,2026-09-06,NCAAF,Hawaii Rainbow Warriors,UNLV Rebels,spread,fanduel,-122,100,,,
2026-09-03T19:28:50,2026-09-06,NCAAF,Hawaii Rainbow Warriors,UNLV Rebels,total,fanduel,,,-106,-114,56.5
2026-09-03T19:28:50,2026-09-06,NCAAF,Hawaii Rainbow Warriors,UNLV Rebels,spread,betmgm,-108,-112,,,
2026-09-03T19:28:50,2026-09-06,NCAAF,Hawaii Rainbow Warriors,UNLV Rebels,total,betmgm,,,-108,-110,55.5
2026-09-03T19:28:50,2026-09-06,NCAAF,New Mexico State Aggies,Mercyhurst Lakers,moneyline,fanduel,-10000,2400,,,
2026-09-03T19:28:50,2026-09-06,NCAAF,New Mexico State Aggies,Mercyhurst Lakers,spread,fanduel,-112,-108,,,
2026-09-03T19:28:50,2026-09-06,NCAAF,New Mexico State Aggies,Mercyhurst Lakers,total,fanduel,,,-110,-110,51.5
2026-09-01T02:05:04,2026-09-06,NCAAF,Arizona Wildcats,Northern Arizona Lumberjacks,moneyline,fanduel,-50000,3500,,,
2026-09-03T19:28:50,2026-09-06,NCAAF,Arizona Wildcats,Northern Arizona Lumberjacks,spread,fanduel,-110,-110,,,
2026-09-03T19:28:50,2026-09-06,NCAAF,Arizona Wildcats,Northern Arizona Lumberjacks,total,fanduel,,,-110,-110,57.5
2026-09-03T19:28:50,2026-09-06,NCAAF,San Diego State Aztecs,Portland State Vikings,spread,fanduel,-110,-110,,,
2026-09-03T19:28:50,2026-09-06,NCAAF,San Diego State Aztecs,Portland State Vikings,total,fanduel,,,-105,-115,62.5
2026-09-03T19:28:50,2026-09-06,NCAAF,Arizona State Sun Devils,Morgan State Bears,spread,fanduel,-115,-105,,,
2026-09-03T19:28:50,2026-09-06,NCAAF,Arizona State Sun Devils,Morgan State Bears,total,fanduel,,,-108,-112,52.5
2026-09-03T19:28:50,2026-09-06,NCAAF,New Mexico Lobos,Central Michigan Chippewas,moneyline,draftkings,-455,350,,,
2026-09-03T19:28:50,2026-09-06,NCAAF,New Mexico Lobos,Central Michigan Chippewas,spread,draftkings,-112,-108,,,
2026-09-03T19:28:50,2026-09-06,NCAAF,New Mexico Lobos,Central Michigan Chippewas,total,draftkings,,,-110,-110,46.5
2026-09-03T19:28:50,2026-09-06,NCAAF,New Mexico Lobos,Central Michigan Chippewas,moneyline,fanduel,-465,350,,,
2026-09-03T19:28:50,2026-09-06,NCAAF,New Mexico Lobos,Central Michigan Chippewas,spread,fanduel,-115,-105,,,
2026-09-03T19:28:50,2026-09-06,NCAAF,New Mexico Lobos,Central Michigan Chippewas,total,fanduel,,,-110,-110,46.5
2026-09-03T19:28:50,2026-09-06,NCAAF,New Mexico Lobos,Central Michigan Chippewas,spread,betmgm,-108,-110,,,
2026-09-03T19:28:50,2026-09-06,NCAAF,New Mexico Lobos,Central Michigan Chippewas,total,betmgm,,,-108,-110,46.5
2026-09-03T19:28:50,2026-09-06,NCAAF,Sacramento State Hornets,Mississippi Valley State Delta Devils,spread,fanduel,-110,-110,,,
2026-09-03T19:28:50,2026-09-06,NCAAF,Sacramento State Hornets,Mississippi Valley State Delta Devils,total,fanduel,,,-115,-105,56.5
2026-09-03T19:28:50,2026-09-06,NCAAF,California Golden Bears,UCLA Bruins,moneyline,fanduel,108,-126,,,
2026-09-03T19:28:50,2026-09-06,NCAAF,California Golden Bears,UCLA Bruins,spread,fanduel,-105,-115,,,
2026-09-03T19:28:50,2026-09-06,NCAAF,California Golden Bears,UCLA Bruins,total,fanduel,,,-110,-110,53.5
2026-09-03T19:28:50,2026-09-06,NCAAF,California Golden Bears,UCLA Bruins,moneyline,draftkings,102,-122,,,
2026-09-03T19:28:50,2026-09-06,NCAAF,California Golden Bears,UCLA Bruins,spread,draftkings,-105,-115,,,
2026-09-03T19:28:50,2026-09-06,NCAAF,California Golden Bears,UCLA Bruins,total,draftkings,,,-112,-108,53.5
2026-09-03T19:28:50,2026-09-06,NCAAF,California Golden Bears,UCLA Bruins,spread,betmgm,-110,-108,,,
2026-09-03T19:28:50,2026-09-06,NCAAF,California Golden Bears,UCLA Bruins,total,betmgm,,,-110,-108,53.5
2026-09-03T19:28:50,2026-09-06,NCAAF,Nevada Wolf Pack,Western Kentucky Hilltoppers,moneyline,draftkings,-105,-115,,,
2026-09-03T19:28:50,2026-09-06,NCAAF,Nevada Wolf Pack,Western Kentucky Hilltoppers,spread,draftkings,-112,-108,,,
2026-09-03T19:28:50,2026-09-06,NCAAF,Nevada Wolf Pack,Western Kentucky Hilltoppers,total,draftkings,,,-110,-110,52.5
2026-09-03T19:28:50,2026-09-06,NCAAF,Nevada Wolf Pack,Western Kentucky Hilltoppers,moneyline,fanduel,-102,-118,,,
2026-09-03T19:28:50,2026-09-06,NCAAF,Nevada Wolf Pack,Western Kentucky Hilltoppers,spread,fanduel,-112,-108,,,
2026-09-03T19:28:50,2026-09-06,NCAAF,Nevada Wolf Pack,Western Kentucky Hilltoppers,total,fanduel,,,-110,-110,52.5
2026-09-03T19:28:50,2026-09-06,NCAAF,Nevada Wolf Pack,Western Kentucky Hilltoppers,spread,betmgm,-108,-110,,,
2026-09-03T19:28:50,2026-09-06,NCAAF,Nevada Wolf Pack,Western Kentucky Hilltoppers,total,betmgm,,,-105,-112,52.5
2026-09-03T19:28:50,2026-09-06,NCAAF,Washington Huskies,Washington State Cougars,moneyline,draftkings,-2100,1100,,,
2026-09-03T19:28:50,2026-09-06,NCAAF,Washington Huskies,Washington State Cougars,spread,draftkings,-108,-112,,,
2026-09-03T19:28:50,2026-09-06,NCAAF,Washington Huskies,Washington State Cougars,total,draftkings,,,-105,-115,51.5
2026-09-03T19:28:50,2026-09-06,NCAAF,Washington Huskies,Washington State Cougars,moneyline,fanduel,-2800,1160,,,
2026-09-03T19:28:50,2026-09-06,NCAAF,Washington Huskies,Washington State Cougars,spread,fanduel,-110,-110,,,
2026-09-03T19:28:50,2026-09-06,NCAAF,Washington Huskies,Washington State Cougars,total,fanduel,,,-118,-104,50.5
2026-09-03T19:28:50,2026-09-06,NCAAF,Washington Huskies,Washington State Cougars,spread,betmgm,-112,-105,,,
2026-09-03T19:28:50,2026-09-06,NCAAF,Washington Huskies,Washington State Cougars,total,betmgm,,,-112,-105,50.5
2026-09-03T19:28:50,2026-09-06,NCAAF,Ole Miss Rebels,Louisville Cardinals,moneyline,draftkings,-270,220,,,
2026-09-03T19:28:50,2026-09-06,NCAAF,Ole Miss Rebels,Louisville Cardinals,spread,draftkings,-118,-102,,,
2026-09-03T19:28:50,2026-09-06,NCAAF,Ole Miss Rebels,Louisville Cardinals,total,draftkings,,,-105,-115,55.5
2026-09-03T19:28:50,2026-09-06,NCAAF,Ole Miss Rebels,Louisville Cardinals,moneyline,fanduel,-265,215,,,
2026-09-03T19:28:50,2026-09-06,NCAAF,Ole Miss Rebels,Louisville Cardinals,spread,fanduel,-122,100,,,
2026-09-03T19:28:50,2026-09-06,NCAAF,Ole Miss Rebels,Louisville Cardinals,total,fanduel,,,-115,-105,54.5
2026-09-03T19:28:50,2026-09-06,NCAAF,Notre Dame Fighting Irish,Wisconsin Badgers,moneyline,fanduel,-1800,920,,,
2026-09-03T19:28:50,2026-09-06,NCAAF,Notre Dame Fighting Irish,Wisconsin Badgers,spread,fanduel,-106,-114,,,
2026-09-03T19:28:50,2026-09-06,NCAAF,Notre Dame Fighting Irish,Wisconsin Badgers,total,fanduel,,,-110,-110,46.5
2026-09-03T19:28:50,2026-09-06,NCAAF,Notre Dame Fighting Irish,Wisconsin Badgers,moneyline,draftkings,-1650,950,,,
2026-09-03T19:28:50,2026-09-06,NCAAF,Notre Dame Fighting Irish,Wisconsin Badgers,spread,draftkings,-115,-105,,,
2026-09-03T19:28:50,2026-09-06,NCAAF,Notre Dame Fighting Irish,Wisconsin Badgers,total,draftkings,,,-112,-108,46.5
2026-09-03T19:28:50,2026-09-07,NCAAF,Florida State Seminoles,SMU Mustangs,moneyline,draftkings,124,-148,,,
2026-09-03T19:28:50,2026-09-07,NCAAF,Florida State Seminoles,SMU Mustangs,spread,draftkings,-115,-105,,,
2026-09-03T19:28:50,2026-09-07,NCAAF,Florida State Seminoles,SMU Mustangs,total,draftkings,,,-110,-110,53.5
2026-09-03T19:28:50,2026-09-07,NCAAF,Florida State Seminoles,SMU Mustangs,moneyline,fanduel,125,-150,,,
2026-09-03T19:28:50,2026-09-07,NCAAF,Florida State Seminoles,SMU Mustangs,spread,fanduel,100,-122,,,
2026-09-03T19:28:50,2026-09-07,NCAAF,Florida State Seminoles,SMU Mustangs,total,fanduel,,,-105,-115,53.5
2026-09-03T19:28:50,2026-09-12,NCAAF,Kansas Jayhawks,Missouri Tigers,moneyline,fanduel,205,-255,,,
2026-09-03T19:28:50,2026-09-12,NCAAF,Kansas Jayhawks,Missouri Tigers,spread,fanduel,-105,-115,,,
2026-09-03T19:28:50,2026-09-12,NCAAF,Kansas Jayhawks,Missouri Tigers,total,fanduel,,,-110,-110,50.5
2026-09-03T19:28:50,2026-09-12,NCAAF,Kansas Jayhawks,Missouri Tigers,moneyline,draftkings,185,-225,,,
2026-09-03T19:28:50,2026-09-12,NCAAF,Kansas Jayhawks,Missouri Tigers,spread,draftkings,-105,-115,,,
2026-09-03T19:28:50,2026-09-12,NCAAF,Kansas Jayhawks,Missouri Tigers,total,draftkings,,,-108,-112,53.5
2026-09-03T19:28:50,2026-09-12,NCAAF,Texas A&M Aggies,Arizona State Sun Devils,moneyline,draftkings,-575,425,,,
2026-09-03T19:28:50,2026-09-12,NCAAF,Texas A&M Aggies,Arizona State Sun Devils,spread,draftkings,-110,-110,,,
2026-09-03T19:28:50,2026-09-12,NCAAF,Texas A&M Aggies,Arizona State Sun Devils,total,draftkings,,,-108,-112,51.5
2026-09-03T19:28:50,2026-09-12,NCAAF,Michigan Wolverines,Oklahoma Sooners,moneyline,fanduel,-115,-104,,,
2026-09-03T19:28:50,2026-09-12,NCAAF,Michigan Wolverines,Oklahoma Sooners,spread,fanduel,-106,-114,,,
2026-09-03T19:28:50,2026-09-12,NCAAF,Michigan Wolverines,Oklahoma Sooners,total,fanduel,,,-115,-105,44.5
2026-09-03T19:28:50,2026-09-12,NCAAF,Michigan Wolverines,Oklahoma Sooners,moneyline,draftkings,-102,-118,,,
2026-09-03T19:28:50,2026-09-12,NCAAF,Michigan Wolverines,Oklahoma Sooners,spread,draftkings,-112,-108,,,
2026-09-03T19:28:50,2026-09-12,NCAAF,Michigan Wolverines,Oklahoma Sooners,total,draftkings,,,-105,-115,46.5
2026-09-03T19:28:50,2026-09-12,NCAAF,Oklahoma State Cowboys,Oregon Ducks,moneyline,fanduel,640,-1000,,,
2026-09-03T19:28:50,2026-09-12,NCAAF,Oklahoma State Cowboys,Oregon Ducks,spread,fanduel,-110,-110,,,
2026-09-03T19:28:50,2026-09-12,NCAAF,Oklahoma State Cowboys,Oregon Ducks,total,fanduel,,,-110,-110,60.5
2026-09-03T19:28:50,2026-09-12,NCAAF,Oklahoma State Cowboys,Oregon Ducks,moneyline,draftkings,750,-1200,,,
2026-09-03T19:28:50,2026-09-12,NCAAF,Oklahoma State Cowboys,Oregon Ducks,spread,draftkings,-105,-115,,,
2026-09-03T19:28:50,2026-09-12,NCAAF,Oklahoma State Cowboys,Oregon Ducks,total,draftkings,,,-108,-112,60.5
2026-09-03T19:28:50,2026-09-12,NCAAF,Iowa Hawkeyes,Iowa State Cyclones,moneyline,fanduel,-630,450,,,
2026-09-03T19:28:50,2026-09-12,NCAAF,Iowa Hawkeyes,Iowa State Cyclones,spread,fanduel,-110,-110,,,
2026-09-03T19:28:50,2026-09-12,NCAAF,Iowa Hawkeyes,Iowa State Cyclones,total,fanduel,,,-106,-114,42.5
2026-09-03T19:28:50,2026-09-12,NCAAF,Iowa Hawkeyes,Iowa State Cyclones,moneyline,draftkings,-625,455,,,
2026-09-03T19:28:50,2026-09-12,NCAAF,Iowa Hawkeyes,Iowa State Cyclones,spread,draftkings,-110,-110,,,
2026-09-03T19:28:50,2026-09-12,NCAAF,Iowa Hawkeyes,Iowa State Cyclones,total,draftkings,,,-112,-108,41.5
2026-09-03T19:28:50,2026-09-12,NCAAF,Texas Longhorns,Ohio State Buckeyes,moneyline,fanduel,-115,-104,,,
2026-09-03T19:28:50,2026-09-12,NCAAF,Texas Longhorns,Ohio State Buckeyes,spread,fanduel,-106,-114,,,
2026-09-03T19:28:50,2026-09-12,NCAAF,Texas Longhorns,Ohio State Buckeyes,total,fanduel,,,-115,-105,47.5
2026-09-03T19:28:50,2026-09-12,NCAAF,Texas Longhorns,Ohio State Buckeyes,moneyline,draftkings,-118,-102,,,
2026-09-03T19:28:50,2026-09-12,NCAAF,Texas Longhorns,Ohio State Buckeyes,spread,draftkings,-108,-112,,,
2026-09-03T19:28:50,2026-09-12,NCAAF,Texas Longhorns,Ohio State Buckeyes,total,draftkings,,,-110,-110,47.5
2026-08-10T00:38:29,2026-09-13,NCAAF,Utah Utes,Arkansas Razorbacks,moneyline,draftkings,-375,295,,,
2026-08-10T00:38:29,2026-09-13,NCAAF,Utah Utes,Arkansas Razorbacks,spread,draftkings,-108,-112,,,
2026-08-10T00:38:29,2026-09-13,NCAAF,Utah Utes,Arkansas Razorbacks,total,draftkings,,,-108,-112,54.5
2026-08-10T00:38:29,2026-09-13,NCAAF,Utah Utes,Arkansas Razorbacks,moneyline,fanduel,-320,255,,,
2026-08-10T00:38:29,2026-09-13,NCAAF,Utah Utes,Arkansas Razorbacks,spread,fanduel,-115,-105,,,
2026-08-10T00:38:29,2026-09-13,NCAAF,Utah Utes,Arkansas Razorbacks,total,fanduel,,,-110,-110,55.5
2026-09-03T19:28:50,2026-09-19,NCAAF,Arkansas Razorbacks,Georgia Bulldogs,moneyline,fanduel,580,-880,,,
2026-09-03T19:28:50,2026-09-19,NCAAF,Arkansas Razorbacks,Georgia Bulldogs,spread,fanduel,-110,-110,,,
2026-09-03T19:28:50,2026-09-19,NCAAF,Arkansas Razorbacks,Georgia Bulldogs,total,fanduel,,,-110,-110,55.5
2026-08-10T00:38:29,2026-09-19,NCAAF,Alabama Crimson Tide,Florida State Seminoles,moneyline,draftkings,-650,470,,,
2026-08-10T00:38:29,2026-09-19,NCAAF,Alabama Crimson Tide,Florida State Seminoles,spread,draftkings,-110,-110,,,
2026-08-10T00:38:29,2026-09-19,NCAAF,Alabama Crimson Tide,Florida State Seminoles,total,draftkings,,,-110,-110,52.5
2026-09-03T19:28:50,2026-09-19,NCAAF,Louisville Cardinals,SMU Mustangs,moneyline,draftkings,-115,-105,,,
2026-09-03T19:28:50,2026-09-19,NCAAF,Louisville Cardinals,SMU Mustangs,spread,draftkings,-105,-115,,,
2026-09-03T19:28:50,2026-09-19,NCAAF,Louisville Cardinals,SMU Mustangs,total,draftkings,,,-108,-112,56.5
2026-09-03T19:28:50,2026-09-19,NCAAF,Auburn Tigers,Florida Gators,moneyline,draftkings,-108,-112,,,
2026-09-03T19:28:50,2026-09-19,NCAAF,Auburn Tigers,Florida Gators,spread,draftkings,-115,-105,,,
2026-09-03T19:28:50,2026-09-19,NCAAF,Auburn Tigers,Florida Gators,total,draftkings,,,-108,-112,53.5
2026-09-03T19:28:50,2026-09-19,NCAAF,Ole Miss Rebels,LSU Tigers,moneyline,fanduel,-130,108,,,
2026-09-03T19:28:50,2026-09-19,NCAAF,Ole Miss Rebels,LSU Tigers,spread,fanduel,-110,-110,,,
2026-09-03T19:28:50,2026-09-19,NCAAF,Ole Miss Rebels,LSU Tigers,total,fanduel,,,-110,-110,57.5
2026-09-03T19:28:50,2026-09-19,NCAAF,Ole Miss Rebels,LSU Tigers,moneyline,draftkings,-130,110,,,
2026-09-03T19:28:50,2026-09-19,NCAAF,Ole Miss Rebels,LSU Tigers,spread,draftkings,-118,-102,,,
2026-09-03T19:28:50,2026-09-19,NCAAF,Ole Miss Rebels,LSU Tigers,total,draftkings,,,-110,-110,57.5
2026-09-03T19:28:50,2026-09-20,NCAAF,Texas Tech Red Raiders,Houston Cougars,moneyline,draftkings,-600,440,,,
2026-09-03T19:28:50,2026-09-20,NCAAF,Texas Tech Red Raiders,Houston Cougars,spread,draftkings,-105,-115,,,
2026-09-03T19:28:50,2026-09-20,NCAAF,Texas Tech Red Raiders,Houston Cougars,total,draftkings,,,-112,-108,54.5
2026-09-03T19:28:50,2026-09-26,NCAAF,Georgia Bulldogs,Oklahoma Sooners,moneyline,draftkings,-395,310,,,
2026-09-03T19:28:50,2026-09-26,NCAAF,Georgia Bulldogs,Oklahoma Sooners,spread,draftkings,-110,-110,,,
2026-09-03T19:28:50,2026-09-26,NCAAF,Georgia Bulldogs,Oklahoma Sooners,total,draftkings,,,-105,-115,52.5
2026-09-03T19:28:50,2026-09-26,NCAAF,LSU Tigers,Texas A&M Aggies,moneyline,draftkings,-155,130,,,
2026-09-03T19:28:50,2026-09-26,NCAAF,LSU Tigers,Texas A&M Aggies,spread,draftkings,-110,-110,,,
2026-09-03T19:28:50,2026-09-26,NCAAF,LSU Tigers,Texas A&M Aggies,total,draftkings,,,-112,-108,56.5
2026-08-10T00:38:29,2026-09-26,NCAAF,USC Trojans,Oregon Ducks,moneyline,draftkings,195,-238,,,
2026-08-10T00:38:29,2026-09-26,NCAAF,USC Trojans,Oregon Ducks,spread,draftkings,-110,-110,,,
2026-08-10T00:38:29,2026-09-26,NCAAF,USC Trojans,Oregon Ducks,total,draftkings,,,-108,-112,58.5
2026-09-03T19:28:50,2026-09-26,NCAAF,Tennessee Volunteers,Texas Longhorns,moneyline,draftkings,220,-270,,,
2026-09-03T19:28:50,2026-09-26,NCAAF,Tennessee Volunteers,Texas Longhorns,spread,draftkings,-108,-112,,,
2026-09-03T19:28:50,2026-09-26,NCAAF,Tennessee Volunteers,Texas Longhorns,total,draftkings,,,-110,-110,56.5
2026-09-03T19:28:50,2026-10-03,NCAAF,Clemson Tigers,Miami Hurricanes,moneyline,draftkings,260,-325,,,
2026-09-03T19:28:50,2026-10-03,NCAAF,Clemson Tigers,Miami Hurricanes,spread,draftkings,-102,-118,,,
2026-09-03T19:28:50,2026-10-03,NCAAF,Clemson Tigers,Miami Hurricanes,total,draftkings,,,-108,-112,55.5
2026-08-10T00:38:29,2026-10-03,NCAAF,North Carolina Tar Heels,Notre Dame Fighting Irish,moneyline,draftkings,1200,-2400,,,
2026-08-10T00:38:29,2026-10-03,NCAAF,North Carolina Tar Heels,Notre Dame Fighting Irish,spread,draftkings,-110,-110,,,
2026-08-10T00:38:29,2026-10-03,NCAAF,North Carolina Tar Heels,Notre Dame Fighting Irish,total,draftkings,,,-112,-108,55.5
2026-08-10T00:38:29,2026-10-10,NCAAF,Alabama Crimson Tide,Georgia Bulldogs,moneyline,fanduel,122,-146,,,
2026-08-10T00:38:29,2026-10-10,NCAAF,Alabama Crimson Tide,Georgia Bulldogs,spread,fanduel,100,-122,,,
2026-08-10T00:38:29,2026-10-10,NCAAF,Alabama Crimson Tide,Georgia Bulldogs,total,fanduel,,,-108,-112,49.5
2026-08-10T00:38:29,2026-10-10,NCAAF,Alabama Crimson Tide,Georgia Bulldogs,moneyline,draftkings,120,-142,,,
2026-08-10T00:38:29,2026-10-10,NCAAF,Alabama Crimson Tide,Georgia Bulldogs,spread,draftkings,-112,-108,,,
2026-08-10T00:38:29,2026-10-10,NCAAF,Alabama Crimson Tide,Georgia Bulldogs,total,draftkings,,,-102,-118,51.5
2026-08-10T00:38:29,2026-10-10,NCAAF,Texas Longhorns,Oklahoma Sooners,moneyline,fanduel,-230,188,,,
2026-08-10T00:38:29,2026-10-10,NCAAF,Texas Longhorns,Oklahoma Sooners,spread,fanduel,-110,-110,,,
2026-08-10T00:38:29,2026-10-10,NCAAF,Texas Longhorns,Oklahoma Sooners,total,fanduel,,,-115,-105,47.5
2026-08-10T00:38:29,2026-10-10,NCAAF,Texas Longhorns,Oklahoma Sooners,moneyline,draftkings,-205,170,,,
2026-08-10T00:38:29,2026-10-10,NCAAF,Texas Longhorns,Oklahoma Sooners,spread,draftkings,-112,-108,,,
2026-08-10T00:38:29,2026-10-10,NCAAF,Texas Longhorns,Oklahoma Sooners,total,draftkings,,,-112,-108,48.5
2026-08-10T00:38:29,2026-10-10,NCAAF,Penn State Nittany Lions,USC Trojans,moneyline,draftkings,-122,102,,,
2026-08-10T00:38:29,2026-10-10,NCAAF,Penn State Nittany Lions,USC Trojans,spread,draftkings,-112,-108,,,
2026-08-10T00:38:29,2026-10-10,NCAAF,Penn State Nittany Lions,USC Trojans,total,draftkings,,,-112,-108,56.5
2026-09-03T19:28:50,2026-10-17,NCAAF,Tennessee Volunteers,Alabama Crimson Tide,moneyline,draftkings,100,-120,,,
2026-09-03T19:28:50,2026-10-17,NCAAF,Tennessee Volunteers,Alabama Crimson Tide,spread,draftkings,-110,-110,,,
2026-09-03T19:28:50,2026-10-17,NCAAF,Tennessee Volunteers,Alabama Crimson Tide,total,draftkings,,,-108,-112,56.5
2026-09-03T19:28:50,2026-10-17,NCAAF,Georgia Bulldogs,Auburn Tigers,moneyline,draftkings,-1200,750,,,
2026-09-03T19:28:50,2026-10-17,NCAAF,Georgia Bulldogs,Auburn Tigers,spread,draftkings,-112,-108,,,
2026-09-03T19:28:50,2026-10-17,NCAAF,Georgia Bulldogs,Auburn Tigers,total,draftkings,,,-115,-105,54.5
2026-09-03T19:28:50,2026-10-17,NCAAF,BYU Cougars,Notre Dame Fighting Irish,moneyline,draftkings,340,-440,,,
2026-09-03T19:28:50,2026-10-17,NCAAF,BYU Cougars,Notre Dame Fighting Irish,spread,draftkings,-110,-110,,,
2026-09-03T19:28:50,2026-10-17,NCAAF,BYU Cougars,Notre Dame Fighting Irish,total,draftkings,,,-108,-112,54.5
2026-09-03T19:28:50,2026-10-17,NCAAF,Indiana Hoosiers,Ohio State Buckeyes,moneyline,fanduel,-102,-118,,,
2026-09-03T19:28:50,2026-10-17,NCAAF,Indiana Hoosiers,Ohio State Buckeyes,spread,fanduel,-110,-110,,,
2026-09-03T19:28:50,2026-10-17,NCAAF,Indiana Hoosiers,Ohio State Buckeyes,total,fanduel,,,-115,-105,48.5
2026-09-03T19:28:50,2026-11-08,NCAAF,Notre Dame Fighting Irish,Miami Hurricanes,moneyline,fanduel,-230,188,,,
2026-09-03T19:28:50,2026-11-08,NCAAF,Notre Dame Fighting Irish,Miami Hurricanes,spread,fanduel,-106,-114,,,
2026-09-03T19:28:50,2026-11-08,NCAAF,Notre Dame Fighting Irish,Miami Hurricanes,total,fanduel,,,-115,-105,55.5
2026-09-03T19:28:50,2026-11-28,NCAAF,Ohio State Buckeyes,Michigan Wolverines,moneyline,fanduel,-530,390,,,
2026-09-03T19:28:50,2026-11-28,NCAAF,Ohio State Buckeyes,Michigan Wolverines,spread,fanduel,-120,-102,,,
2026-09-03T19:28:50,2026-11-28,NCAAF,Ohio State Buckeyes,Michigan Wolverines,total,fanduel,,,-110,-110,45.5
2026-08-02T17:45:56,2026-08-02,MLB,San Diego Padres,San Francisco Giants,moneyline,draftkings,-130,108,,,
2026-08-02T17:45:56,2026-08-02,MLB,San Diego Padres,San Francisco Giants,spread,draftkings,160,-195,,,
2026-08-02T17:45:56,2026-08-02,MLB,San Diego Padres,San Francisco Giants,total,draftkings,,,-112,-107,8.0
2026-08-02T17:45:56,2026-08-02,MLB,San Diego Padres,San Francisco Giants,moneyline,betmgm,-135,110,,,
2026-08-02T17:45:56,2026-08-02,MLB,San Diego Padres,San Francisco Giants,spread,betmgm,165,-200,,,
2026-08-02T17:45:56,2026-08-02,MLB,San Diego Padres,San Francisco Giants,total,betmgm,,,-115,-105,8.0
2026-08-02T17:45:56,2026-08-02,MLB,Atlanta Braves,Washington Nationals,moneyline,fanduel,-145,130,,,
2026-08-02T17:45:56,2026-08-02,MLB,Atlanta Braves,Washington Nationals,spread,fanduel,148,-200,,,
2026-08-02T17:45:56,2026-08-02,MLB,Atlanta Braves,Washington Nationals,total,fanduel,,,-125,-106,7.5
2026-08-02T17:45:56,2026-08-02,MLB,Atlanta Braves,Washington Nationals,moneyline,betmgm,-155,125,,,
2026-08-02T17:45:56,2026-08-02,MLB,Atlanta Braves,Washington Nationals,spread,betmgm,145,-190,,,
2026-08-02T17:45:56,2026-08-02,MLB,Atlanta Braves,Washington Nationals,total,betmgm,,,-135,105,7.5
2026-08-02T17:45:56,2026-08-02,MLB,Baltimore Orioles,Philadelphia Phillies,moneyline,fanduel,120,-135,,,
2026-08-02T17:45:56,2026-08-02,MLB,Baltimore Orioles,Philadelphia Phillies,spread,fanduel,-172,128,,,
2026-08-02T17:45:56,2026-08-02,MLB,Baltimore Orioles,Philadelphia Phillies,total,fanduel,,,114,-152,7.5
2026-08-02T17:45:56,2026-08-02,MLB,Baltimore Orioles,Philadelphia Phillies,moneyline,draftkings,113,-147,,,
2026-08-02T17:45:56,2026-08-02,MLB,Baltimore Orioles,Philadelphia Phillies,spread,draftkings,-172,131,,,
2026-08-02T17:45:56,2026-08-02,MLB,Baltimore Orioles,Philadelphia Phillies,total,draftkings,,,100,-130,7.5
2026-08-02T17:45:56,2026-08-02,MLB,Baltimore Orioles,Philadelphia Phillies,moneyline,betmgm,115,-145,,,
2026-08-02T17:45:56,2026-08-02,MLB,Baltimore Orioles,Philadelphia Phillies,spread,betmgm,-165,130,,,
2026-08-02T17:45:56,2026-08-02,MLB,Baltimore Orioles,Philadelphia Phillies,total,betmgm,,,105,-135,7.5
2026-08-02T17:45:56,2026-08-02,MLB,Toronto Blue Jays,St. Louis Cardinals,moneyline,fanduel,-165,145,,,
2026-08-02T17:45:56,2026-08-02,MLB,Toronto Blue Jays,St. Louis Cardinals,spread,fanduel,128,-172,,,
2026-08-02T17:45:56,2026-08-02,MLB,Toronto Blue Jays,St. Louis Cardinals,total,fanduel,,,-132,100,7.5
2026-08-02T17:45:56,2026-08-02,MLB,Toronto Blue Jays,St. Louis Cardinals,moneyline,draftkings,-156,119,,,
2026-08-02T17:45:56,2026-08-02,MLB,Toronto Blue Jays,St. Louis Cardinals,spread,draftkings,129,-169,,,
2026-08-02T17:45:56,2026-08-02,MLB,Toronto Blue Jays,St. Louis Cardinals,total,draftkings,,,-126,-103,7.5
2026-08-02T17:45:56,2026-08-02,MLB,Toronto Blue Jays,St. Louis Cardinals,moneyline,betmgm,-180,140,,,
2026-08-02T17:45:56,2026-08-02,MLB,Toronto Blue Jays,St. Louis Cardinals,spread,betmgm,120,-155,,,
2026-08-02T01:17:46,2026-08-02,MLB,Toronto Blue Jays,St. Louis Cardinals,total,betmgm,,,-110,-110,9.0
2026-08-02T17:45:56,2026-08-02,MLB,Cleveland Guardians,Arizona Diamondbacks,moneyline,fanduel,-210,185,,,
2026-08-02T17:45:56,2026-08-02,MLB,Cleveland Guardians,Arizona Diamondbacks,spread,fanduel,100,-132,,,
2026-08-02T17:45:56,2026-08-02,MLB,Cleveland Guardians,Arizona Diamondbacks,total,fanduel,,,-108,-122,7.5
2026-08-02T17:45:56,2026-08-02,MLB,Cleveland Guardians,Arizona Diamondbacks,moneyline,draftkings,-245,182,,,
2026-08-02T17:45:56,2026-08-02,MLB,Cleveland Guardians,Arizona Diamondbacks,spread,draftkings,-106,-122,,,
2026-08-02T17:45:56,2026-08-02,MLB,Cleveland Guardians,Arizona Diamondbacks,total,draftkings,,,-112,-116,7.5
2026-08-02T17:45:56,2026-08-02,MLB,Cleveland Guardians,Arizona Diamondbacks,moneyline,betmgm,-190,155,,,
2026-08-02T17:45:56,2026-08-02,MLB,Cleveland Guardians,Arizona Diamondbacks,spread,betmgm,115,-140,,,
2026-08-02T17:45:56,2026-08-02,MLB,Cleveland Guardians,Arizona Diamondbacks,total,betmgm,,,100,-120,8.0
2026-08-02T17:45:56,2026-08-02,MLB,Tampa Bay Rays,Chicago White Sox,moneyline,fanduel,-140,125,,,
2026-08-02T17:45:56,2026-08-02,MLB,Tampa Bay Rays,Chicago White Sox,spread,fanduel,146,-198,,,
2026-08-02T17:45:56,2026-08-02,MLB,Tampa Bay Rays,Chicago White Sox,total,fanduel,,,-112,-118,7.5
2026-08-02T17:45:56,2026-08-02,MLB,Tampa Bay Rays,Chicago White Sox,moneyline,draftkings,-187,142,,,
2026-08-02T17:45:56,2026-08-02,MLB,Tampa Bay Rays,Chicago White Sox,spread,draftkings,124,-162,,,
2026-08-02T17:45:56,2026-08-02,MLB,Tampa Bay Rays,Chicago White Sox,total,draftkings,,,101,-131,7.5
2026-08-02T17:45:56,2026-08-02,MLB,Tampa Bay Rays,Chicago White Sox,moneyline,betmgm,-150,120,,,
2026-08-02T17:45:56,2026-08-02,MLB,Tampa Bay Rays,Chicago White Sox,spread,betmgm,145,-190,,,
2026-08-02T17:45:56,2026-08-02,MLB,Tampa Bay Rays,Chicago White Sox,total,betmgm,,,-110,-118,7.5
2026-08-02T17:45:56,2026-08-02,MLB,Cincinnati Reds,Pittsburgh Pirates,moneyline,fanduel,-110,-105,,,
2026-08-02T17:45:56,2026-08-02,MLB,Cincinnati Reds,Pittsburgh Pirates,spread,fanduel,164,-225,,,
2026-08-02T17:45:56,2026-08-02,MLB,Cincinnati Reds,Pittsburgh Pirates,total,fanduel,,,-108,-122,9.5
2026-08-02T17:45:56,2026-08-02,MLB,Cincinnati Reds,Pittsburgh Pirates,moneyline,draftkings,-137,105,,,
2026-08-02T17:45:56,2026-08-02,MLB,Cincinnati Reds,Pittsburgh Pirates,spread,draftkings,143,-188,,,
2026-08-02T17:45:56,2026-08-02,MLB,Cincinnati Reds,Pittsburgh Pirates,total,draftkings,,,-123,-106,8.5
2026-08-02T17:45:56,2026-08-02,MLB,Cincinnati Reds,Pittsburgh Pirates,moneyline,betmgm,-110,-115,,,
2026-08-02T17:45:56,2026-08-02,MLB,Cincinnati Reds,Pittsburgh Pirates,spread,betmgm,-185,140,,,
2026-08-02T17:45:56,2026-08-02,MLB,Cincinnati Reds,Pittsburgh Pirates,total,betmgm,,,105,-135,9.5
2026-08-02T17:45:56,2026-08-02,MLB,New York Mets,Miami Marlins,moneyline,fanduel,-115,100,,,
2026-08-02T17:45:56,2026-08-02,MLB,New York Mets,Miami Marlins,spread,fanduel,178,-245,,,
2026-08-02T17:45:56,2026-08-02,MLB,New York Mets,Miami Marlins,total,fanduel,,,-132,100,7.5
2026-08-02T17:45:56,2026-08-02,MLB,New York Mets,Miami Marlins,moneyline,draftkings,-122,-106,,,
2026-08-02T17:45:56,2026-08-02,MLB,New York Mets,Miami Marlins,spread,draftkings,159,-212,,,
2026-08-02T17:45:56,2026-08-02,MLB,New York Mets,Miami Marlins,total,draftkings,,,101,-131,8.5
2026-08-02T17:45:56,2026-08-02,MLB,New York Mets,Miami Marlins,moneyline,betmgm,-120,-102,,,
2026-08-02T17:45:56,2026-08-02,MLB,New York Mets,Miami Marlins,spread,betmgm,170,-220,,,
2026-08-02T17:45:56,2026-08-02,MLB,New York Mets,Miami Marlins,total,betmgm,,,105,-135,8.5
2026-08-02T17:45:56,2026-08-02,MLB,Houston Astros,Texas Rangers,moneyline,fanduel,-128,120,,,
2026-08-02T17:45:56,2026-08-02,MLB,Houston Astros,Texas Rangers,spread,fanduel,152,-184,,,
2026-08-02T17:45:56,2026-08-02,MLB,Houston Astros,Texas Rangers,total,fanduel,,,-118,-104,8.5
2026-08-02T17:45:56,2026-08-02,MLB,Houston Astros,Texas Rangers,moneyline,draftkings,-142,118,,,
2026-08-02T17:45:56,2026-08-02,MLB,Houston Astros,Texas Rangers,spread,draftkings,149,-181,,,
2026-08-02T17:45:56,2026-08-02,MLB,Houston Astros,Texas Rangers,total,draftkings,,,-112,-107,8.5
2026-08-02T17:45:56,2026-08-02,MLB,Houston Astros,Texas Rangers,moneyline,betmgm,-145,118,,,
2026-08-02T17:45:56,2026-08-02,MLB,Houston Astros,Texas Rangers,spread,betmgm,150,-185,,,
2026-08-02T17:45:56,2026-08-02,MLB,Houston Astros,Texas Rangers,total,betmgm,,,-115,-105,8.5
2026-08-02T17:45:56,2026-08-02,MLB,Chicago Cubs,New York Yankees,moneyline,fanduel,106,-116,,,
2026-08-02T17:45:56,2026-08-02,MLB,Chicago Cubs,New York Yankees,spread,fanduel,-182,150,,,
2026-08-02T17:45:56,2026-08-02,MLB,Chicago Cubs,New York Yankees,total,fanduel,,,-124,102,6.5
2026-08-02T17:45:56,2026-08-02,MLB,Chicago Cubs,New York Yankees,moneyline,draftkings,-101,-120,,,
2026-08-02T17:45:56,2026-08-02,MLB,Chicago Cubs,New York Yankees,spread,draftkings,-179,148,,,
2026-08-02T17:45:56,2026-08-02,MLB,Chicago Cubs,New York Yankees,total,draftkings,,,-120,100,6.5
2026-08-02T17:45:56,2026-08-02,MLB,Chicago Cubs,New York Yankees,moneyline,betmgm,-102,-118,,,
2026-08-02T17:45:56,2026-08-02,MLB,Chicago Cubs,New York Yankees,spread,betmgm,-180,145,,,
2026-08-02T17:45:56,2026-08-02,MLB,Chicago Cubs,New York Yankees,total,betmgm,,,-120,100,6.5
2026-08-02T17:45:56,2026-08-02,MLB,Seattle Mariners,Minnesota Twins,moneyline,fanduel,-134,124,,,
2026-08-02T17:45:56,2026-08-02,MLB,Seattle Mariners,Minnesota Twins,spread,fanduel,158,-192,,,
2026-08-02T17:45:56,2026-08-02,MLB,Seattle Mariners,Minnesota Twins,total,fanduel,,,102,-124,7.5
2026-08-02T17:45:56,2026-08-02,MLB,Seattle Mariners,Minnesota Twins,moneyline,draftkings,-147,122,,,
2026-08-02T17:45:56,2026-08-02,MLB,Seattle Mariners,Minnesota Twins,spread,draftkings,151,-183,,,
2026-08-02T17:45:56,2026-08-02,MLB,Seattle Mariners,Minnesota Twins,total,draftkings,,,-118,-102,7.0
2026-08-02T17:45:56,2026-08-02,MLB,Seattle Mariners,Minnesota Twins,moneyline,betmgm,-140,115,,,
2026-08-02T17:45:56,2026-08-02,MLB,Seattle Mariners,Minnesota Twins,total,betmgm,,,-120,100,7.0
2026-08-02T17:45:56,2026-08-02,MLB,Atlanta Braves,Washington Nationals,moneyline,draftkings,-160,122,,,
2026-08-02T17:45:56,2026-08-02,MLB,Atlanta Braves,Washington Nationals,spread,draftkings,133,-174,,,
2026-08-02T17:45:56,2026-08-02,MLB,Atlanta Braves,Washington Nationals,total,draftkings,,,-128,-102,7.5
2026-08-04T01:09:56,2026-08-03,MLB,Philadelphia Phillies,Washington Nationals,moneyline,fanduel,-6000,3600,,,
2026-08-03T18:29:03,2026-08-03,MLB,Philadelphia Phillies,Washington Nationals,spread,fanduel,128,-154,,,
2026-08-04T01:09:56,2026-08-03,MLB,Philadelphia Phillies,Washington Nationals,total,fanduel,,,240,-350,9.5
2026-08-03T18:29:03,2026-08-03,MLB,Philadelphia Phillies,Washington Nationals,moneyline,draftkings,-158,131,,,
2026-08-04T01:09:56,2026-08-03,MLB,Philadelphia Phillies,Washington Nationals,spread,draftkings,-630,394,,,
2026-08-04T01:09:56,2026-08-03,MLB,Philadelphia Phillies,Washington Nationals,total,draftkings,,,216,-297,9.5
2026-08-04T01:09:56,2026-08-03,MLB,New York Yankees,St. Louis Cardinals,moneyline,fanduel,390,-480,,,
2026-08-04T01:09:56,2026-08-03,MLB,New York Yankees,St. Louis Cardinals,spread,fanduel,100,-132,,,
2026-08-04T01:09:56,2026-08-03,MLB,New York Yankees,St. Louis Cardinals,total,fanduel,,,-132,100,12.5
2026-08-04T01:09:56,2026-08-03,MLB,New York Yankees,St. Louis Cardinals,moneyline,betmgm,360,-525,,,
2026-08-04T01:09:56,2026-08-03,MLB,New York Yankees,St. Louis Cardinals,spread,betmgm,-120,-105,,,
2026-08-04T01:09:56,2026-08-03,MLB,New York Yankees,St. Louis Cardinals,total,betmgm,,,-145,110,12.5
2026-08-04T01:09:56,2026-08-03,MLB,New York Yankees,St. Louis Cardinals,moneyline,draftkings,306,-450,,,
2026-08-04T01:09:56,2026-08-03,MLB,New York Yankees,St. Louis Cardinals,spread,draftkings,-106,-122,,,
2026-08-04T01:09:56,2026-08-03,MLB,New York Yankees,St. Louis Cardinals,total,draftkings,,,-153,117,12.5
2026-08-04T01:09:56,2026-08-03,MLB,Milwaukee Brewers,Pittsburgh Pirates,moneyline,fanduel,440,-550,,,
2026-08-04T01:09:56,2026-08-03,MLB,Milwaukee Brewers,Pittsburgh Pirates,spread,fanduel,102,-136,,,
2026-08-04T01:09:56,2026-08-03,MLB,Milwaukee Brewers,Pittsburgh Pirates,total,fanduel,,,-110,-120,8.5
2026-08-04T01:09:56,2026-08-03,MLB,Milwaukee Brewers,Pittsburgh Pirates,moneyline,betmgm,425,-625,,,
2026-08-04T01:09:56,2026-08-03,MLB,Milwaukee Brewers,Pittsburgh Pirates,spread,betmgm,-102,-125,,,
2026-08-04T01:09:56,2026-08-03,MLB,Milwaukee Brewers,Pittsburgh Pirates,total,betmgm,,,-110,-118,8.5
2026-08-04T01:09:56,2026-08-03,MLB,Milwaukee Brewers,Pittsburgh Pirates,moneyline,draftkings,352,-528,,,
2026-08-04T01:09:56,2026-08-03,MLB,Milwaukee Brewers,Pittsburgh Pirates,spread,draftkings,-104,-125,,,
2026-08-04T01:09:56,2026-08-03,MLB,Milwaukee Brewers,Pittsburgh Pirates,total,draftkings,,,-112,-116,8.5
2026-08-04T01:09:56,2026-08-04,MLB,Chicago Cubs,Los Angeles Dodgers,moneyline,fanduel,-260,230,,,
2026-08-04T01:09:56,2026-08-04,MLB,Chicago Cubs,Los Angeles Dodgers,spread,fanduel,-125,-106,,,
2026-08-04T01:09:56,2026-08-04,MLB,Chicago Cubs,Los Angeles Dodgers,total,fanduel,,,-132,100,14.5
2026-08-04T01:09:56,2026-08-04,MLB,Chicago Cubs,Los Angeles Dodgers,moneyline,draftkings,-325,234,,,
2026-08-04T01:09:56,2026-08-04,MLB,Chicago Cubs,Los Angeles Dodgers,spread,draftkings,-137,105,,,
2026-08-04T01:09:56,2026-08-04,MLB,Chicago Cubs,Los Angeles Dodgers,total,draftkings,,,-124,-105,14.5
2026-08-04T01:09:56,2026-08-04,MLB,Chicago Cubs,Los Angeles Dodgers,moneyline,betmgm,-325,250,,,
2026-08-04T01:09:56,2026-08-04,MLB,Chicago Cubs,Los Angeles Dodgers,spread,betmgm,-135,105,,,
2026-08-04T01:09:56,2026-08-04,MLB,Chicago Cubs,Los Angeles Dodgers,total,betmgm,,,-140,110,14.5
2026-08-04T01:09:56,2026-08-04,MLB,Texas Rangers,San Francisco Giants,moneyline,fanduel,360,-430,,,
2026-08-04T01:09:56,2026-08-04,MLB,Texas Rangers,San Francisco Giants,spread,fanduel,-104,-128,,,
2026-08-04T01:09:56,2026-08-04,MLB,Texas Rangers,San Francisco Giants,total,fanduel,,,-122,-108,7.5
2026-08-04T01:09:56,2026-08-04,MLB,Texas Rangers,San Francisco Giants,moneyline,draftkings,325,-484,,,
2026-08-04T01:09:56,2026-08-04,MLB,Texas Rangers,San Francisco Giants,spread,draftkings,100,-129,,,
2026-08-04T01:09:56,2026-08-04,MLB,Texas Rangers,San Francisco Giants,total,draftkings,,,-125,-104,7.5
2026-08-04T01:09:56,2026-08-04,MLB,Texas Rangers,San Francisco Giants,moneyline,betmgm,340,-475,,,
2026-08-04T01:09:56,2026-08-04,MLB,Texas Rangers,San Francisco Giants,spread,betmgm,-110,-115,,,
2026-08-04T01:09:56,2026-08-04,MLB,Texas Rangers,San Francisco Giants,total,betmgm,,,-125,-102,7.5
2026-08-04T01:09:56,2026-08-04,MLB,Houston Astros,Toronto Blue Jays,moneyline,draftkings,214,-294,,,
2026-08-04T01:09:56,2026-08-04,MLB,Houston Astros,Toronto Blue Jays,spread,draftkings,-145,111,,,
2026-08-04T01:09:56,2026-08-04,MLB,Houston Astros,Toronto Blue Jays,total,draftkings,,,-117,-111,8.5
2026-08-04T01:09:56,2026-08-04,MLB,Houston Astros,Toronto Blue Jays,moneyline,betmgm,230,-300,,,
2026-08-04T01:09:56,2026-08-04,MLB,Houston Astros,Toronto Blue Jays,spread,betmgm,115,-150,,,
2026-08-04T01:09:56,2026-08-04,MLB,Houston Astros,Toronto Blue Jays,total,betmgm,,,-110,-115,8.5
2026-08-04T01:09:56,2026-08-04,MLB,Houston Astros,Toronto Blue Jays,moneyline,fanduel,280,-330,,,
2026-08-04T01:09:56,2026-08-04,MLB,Houston Astros,Toronto Blue Jays,spread,fanduel,-118,-112,,,
2026-08-04T01:09:56,2026-08-04,MLB,Houston Astros,Toronto Blue Jays,total,fanduel,,,-125,-106,8.5
2026-08-04T01:09:56,2026-08-04,MLB,Colorado Rockies,Tampa Bay Rays,moneyline,fanduel,1200,-1450,,,
2026-08-04T01:09:56,2026-08-04,MLB,Colorado Rockies,Tampa Bay Rays,spread,fanduel,-120,-110,,,
2026-08-04T01:09:56,2026-08-04,MLB,Colorado Rockies,Tampa Bay Rays,total,fanduel,,,-108,-122,15.5
2026-08-04T01:09:56,2026-08-04,MLB,Colorado Rockies,Tampa Bay Rays,moneyline,betmgm,775,-1600,,,
2026-08-04T01:09:56,2026-08-04,MLB,Colorado Rockies,Tampa Bay Rays,spread,betmgm,-110,-115,,,
2026-08-04T01:09:56,2026-08-04,MLB,Colorado Rockies,Tampa Bay Rays,total,betmgm,,,-135,105,14.5
2026-08-04T01:09:56,2026-08-04,MLB,Colorado Rockies,Tampa Bay Rays,moneyline,draftkings,740,-1740,,,
2026-08-04T01:09:56,2026-08-04,MLB,Colorado Rockies,Tampa Bay Rays,spread,draftkings,-135,104,,,
2026-08-04T01:09:56,2026-08-04,MLB,Colorado Rockies,Tampa Bay Rays,total,draftkings,,,-131,101,14.5
2026-08-04T01:09:56,2026-08-04,MLB,Arizona Diamondbacks,San Diego Padres,moneyline,fanduel,-110,100,,,
2026-08-04T01:09:56,2026-08-04,MLB,Arizona Diamondbacks,San Diego Padres,spread,fanduel,-192,158,,,
2026-08-04T01:09:56,2026-08-04,MLB,Arizona Diamondbacks,San Diego Padres,total,fanduel,,,-102,-120,9.0
2026-08-04T01:09:56,2026-08-04,MLB,Arizona Diamondbacks,San Diego Padres,moneyline,draftkings,-110,-110,,,
2026-08-04T01:09:56,2026-08-04,MLB,Arizona Diamondbacks,San Diego Padres,spread,draftkings,-180,148,,,
2026-08-04T01:09:56,2026-08-04,MLB,Arizona Diamondbacks,San Diego Padres,total,draftkings,,,-116,-104,8.5
2026-08-04T01:09:56,2026-08-04,MLB,Arizona Diamondbacks,San Diego Padres,moneyline,betmgm,-110,-110,,,
2026-08-04T01:09:56,2026-08-04,MLB,Arizona Diamondbacks,San Diego Padres,spread,betmgm,-190,154,,,
2026-08-04T01:09:56,2026-08-04,MLB,Arizona Diamondbacks,San Diego Padres,total,betmgm,,,-115,-105,8.5
2026-08-20T00:02:12,2026-08-29,NCAAF,TCU Horned Frogs,North Carolina Tar Heels,moneyline,betmgm,-325,260,,,
2026-08-20T00:02:12,2026-08-29,NCAAF,Virginia Cavaliers,NC State Wolfpack,moneyline,betmgm,-210,170,,,
2026-08-20T00:02:12,2026-08-29,NCAAF,North Dakota State Bison,Jacksonville State Gamecocks,moneyline,betmgm,-275,220,,,
2026-08-20T00:02:12,2026-08-29,NCAAF,Eastern Michigan Eagles,Sacramento State Hornets,moneyline,betmgm,-325,260,,,
2026-08-20T00:02:12,2026-08-29,NCAAF,Florida State Seminoles,New Mexico State Aggies,moneyline,betmgm,-10000,1800,,,
2026-08-20T00:02:12,2026-08-29,NCAAF,Stanford Cardinal,Hawaii Rainbow Warriors,moneyline,betmgm,-235,190,,,
2026-08-20T00:02:12,2026-08-30,NCAAF,UNLV Rebels,Memphis Tigers,moneyline,betmgm,-235,190,,,
2026-09-03T19:28:50,2026-09-03,NCAAF,Wake Forest Demon Deacons,Akron Zips,moneyline,betmgm,-3000,1700,,,
2026-09-03T19:28:50,2026-09-04,NCAAF,Georgia Tech Yellow Jackets,Colorado Buffaloes,moneyline,betmgm,-235,195,,,
2026-09-03T19:28:50,2026-09-04,NCAAF,Illinois Fighting Illini,UAB Blazers,moneyline,betmgm,-5000,1900,,,
2026-09-03T19:28:50,2026-09-04,NCAAF,Eastern Michigan Eagles,San Jose State Spartans,moneyline,betmgm,-150,125,,,
2026-09-03T19:28:50,2026-09-05,NCAAF,Michigan State Spartans,Toledo Rockets,moneyline,betmgm,-425,320,,,
2026-09-03T19:28:50,2026-09-05,NCAAF,USC Trojans,Fresno State Bulldogs,moneyline,betmgm,-2000,1200,,,
2026-09-03T19:28:50,2026-09-05,NCAAF,Stanford Cardinal,Miami Hurricanes,moneyline,betmgm,1500,-3000,,,
2026-09-03T19:28:50,2026-09-05,NCAAF,West Virginia Mountaineers,Coastal Carolina Chanticleers,moneyline,betmgm,-1600,1000,,,
2026-09-03T19:28:50,2026-09-05,NCAAF,Houston Cougars,Oregon State Beavers,moneyline,betmgm,-1400,950,,,
2026-09-03T19:28:50,2026-09-05,NCAAF,James Madison Dukes,Liberty Flames,moneyline,betmgm,-225,188,,,
2026-09-03T19:28:50,2026-09-05,NCAAF,Pittsburgh Panthers,Miami (OH) RedHawks,moneyline,betmgm,-750,575,,,
2026-09-03T19:28:50,2026-09-05,NCAAF,Nebraska Cornhuskers,Ohio Bobcats,moneyline,betmgm,-2500,1400,,,
2026-09-03T19:28:50,2026-09-05,NCAAF,Auburn Tigers,Baylor Bears,moneyline,betmgm,-295,240,,,
2026-09-03T19:28:50,2026-09-05,NCAAF,Oregon Ducks,Boise State Broncos,moneyline,betmgm,-2500,1400,,,
2026-09-03T19:28:50,2026-09-05,NCAAF,Cincinnati Bearcats,Boston College Eagles,moneyline,betmgm,-295,240,,,
2026-09-03T19:28:50,2026-09-05,NCAAF,Duke Blue Devils,Tulane Green Wave,moneyline,betmgm,-300,240,,,
2026-09-03T19:28:50,2026-09-05,NCAAF,Penn State Nittany Lions,Marshall Thundering Herd,moneyline,betmgm,-2500,1400,,,
2026-09-03T19:28:50,2026-09-05,NCAAF,Tulsa Golden Hurricane,Oklahoma State Cowboys,moneyline,betmgm,425,-550,,,
2026-09-03T19:28:50,2026-09-05,NCAAF,Colorado State Rams,Wyoming Cowboys,moneyline,betmgm,-165,135,,,
2026-09-03T19:28:50,2026-09-05,NCAAF,Memphis Tigers,Arkansas State Red Wolves,moneyline,betmgm,-450,350,,,
2026-09-03T19:28:50,2026-09-05,NCAAF,South Florida Bulls,Florida International Panthers,moneyline,betmgm,-650,500,,,
2026-09-03T19:28:50,2026-09-05,NCAAF,Michigan Wolverines,Western Michigan Broncos,moneyline,betmgm,-5000,2000,,,
2026-09-03T19:28:50,2026-09-05,NCAAF,Troy Trojans,Sam Houston State Bearkats,moneyline,betmgm,-800,600,,,
2026-09-03T19:28:50,2026-09-05,NCAAF,LSU Tigers,Clemson Tigers,moneyline,betmgm,-375,310,,,
2026-09-03T19:28:50,2026-09-05,NCAAF,Florida Gators,Florida Atlantic Owls,moneyline,betmgm,-5000,1800,,,
2026-09-03T19:28:50,2026-09-06,NCAAF,Hawaii Rainbow Warriors,UNLV Rebels,moneyline,betmgm,130,-160,,,
2026-09-03T19:28:50,2026-09-06,NCAAF,New Mexico Lobos,Central Michigan Chippewas,moneyline,betmgm,-450,350,,,
2026-09-03T19:28:50,2026-09-06,NCAAF,California Golden Bears,UCLA Bruins,moneyline,betmgm,105,-125,,,
2026-09-03T19:28:50,2026-09-06,NCAAF,Nevada Wolf Pack,Western Kentucky Hilltoppers,moneyline,betmgm,-105,-115,,,
2026-09-03T19:28:50,2026-09-06,NCAAF,Washington Huskies,Washington State Cougars,moneyline,betmgm,-3000,1300,,,
2026-09-03T19:28:50,2026-09-06,NCAAF,Ole Miss Rebels,Louisville Cardinals,moneyline,betmgm,-275,220,,,
2026-09-03T19:28:50,2026-09-06,NCAAF,Ole Miss Rebels,Louisville Cardinals,spread,betmgm,-105,-115,,,
2026-09-03T19:28:50,2026-09-06,NCAAF,Ole Miss Rebels,Louisville Cardinals,total,betmgm,,,-110,-108,55.5
2026-08-04T01:09:56,2026-08-03,MLB,Philadelphia Phillies,Washington Nationals,moneyline,betmgm,-10000,3300,,,
2026-08-04T01:09:56,2026-08-03,MLB,Philadelphia Phillies,Washington Nationals,spread,betmgm,-500,340,,,
2026-08-04T01:09:56,2026-08-03,MLB,Philadelphia Phillies,Washington Nationals,total,betmgm,,,190,-250,9.5
2026-08-05T18:12:13,2026-08-05,MLB,Chicago Cubs,Los Angeles Dodgers,moneyline,fanduel,-114,104,,,
2026-08-05T18:12:13,2026-08-05,MLB,Chicago Cubs,Los Angeles Dodgers,spread,fanduel,-196,162,,,
2026-08-05T18:12:13,2026-08-05,MLB,Chicago Cubs,Los Angeles Dodgers,total,fanduel,,,-105,-115,10.0
2026-08-05T01:09:39,2026-08-04,MLB,Baltimore Orioles,Los Angeles Angels,moneyline,fanduel,-20000,8000,,,
2026-08-05T01:09:39,2026-08-04,MLB,Baltimore Orioles,Los Angeles Angels,spread,fanduel,-1400,630,,,
2026-08-05T01:09:39,2026-08-04,MLB,Baltimore Orioles,Los Angeles Angels,total,fanduel,,,550,-1100,4.5
2026-08-04T18:19:40,2026-08-04,MLB,Baltimore Orioles,Los Angeles Angels,moneyline,draftkings,-156,129,,,
2026-08-05T01:09:39,2026-08-04,MLB,Baltimore Orioles,Los Angeles Angels,spread,draftkings,-1140,591,,,
2026-08-05T01:09:39,2026-08-04,MLB,Baltimore Orioles,Los Angeles Angels,total,draftkings,,,558,-1040,4.5
2026-08-05T01:09:39,2026-08-04,MLB,Baltimore Orioles,Los Angeles Angels,moneyline,betmgm,-10000,2200,,,
2026-08-05T01:09:39,2026-08-04,MLB,Baltimore Orioles,Los Angeles Angels,spread,betmgm,-625,400,,,
2026-08-05T01:09:39,2026-08-04,MLB,Baltimore Orioles,Los Angeles Angels,total,betmgm,,,400,-625,4.5
2026-08-05T01:09:39,2026-08-04,MLB,Cincinnati Reds,Athletics,moneyline,draftkings,-780,578,,,
2026-08-05T01:09:39,2026-08-04,MLB,Cincinnati Reds,Athletics,spread,draftkings,-5100,1100,,,
2026-08-05T01:09:39,2026-08-04,MLB,Cincinnati Reds,Athletics,total,draftkings,,,287,-415,9.5
2026-08-05T01:09:39,2026-08-04,MLB,Cincinnati Reds,Athletics,moneyline,betmgm,-900,550,,,
2026-08-05T01:09:39,2026-08-04,MLB,Cincinnati Reds,Athletics,spread,betmgm,-3000,1050,,,
2026-08-05T01:09:39,2026-08-04,MLB,Cincinnati Reds,Athletics,total,betmgm,,,300,-425,9.5
2026-08-05T01:09:39,2026-08-04,MLB,Cincinnati Reds,Athletics,moneyline,fanduel,-700,550,,,
2026-08-04T18:19:40,2026-08-04,MLB,Cincinnati Reds,Athletics,spread,fanduel,158,-192,,,
2026-08-05T01:09:39,2026-08-04,MLB,Cincinnati Reds,Athletics,total,fanduel,,,300,-450,9.5
2026-08-04T18:19:40,2026-08-04,MLB,Cleveland Guardians,New York Mets,moneyline,draftkings,-156,129,,,
2026-08-05T01:09:39,2026-08-04,MLB,Cleveland Guardians,New York Mets,spread,draftkings,249,-350,,,
2026-08-05T01:09:39,2026-08-04,MLB,Cleveland Guardians,New York Mets,total,draftkings,,,248,-349,8.5
2026-08-04T18:19:40,2026-08-04,MLB,Cleveland Guardians,New York Mets,moneyline,betmgm,-155,125,,,
2026-08-05T01:09:39,2026-08-04,MLB,Cleveland Guardians,New York Mets,spread,betmgm,340,-500,,,
2026-08-05T01:09:39,2026-08-04,MLB,Cleveland Guardians,New York Mets,total,betmgm,,,340,-500,8.5
2026-08-04T18:19:40,2026-08-04,MLB,Cleveland Guardians,New York Mets,moneyline,fanduel,-150,140,,,
2026-08-05T01:09:39,2026-08-04,MLB,Cleveland Guardians,New York Mets,spread,fanduel,320,-490,,,
2026-08-05T01:09:39,2026-08-04,MLB,Cleveland Guardians,New York Mets,total,fanduel,,,350,-550,8.5
2026-08-04T18:19:40,2026-08-04,MLB,Philadelphia Phillies,Washington Nationals,moneyline,draftkings,-298,237,,,
2026-08-05T01:09:39,2026-08-04,MLB,Philadelphia Phillies,Washington Nationals,spread,draftkings,-512,340,,,
2026-08-05T01:09:39,2026-08-04,MLB,Philadelphia Phillies,Washington Nationals,total,draftkings,,,340,-512,5.5
2026-08-04T18:19:40,2026-08-04,MLB,Philadelphia Phillies,Washington Nationals,moneyline,betmgm,-295,230,,,
2026-08-05T01:09:39,2026-08-04,MLB,Philadelphia Phillies,Washington Nationals,spread,betmgm,-700,450,,,
2026-08-05T01:09:39,2026-08-04,MLB,Philadelphia Phillies,Washington Nationals,total,betmgm,,,450,-700,5.5
2026-08-04T18:19:40,2026-08-04,MLB,Philadelphia Phillies,Washington Nationals,moneyline,fanduel,-270,245,,,
2026-08-05T01:09:39,2026-08-04,MLB,Philadelphia Phillies,Washington Nationals,spread,fanduel,-2000,750,,,
2026-08-05T01:09:39,2026-08-04,MLB,Philadelphia Phillies,Washington Nationals,total,fanduel,,,750,-2000,5.5
2026-08-05T01:09:39,2026-08-04,MLB,New York Yankees,St. Louis Cardinals,moneyline,fanduel,-1000,750,,,
2026-08-05T01:09:39,2026-08-04,MLB,New York Yankees,St. Louis Cardinals,spread,fanduel,-290,205,,,
2026-08-05T01:09:39,2026-08-04,MLB,New York Yankees,St. Louis Cardinals,total,fanduel,,,118,-158,3.5
2026-08-05T01:09:39,2026-08-04,MLB,Boston Red Sox,Chicago White Sox,moneyline,fanduel,-10000,5000,,,
2026-08-05T01:09:39,2026-08-04,MLB,Boston Red Sox,Chicago White Sox,spread,fanduel,-128,-104,,,
2026-08-05T01:09:39,2026-08-04,MLB,Boston Red Sox,Chicago White Sox,total,fanduel,,,-102,-130,13.5
2026-08-05T01:09:39,2026-08-04,MLB,Atlanta Braves,Miami Marlins,moneyline,fanduel,-10000,5000,,,
2026-08-05T01:09:39,2026-08-04,MLB,Atlanta Braves,Miami Marlins,spread,fanduel,220,-310,,,
2026-08-05T01:09:39,2026-08-04,MLB,Atlanta Braves,Miami Marlins,total,fanduel,,,106,-140,3.5
2026-08-04T18:19:40,2026-08-04,MLB,Atlanta Braves,Miami Marlins,moneyline,draftkings,-149,124,,,
2026-08-05T01:09:39,2026-08-04,MLB,Atlanta Braves,Miami Marlins,spread,draftkings,258,-365,,,
2026-08-05T01:09:39,2026-08-04,MLB,Atlanta Braves,Miami Marlins,total,draftkings,,,109,-142,3.5
2026-08-05T01:09:39,2026-08-04,MLB,Atlanta Braves,Miami Marlins,moneyline,betmgm,-10000,3000,,,
2026-08-05T01:09:39,2026-08-04,MLB,Atlanta Braves,Miami Marlins,spread,betmgm,260,-350,,,
2026-08-05T01:09:39,2026-08-04,MLB,Atlanta Braves,Miami Marlins,total,betmgm,,,-105,-120,3.5
2026-08-05T01:09:39,2026-08-04,MLB,Milwaukee Brewers,Pittsburgh Pirates,moneyline,draftkings,-840,610,,,
2026-08-05T01:09:39,2026-08-04,MLB,Milwaukee Brewers,Pittsburgh Pirates,spread,draftkings,-127,-102,,,
2026-08-05T01:09:39,2026-08-04,MLB,Milwaukee Brewers,Pittsburgh Pirates,total,draftkings,,,-129,-101,9.5
2026-08-05T01:09:39,2026-08-04,MLB,Milwaukee Brewers,Pittsburgh Pirates,moneyline,betmgm,-475,340,,,
2026-08-05T01:09:39,2026-08-04,MLB,Milwaukee Brewers,Pittsburgh Pirates,spread,betmgm,-120,-105,,,
2026-08-05T01:09:39,2026-08-04,MLB,Milwaukee Brewers,Pittsburgh Pirates,total,betmgm,,,-150,115,8.5
2026-08-05T01:09:39,2026-08-04,MLB,Milwaukee Brewers,Pittsburgh Pirates,moneyline,fanduel,-460,370,,,
2026-08-05T01:09:39,2026-08-04,MLB,Milwaukee Brewers,Pittsburgh Pirates,spread,fanduel,-136,102,,,
2026-08-05T01:09:39,2026-08-04,MLB,Milwaukee Brewers,Pittsburgh Pirates,total,fanduel,,,-144,108,8.5
2026-08-05T01:09:39,2026-08-04,MLB,Kansas City Royals,Minnesota Twins,moneyline,fanduel,-195,170,,,
2026-08-05T01:09:39,2026-08-04,MLB,Kansas City Royals,Minnesota Twins,spread,fanduel,158,-215,,,
2026-08-05T01:09:39,2026-08-04,MLB,Kansas City Royals,Minnesota Twins,total,fanduel,,,-166,124,6.5
2026-08-05T01:09:39,2026-08-04,MLB,Kansas City Royals,Minnesota Twins,moneyline,betmgm,-225,175,,,
2026-08-04T18:19:40,2026-08-04,MLB,Kansas City Royals,Minnesota Twins,spread,betmgm,-135,110,,,
2026-08-05T01:09:39,2026-08-04,MLB,Kansas City Royals,Minnesota Twins,total,betmgm,,,125,-160,7.5
2026-08-05T01:09:39,2026-08-04,MLB,Kansas City Royals,Minnesota Twins,moneyline,draftkings,-184,159,,,
2026-08-05T01:09:39,2026-08-04,MLB,Kansas City Royals,Minnesota Twins,spread,draftkings,154,-204,,,
2026-08-05T01:09:39,2026-08-04,MLB,Kansas City Royals,Minnesota Twins,total,draftkings,,,109,-142,7.5
2026-08-05T18:12:13,2026-08-05,MLB,Chicago Cubs,Los Angeles Dodgers,moneyline,draftkings,-108,102,,,
2026-08-05T18:12:13,2026-08-05,MLB,Chicago Cubs,Los Angeles Dodgers,moneyline,betmgm,-120,100,,,
2026-08-05T18:12:13,2026-08-05,MLB,Texas Rangers,San Francisco Giants,moneyline,fanduel,-154,142,,,
2026-08-05T18:12:13,2026-08-05,MLB,Texas Rangers,San Francisco Giants,spread,fanduel,130,-156,,,
2026-08-05T18:12:13,2026-08-05,MLB,Texas Rangers,San Francisco Giants,total,fanduel,,,-105,-115,8.5
2026-08-05T18:12:13,2026-08-05,MLB,Texas Rangers,San Francisco Giants,moneyline,draftkings,-147,138,,,
2026-08-05T18:12:13,2026-08-05,MLB,Texas Rangers,San Francisco Giants,spread,draftkings,128,-154,,,
2026-08-05T18:12:13,2026-08-05,MLB,Texas Rangers,San Francisco Giants,total,draftkings,,,-104,-116,8.5
2026-08-05T18:12:13,2026-08-05,MLB,Texas Rangers,San Francisco Giants,moneyline,betmgm,-165,135,,,
2026-08-05T18:12:13,2026-08-05,MLB,Texas Rangers,San Francisco Giants,spread,betmgm,125,-150,,,
2026-08-05T18:12:13,2026-08-05,MLB,Texas Rangers,San Francisco Giants,total,betmgm,,,-102,-118,8.5
2026-08-05T18:12:13,2026-08-05,MLB,Houston Astros,Toronto Blue Jays,moneyline,betmgm,-250,190,,,
2026-08-05T18:12:13,2026-08-05,MLB,Houston Astros,Toronto Blue Jays,spread,betmgm,-120,-105,,,
2026-08-05T18:12:13,2026-08-05,MLB,Houston Astros,Toronto Blue Jays,total,betmgm,,,-135,105,7.5
2026-08-05T18:12:13,2026-08-05,MLB,Houston Astros,Toronto Blue Jays,moneyline,draftkings,-236,202,,,
2026-08-05T18:12:13,2026-08-05,MLB,Houston Astros,Toronto Blue Jays,spread,draftkings,-107,-122,,,
2026-08-05T18:12:13,2026-08-05,MLB,Houston Astros,Toronto Blue Jays,total,draftkings,,,100,-131,8.5
2026-08-05T18:12:13,2026-08-05,MLB,Colorado Rockies,Tampa Bay Rays,moneyline,fanduel,142,-154,,,
2026-08-05T18:12:13,2026-08-05,MLB,Colorado Rockies,Tampa Bay Rays,spread,fanduel,-111,-110,,,
2026-08-05T18:12:13,2026-08-05,MLB,Colorado Rockies,Tampa Bay Rays,total,fanduel,,,-110,-110,11.0
2026-08-05T18:12:13,2026-08-05,MLB,Colorado Rockies,Tampa Bay Rays,moneyline,draftkings,144,-153,,,
2026-08-05T18:12:13,2026-08-05,MLB,Colorado Rockies,Tampa Bay Rays,spread,draftkings,-109,-110,,,
2026-08-05T18:12:13,2026-08-05,MLB,Colorado Rockies,Tampa Bay Rays,total,draftkings,,,-109,-110,11.0
2026-08-05T18:12:13,2026-08-05,MLB,Colorado Rockies,Tampa Bay Rays,moneyline,betmgm,135,-165,,,
2026-08-05T18:12:13,2026-08-05,MLB,Colorado Rockies,Tampa Bay Rays,spread,betmgm,-110,-110,,,
2026-08-05T18:12:13,2026-08-05,MLB,Colorado Rockies,Tampa Bay Rays,total,betmgm,,,-115,-105,11.0
2026-08-05T01:09:39,2026-08-05,MLB,Arizona Diamondbacks,San Diego Padres,moneyline,fanduel,-114,104,,,
2026-08-05T01:09:39,2026-08-05,MLB,Arizona Diamondbacks,San Diego Padres,spread,fanduel,-205,168,,,
2026-08-05T01:09:39,2026-08-05,MLB,Arizona Diamondbacks,San Diego Padres,total,fanduel,,,100,-122,9.0
2026-08-05T01:09:39,2026-08-05,MLB,Seattle Mariners,Detroit Tigers,moneyline,fanduel,-120,110,,,
2026-08-05T01:09:39,2026-08-05,MLB,Seattle Mariners,Detroit Tigers,spread,fanduel,-200,164,,,
2026-08-05T01:09:39,2026-08-05,MLB,Seattle Mariners,Detroit Tigers,total,fanduel,,,-124,102,7.5
2026-09-03T19:28:50,2026-09-06,NCAAF,Notre Dame Fighting Irish,Wisconsin Badgers,moneyline,betmgm,-1400,950,,,
2026-09-03T19:28:50,2026-09-06,NCAAF,Notre Dame Fighting Irish,Wisconsin Badgers,spread,betmgm,-108,-110,,,
2026-09-03T19:28:50,2026-09-06,NCAAF,Notre Dame Fighting Irish,Wisconsin Badgers,total,betmgm,,,-112,-105,46.5
2026-08-05T01:09:39,2026-08-04,MLB,New York Yankees,St. Louis Cardinals,moneyline,betmgm,-1200,700,,,
2026-08-05T01:09:39,2026-08-04,MLB,New York Yankees,St. Louis Cardinals,spread,betmgm,-275,210,,,
2026-08-05T01:09:39,2026-08-04,MLB,New York Yankees,St. Louis Cardinals,total,betmgm,,,130,-165,3.5
2026-08-05T01:09:39,2026-08-04,MLB,New York Yankees,St. Louis Cardinals,moneyline,draftkings,-910,650,,,
2026-08-05T01:09:39,2026-08-04,MLB,New York Yankees,St. Louis Cardinals,spread,draftkings,-277,204,,,
2026-08-05T01:09:39,2026-08-04,MLB,New York Yankees,St. Louis Cardinals,total,draftkings,,,-147,113,2.5
2026-08-04T18:19:40,2026-08-04,MLB,Boston Red Sox,Chicago White Sox,moneyline,draftkings,-136,113,,,
2026-08-05T01:09:39,2026-08-04,MLB,Boston Red Sox,Chicago White Sox,spread,draftkings,-127,-102,,,
2026-08-05T01:09:39,2026-08-04,MLB,Boston Red Sox,Chicago White Sox,total,draftkings,,,100,-129,13.5
2026-08-04T18:19:40,2026-08-04,MLB,Boston Red Sox,Chicago White Sox,moneyline,betmgm,-135,110,,,
2026-08-05T01:09:39,2026-08-04,MLB,Boston Red Sox,Chicago White Sox,spread,betmgm,-105,-120,,,
2026-08-05T01:09:39,2026-08-04,MLB,Boston Red Sox,Chicago White Sox,total,betmgm,,,110,-140,13.5
2026-08-05T18:12:13,2026-08-05,MLB,Chicago Cubs,Los Angeles Dodgers,spread,draftkings,-185,152,,,
2026-08-05T18:12:13,2026-08-05,MLB,Chicago Cubs,Los Angeles Dodgers,total,draftkings,,,-106,-114,10.0
2026-08-05T18:12:13,2026-08-05,MLB,Chicago Cubs,Los Angeles Dodgers,spread,betmgm,-190,155,,,
2026-08-05T18:12:13,2026-08-05,MLB,Chicago Cubs,Los Angeles Dodgers,total,betmgm,,,-110,-110,10.0
2026-08-05T18:12:13,2026-08-05,MLB,Houston Astros,Toronto Blue Jays,moneyline,fanduel,-230,200,,,
2026-08-05T18:12:13,2026-08-05,MLB,Houston Astros,Toronto Blue Jays,spread,fanduel,-118,-112,,,
2026-08-05T18:12:13,2026-08-05,MLB,Houston Astros,Toronto Blue Jays,total,fanduel,,,-136,102,7.5
2026-08-05T01:09:39,2026-08-05,MLB,Arizona Diamondbacks,San Diego Padres,moneyline,draftkings,-118,111,,,
2026-08-05T01:09:39,2026-08-05,MLB,Arizona Diamondbacks,San Diego Padres,spread,draftkings,158,-193,,,
2026-08-05T01:09:39,2026-08-05,MLB,Arizona Diamondbacks,San Diego Padres,total,draftkings,,,-102,-118,9.0
2026-08-05T01:09:39,2026-08-05,MLB,Arizona Diamondbacks,San Diego Padres,moneyline,betmgm,-125,105,,,
2026-08-05T01:09:39,2026-08-05,MLB,Arizona Diamondbacks,San Diego Padres,spread,betmgm,155,-190,,,
2026-08-05T01:09:39,2026-08-05,MLB,Arizona Diamondbacks,San Diego Padres,total,betmgm,,,100,-120,9.0
2026-08-05T01:09:39,2026-08-05,MLB,Seattle Mariners,Detroit Tigers,moneyline,draftkings,-118,111,,,
2026-08-05T01:09:39,2026-08-05,MLB,Seattle Mariners,Detroit Tigers,spread,draftkings,164,-201,,,
2026-08-05T01:09:39,2026-08-05,MLB,Seattle Mariners,Detroit Tigers,total,draftkings,,,-102,-118,8.0
2026-08-05T01:09:39,2026-08-05,MLB,Seattle Mariners,Detroit Tigers,moneyline,betmgm,-125,105,,,
2026-08-05T01:09:39,2026-08-05,MLB,Seattle Mariners,Detroit Tigers,spread,betmgm,165,-200,,,
2026-08-05T01:09:39,2026-08-05,MLB,Seattle Mariners,Detroit Tigers,total,betmgm,,,-120,100,7.5
2026-08-05T18:12:13,2026-08-05,MLB,Baltimore Orioles,Los Angeles Angels,moneyline,fanduel,-120,110,,,
2026-08-06T01:08:28,2026-08-05,MLB,Baltimore Orioles,Los Angeles Angels,spread,fanduel,-1100,550,,,
2026-08-06T01:08:28,2026-08-05,MLB,Baltimore Orioles,Los Angeles Angels,total,fanduel,,,520,-1000,7.5
2026-08-06T01:08:28,2026-08-05,MLB,Baltimore Orioles,Los Angeles Angels,moneyline,betmgm,-10000,3300,,,
2026-08-06T01:08:28,2026-08-05,MLB,Baltimore Orioles,Los Angeles Angels,spread,betmgm,-3000,1050,,,
2026-08-06T01:08:28,2026-08-05,MLB,Baltimore Orioles,Los Angeles Angels,total,betmgm,,,450,-700,7.5
2026-08-05T18:12:13,2026-08-05,MLB,Baltimore Orioles,Los Angeles Angels,moneyline,draftkings,-118,111,,,
2026-08-06T01:08:28,2026-08-05,MLB,Baltimore Orioles,Los Angeles Angels,spread,draftkings,-7700,1200,,,
2026-08-06T01:08:28,2026-08-05,MLB,Baltimore Orioles,Los Angeles Angels,total,draftkings,,,1200,-7700,7.5
2026-08-05T18:12:13,2026-08-05,MLB,Cincinnati Reds,Athletics,moneyline,draftkings,-146,137,,,
2026-08-05T18:12:13,2026-08-05,MLB,Cincinnati Reds,Athletics,spread,draftkings,129,-156,,,
2026-08-06T01:08:28,2026-08-05,MLB,Cincinnati Reds,Athletics,total,draftkings,,,1120,-5700,5.5
2026-08-06T01:08:28,2026-08-05,MLB,Cincinnati Reds,Athletics,moneyline,betmgm,-2500,1000,,,
2026-08-06T01:08:28,2026-08-05,MLB,Cincinnati Reds,Athletics,spread,betmgm,-10000,2200,,,
2026-08-06T01:08:28,2026-08-05,MLB,Cincinnati Reds,Athletics,total,betmgm,,,525,-900,5.5
2026-08-06T01:08:28,2026-08-05,MLB,Cincinnati Reds,Athletics,moneyline,fanduel,-10000,5000,,,
2026-08-05T18:12:13,2026-08-05,MLB,Cincinnati Reds,Athletics,spread,fanduel,132,-160,,,
2026-08-06T01:08:28,2026-08-05,MLB,Cincinnati Reds,Athletics,total,fanduel,,,1280,-7000,5.5
2026-08-06T01:08:28,2026-08-05,MLB,Cleveland Guardians,New York Mets,moneyline,fanduel,-480,390,,,
2026-08-06T01:08:28,2026-08-05,MLB,Cleveland Guardians,New York Mets,spread,fanduel,310,-470,,,
2026-08-06T01:08:28,2026-08-05,MLB,Cleveland Guardians,New York Mets,total,fanduel,,,106,-140,10.5
2026-08-06T01:08:28,2026-08-05,MLB,Cleveland Guardians,New York Mets,moneyline,betmgm,-800,525,,,
2026-08-06T01:08:28,2026-08-05,MLB,Cleveland Guardians,New York Mets,spread,betmgm,290,-425,,,
2026-08-06T01:08:28,2026-08-05,MLB,Cleveland Guardians,New York Mets,total,betmgm,,,-105,-120,9.5
2026-08-06T01:08:28,2026-08-05,MLB,Cleveland Guardians,New York Mets,moneyline,draftkings,-471,380,,,
2026-08-06T01:08:28,2026-08-05,MLB,Cleveland Guardians,New York Mets,spread,draftkings,348,-529,,,
2026-08-06T01:08:28,2026-08-05,MLB,Cleveland Guardians,New York Mets,total,draftkings,,,-123,-106,9.5
2026-08-06T01:08:28,2026-08-05,MLB,Philadelphia Phillies,Washington Nationals,moneyline,fanduel,-330,280,,,
2026-08-06T01:08:28,2026-08-05,MLB,Philadelphia Phillies,Washington Nationals,spread,fanduel,140,-192,,,
2026-08-06T01:08:28,2026-08-05,MLB,Philadelphia Phillies,Washington Nationals,total,fanduel,,,-160,120,8.5
2026-08-06T01:08:28,2026-08-05,MLB,Philadelphia Phillies,Washington Nationals,moneyline,betmgm,-350,260,,,
2026-08-06T01:08:28,2026-08-05,MLB,Philadelphia Phillies,Washington Nationals,spread,betmgm,140,-185,,,
2026-08-06T01:08:28,2026-08-05,MLB,Philadelphia Phillies,Washington Nationals,total,betmgm,,,-190,145,8.5
2026-08-06T01:08:28,2026-08-05,MLB,Philadelphia Phillies,Washington Nationals,moneyline,draftkings,-285,241,,,
2026-08-06T01:08:28,2026-08-05,MLB,Philadelphia Phillies,Washington Nationals,spread,draftkings,140,-184,,,
2026-08-06T01:08:28,2026-08-05,MLB,Philadelphia Phillies,Washington Nationals,total,draftkings,,,133,-175,9.5
2026-08-05T18:12:13,2026-08-05,MLB,New York Yankees,St. Louis Cardinals,moneyline,fanduel,-154,142,,,
2026-08-05T18:12:13,2026-08-05,MLB,New York Yankees,St. Louis Cardinals,spread,fanduel,130,-156,,,
2026-08-05T18:12:13,2026-08-05,MLB,New York Yankees,St. Louis Cardinals,total,fanduel,,,-108,-112,8.5
2026-08-05T18:12:13,2026-08-05,MLB,New York Yankees,St. Louis Cardinals,moneyline,betmgm,-165,135,,,
2026-08-05T18:12:13,2026-08-05,MLB,New York Yankees,St. Louis Cardinals,spread,betmgm,125,-150,,,
2026-08-05T18:12:13,2026-08-05,MLB,New York Yankees,St. Louis Cardinals,total,betmgm,,,-110,-110,8.5
2026-08-05T18:12:13,2026-08-05,MLB,New York Yankees,St. Louis Cardinals,moneyline,draftkings,-153,144,,,
2026-08-05T18:12:13,2026-08-05,MLB,New York Yankees,St. Louis Cardinals,spread,draftkings,129,-156,,,
2026-08-05T18:12:13,2026-08-05,MLB,New York Yankees,St. Louis Cardinals,total,draftkings,,,-105,-114,8.5
2026-08-06T01:08:28,2026-08-05,MLB,Boston Red Sox,Chicago White Sox,moneyline,fanduel,-2400,1700,,,
2026-08-06T01:08:28,2026-08-05,MLB,Boston Red Sox,Chicago White Sox,spread,fanduel,140,-188,,,
2026-08-06T01:08:28,2026-08-05,MLB,Boston Red Sox,Chicago White Sox,total,fanduel,,,116,-154,3.5
2026-08-06T01:08:28,2026-08-05,MLB,Boston Red Sox,Chicago White Sox,moneyline,betmgm,-3000,1050,,,
2026-08-06T01:08:28,2026-08-05,MLB,Boston Red Sox,Chicago White Sox,spread,betmgm,145,-190,,,
2026-08-06T01:08:28,2026-08-05,MLB,Boston Red Sox,Chicago White Sox,total,betmgm,,,105,-135,3.5
2026-08-06T01:08:28,2026-08-05,MLB,Boston Red Sox,Chicago White Sox,moneyline,draftkings,-1680,1020,,,
2026-08-06T01:08:28,2026-08-05,MLB,Boston Red Sox,Chicago White Sox,spread,draftkings,124,-162,,,
2026-08-06T01:08:28,2026-08-05,MLB,Boston Red Sox,Chicago White Sox,total,draftkings,,,-110,-118,3.5
2026-08-06T01:08:28,2026-08-05,MLB,Atlanta Braves,Miami Marlins,moneyline,fanduel,-2400,1900,,,
2026-08-06T01:08:28,2026-08-05,MLB,Atlanta Braves,Miami Marlins,spread,fanduel,-260,188,,,
2026-08-06T01:08:28,2026-08-05,MLB,Atlanta Braves,Miami Marlins,total,fanduel,,,-180,134,5.5
2026-08-06T01:08:28,2026-08-05,MLB,Atlanta Braves,Miami Marlins,moneyline,betmgm,-10000,1550,,,
2026-08-06T01:08:28,2026-08-05,MLB,Atlanta Braves,Miami Marlins,spread,betmgm,-250,190,,,
2026-08-06T01:08:28,2026-08-05,MLB,Atlanta Braves,Miami Marlins,total,betmgm,,,-160,125,5.5
2026-08-06T01:08:28,2026-08-05,MLB,Atlanta Braves,Miami Marlins,moneyline,draftkings,-2900,1400,,,
2026-08-06T01:08:28,2026-08-05,MLB,Atlanta Braves,Miami Marlins,spread,draftkings,-247,183,,,
2026-08-06T01:08:28,2026-08-05,MLB,Atlanta Braves,Miami Marlins,total,draftkings,,,-167,127,5.5
2026-08-06T01:08:28,2026-08-05,MLB,Milwaukee Brewers,Pittsburgh Pirates,moneyline,draftkings,-2300,1220,,,
2026-08-06T01:08:28,2026-08-05,MLB,Milwaukee Brewers,Pittsburgh Pirates,spread,draftkings,124,-163,,,
2026-08-06T01:08:28,2026-08-05,MLB,Milwaukee Brewers,Pittsburgh Pirates,total,draftkings,,,101,-131,5.5
2026-08-06T01:08:28,2026-08-05,MLB,Milwaukee Brewers,Pittsburgh Pirates,moneyline,betmgm,-3000,1050,,,
2026-08-06T01:08:28,2026-08-05,MLB,Milwaukee Brewers,Pittsburgh Pirates,spread,betmgm,130,-165,,,
2026-08-06T01:08:28,2026-08-05,MLB,Milwaukee Brewers,Pittsburgh Pirates,total,betmgm,,,105,-135,5.5
2026-08-06T01:08:28,2026-08-05,MLB,Milwaukee Brewers,Pittsburgh Pirates,moneyline,fanduel,-1450,1100,,,
2026-08-06T01:08:28,2026-08-05,MLB,Milwaukee Brewers,Pittsburgh Pirates,spread,fanduel,152,-205,,,
2026-08-06T01:08:28,2026-08-05,MLB,Milwaukee Brewers,Pittsburgh Pirates,total,fanduel,,,-108,-122,5.5
2026-08-06T01:08:28,2026-08-05,MLB,Kansas City Royals,Minnesota Twins,moneyline,fanduel,-115,100,,,
2026-08-06T01:08:28,2026-08-05,MLB,Kansas City Royals,Minnesota Twins,spread,fanduel,280,-420,,,
2026-08-06T01:08:28,2026-08-05,MLB,Kansas City Royals,Minnesota Twins,total,fanduel,,,-122,-108,5.5
2026-08-06T01:08:28,2026-08-05,MLB,Kansas City Royals,Minnesota Twins,moneyline,betmgm,-120,-102,,,
2026-08-06T01:08:28,2026-08-05,MLB,Kansas City Royals,Minnesota Twins,spread,betmgm,-275,210,,,
2026-08-06T01:08:28,2026-08-05,MLB,Kansas City Royals,Minnesota Twins,total,betmgm,,,-118,-110,5.5
2026-08-06T01:08:28,2026-08-05,MLB,Kansas City Royals,Minnesota Twins,moneyline,draftkings,-112,-102,,,
2026-08-06T01:08:28,2026-08-05,MLB,Kansas City Royals,Minnesota Twins,spread,draftkings,-269,198,,,
2026-08-06T01:08:28,2026-08-05,MLB,Kansas City Royals,Minnesota Twins,total,draftkings,,,-120,-109,5.5
2026-08-06T01:08:28,2026-08-06,MLB,Arizona Diamondbacks,San Diego Padres,moneyline,fanduel,122,-132,,,
2026-08-06T01:08:28,2026-08-06,MLB,Arizona Diamondbacks,San Diego Padres,spread,fanduel,-137,114,,,
2026-08-06T01:08:28,2026-08-06,MLB,Arizona Diamondbacks,San Diego Padres,total,fanduel,,,-110,-110,8.5
2026-08-06T01:08:28,2026-08-06,MLB,Arizona Diamondbacks,San Diego Padres,moneyline,draftkings,120,-128,,,
2026-08-06T01:08:28,2026-08-06,MLB,Arizona Diamondbacks,San Diego Padres,spread,draftkings,-144,119,,,
2026-08-06T01:08:28,2026-08-06,MLB,Arizona Diamondbacks,San Diego Padres,total,draftkings,,,-111,-109,8.5
2026-08-06T01:08:28,2026-08-06,MLB,Seattle Mariners,Detroit Tigers,moneyline,fanduel,-130,110,,,
2026-08-06T01:08:28,2026-08-06,MLB,Seattle Mariners,Detroit Tigers,spread,fanduel,172,-210,,,
2026-08-06T01:08:28,2026-08-06,MLB,Seattle Mariners,Detroit Tigers,total,fanduel,,,-115,-105,7.5
2026-08-06T01:08:28,2026-08-06,MLB,Seattle Mariners,Detroit Tigers,moneyline,draftkings,-126,104,,,
2026-08-06T01:08:28,2026-08-06,MLB,Seattle Mariners,Detroit Tigers,spread,draftkings,168,-205,,,
2026-08-06T01:08:28,2026-08-06,MLB,Seattle Mariners,Detroit Tigers,total,draftkings,,,-114,-106,7.5
2026-08-06T01:08:28,2026-08-06,MLB,Arizona Diamondbacks,San Diego Padres,moneyline,betmgm,115,-140,,,
2026-08-06T01:08:28,2026-08-06,MLB,Arizona Diamondbacks,San Diego Padres,spread,betmgm,-145,118,,,
2026-08-06T01:08:28,2026-08-06,MLB,Arizona Diamondbacks,San Diego Padres,total,betmgm,,,-115,-105,8.5
2026-08-06T01:08:28,2026-08-06,MLB,Seattle Mariners,Detroit Tigers,moneyline,betmgm,-130,105,,,
2026-08-06T01:08:28,2026-08-06,MLB,Seattle Mariners,Detroit Tigers,spread,betmgm,165,-200,,,
2026-08-06T01:08:28,2026-08-06,MLB,Seattle Mariners,Detroit Tigers,total,betmgm,,,-115,-105,7.5
2026-08-06T01:08:28,2026-08-06,MLB,New York Yankees,St. Louis Cardinals,moneyline,fanduel,-165,145,,,
2026-08-06T01:08:28,2026-08-06,MLB,New York Yankees,St. Louis Cardinals,spread,fanduel,148,-200,,,
2026-08-06T01:08:28,2026-08-06,MLB,New York Yankees,St. Louis Cardinals,total,fanduel,,,-110,-120,5.5
2026-08-06T01:08:28,2026-08-06,MLB,New York Yankees,St. Louis Cardinals,moneyline,betmgm,-175,140,,,
2026-08-06T01:08:28,2026-08-06,MLB,New York Yankees,St. Louis Cardinals,spread,betmgm,154,-200,,,
2026-08-06T01:08:28,2026-08-06,MLB,New York Yankees,St. Louis Cardinals,total,betmgm,,,-105,-120,5.5
2026-08-06T01:08:28,2026-08-06,MLB,New York Yankees,St. Louis Cardinals,moneyline,draftkings,-158,137,,,
2026-08-06T01:08:28,2026-08-06,MLB,New York Yankees,St. Louis Cardinals,spread,draftkings,151,-200,,,
2026-08-06T01:08:28,2026-08-06,MLB,New York Yankees,St. Louis Cardinals,total,draftkings,,,-108,-120,5.5
2026-08-06T01:08:28,2026-08-06,MLB,Baltimore Orioles,Los Angeles Angels,moneyline,fanduel,-164,138,,,
2026-08-06T01:08:28,2026-08-06,MLB,Baltimore Orioles,Los Angeles Angels,spread,fanduel,128,-154,,,
2026-08-06T01:08:28,2026-08-06,MLB,Baltimore Orioles,Los Angeles Angels,total,fanduel,,,-104,-118,10.0
2026-08-06T01:08:28,2026-08-06,MLB,Baltimore Orioles,Los Angeles Angels,moneyline,draftkings,-169,139,,,
2026-08-06T01:08:28,2026-08-06,MLB,Baltimore Orioles,Los Angeles Angels,spread,draftkings,118,-142,,,
2026-08-06T01:08:28,2026-08-06,MLB,Baltimore Orioles,Los Angeles Angels,total,draftkings,,,-118,-102,9.5
2026-08-06T01:08:28,2026-08-06,MLB,Baltimore Orioles,Los Angeles Angels,moneyline,betmgm,-175,145,,,
2026-08-06T01:08:28,2026-08-06,MLB,Baltimore Orioles,Los Angeles Angels,spread,betmgm,118,-145,,,
2026-08-06T01:08:28,2026-08-06,MLB,Baltimore Orioles,Los Angeles Angels,total,betmgm,,,-115,-105,9.5
2026-08-06T01:08:28,2026-08-06,MLB,Cincinnati Reds,Athletics,moneyline,fanduel,-156,132,,,
2026-08-06T01:08:28,2026-08-06,MLB,Cincinnati Reds,Athletics,spread,fanduel,134,-162,,,
2026-08-06T01:08:28,2026-08-06,MLB,Cincinnati Reds,Athletics,total,fanduel,,,-112,-108,9.5
2026-08-06T01:08:28,2026-08-06,MLB,Cincinnati Reds,Athletics,moneyline,draftkings,-163,135,,,
2026-08-06T01:08:28,2026-08-06,MLB,Cincinnati Reds,Athletics,spread,draftkings,123,-149,,,
2026-08-06T01:08:28,2026-08-06,MLB,Cincinnati Reds,Athletics,total,draftkings,,,-105,-114,9.5
2026-08-06T01:08:28,2026-08-06,MLB,Cleveland Guardians,New York Mets,moneyline,fanduel,-106,-110,,,
2026-08-06T01:08:28,2026-08-06,MLB,Cleveland Guardians,New York Mets,spread,fanduel,-176,146,,,
2026-08-06T01:08:28,2026-08-06,MLB,Cleveland Guardians,New York Mets,total,fanduel,,,102,-124,8.0
2026-08-06T01:08:28,2026-08-06,MLB,Cleveland Guardians,New York Mets,moneyline,draftkings,-108,-112,,,
2026-08-06T01:08:28,2026-08-06,MLB,Cleveland Guardians,New York Mets,spread,draftkings,-181,149,,,
2026-08-06T01:08:28,2026-08-06,MLB,Cleveland Guardians,New York Mets,total,draftkings,,,-119,-101,7.5
2026-08-06T01:08:28,2026-08-06,MLB,Cleveland Guardians,New York Mets,moneyline,betmgm,-110,-110,,,
2026-08-06T01:08:28,2026-08-06,MLB,Cleveland Guardians,New York Mets,spread,betmgm,-185,150,,,
2026-08-06T01:08:28,2026-08-06,MLB,Cleveland Guardians,New York Mets,total,betmgm,,,-118,-102,7.5
2026-08-06T01:08:28,2026-08-06,MLB,Milwaukee Brewers,Pittsburgh Pirates,moneyline,fanduel,-134,116,,,
2026-08-06T01:08:28,2026-08-06,MLB,Milwaukee Brewers,Pittsburgh Pirates,spread,fanduel,168,-205,,,
2026-08-06T01:08:28,2026-08-06,MLB,Milwaukee Brewers,Pittsburgh Pirates,total,fanduel,,,-115,-105,7.5
2026-08-06T01:08:28,2026-08-06,MLB,Milwaukee Brewers,Pittsburgh Pirates,moneyline,draftkings,-142,118,,,
2026-08-06T01:08:28,2026-08-06,MLB,Milwaukee Brewers,Pittsburgh Pirates,spread,draftkings,153,-186,,,
2026-08-06T01:08:28,2026-08-06,MLB,Milwaukee Brewers,Pittsburgh Pirates,total,draftkings,,,-118,-102,7.5
2026-08-06T01:08:28,2026-08-06,MLB,Milwaukee Brewers,Pittsburgh Pirates,moneyline,betmgm,-145,118,,,
2026-08-06T01:08:28,2026-08-06,MLB,Milwaukee Brewers,Pittsburgh Pirates,spread,betmgm,150,-185,,,
2026-08-06T01:08:28,2026-08-06,MLB,Milwaukee Brewers,Pittsburgh Pirates,total,betmgm,,,-118,-102,7.5
2026-08-06T01:08:28,2026-08-06,MLB,Chicago Cubs,Toronto Blue Jays,moneyline,fanduel,108,-126,,,
2026-08-06T01:08:28,2026-08-06,MLB,Chicago Cubs,Toronto Blue Jays,spread,fanduel,-162,134,,,
2026-08-06T01:08:28,2026-08-06,MLB,Chicago Cubs,Toronto Blue Jays,total,fanduel,,,-118,-104,7.5
2026-08-06T01:08:28,2026-08-06,MLB,Chicago Cubs,Toronto Blue Jays,moneyline,draftkings,-101,-119,,,
2026-08-06T01:08:28,2026-08-06,MLB,Chicago Cubs,Toronto Blue Jays,moneyline,betmgm,100,-120,,,
2026-08-06T01:08:28,2026-08-06,MLB,Philadelphia Phillies,Washington Nationals,moneyline,fanduel,-335,270,,,
2026-08-06T01:08:28,2026-08-06,MLB,Philadelphia Phillies,Washington Nationals,spread,fanduel,-140,116,,,
2026-08-06T01:08:28,2026-08-06,MLB,Philadelphia Phillies,Washington Nationals,total,fanduel,,,102,-124,9.0
2026-08-06T01:08:28,2026-08-06,MLB,Philadelphia Phillies,Washington Nationals,moneyline,draftkings,-345,270,,,
2026-08-06T01:08:28,2026-08-06,MLB,Philadelphia Phillies,Washington Nationals,spread,draftkings,-155,128,,,
2026-08-06T01:08:28,2026-08-06,MLB,Philadelphia Phillies,Washington Nationals,total,draftkings,,,-122,101,8.5
2026-08-06T01:08:28,2026-08-06,MLB,Philadelphia Phillies,Washington Nationals,moneyline,betmgm,-325,260,,,
2026-08-06T01:08:28,2026-08-06,MLB,Philadelphia Phillies,Washington Nationals,spread,betmgm,105,-130,,,
2026-08-06T01:08:28,2026-08-06,MLB,Philadelphia Phillies,Washington Nationals,total,betmgm,,,-120,100,8.5
2026-08-07T01:53:08,2026-08-06,MLB,Boston Red Sox,Chicago White Sox,moneyline,fanduel,175,-200,,,
2026-08-07T01:53:08,2026-08-06,MLB,Boston Red Sox,Chicago White Sox,spread,fanduel,-850,470,,,
2026-08-07T01:53:08,2026-08-06,MLB,Boston Red Sox,Chicago White Sox,total,fanduel,,,-122,-108,14.5
2026-08-07T01:53:08,2026-08-06,MLB,Boston Red Sox,Chicago White Sox,moneyline,draftkings,197,-268,,,
2026-08-07T01:53:08,2026-08-06,MLB,Boston Red Sox,Chicago White Sox,spread,draftkings,-274,202,,,
2026-08-07T01:53:08,2026-08-06,MLB,Boston Red Sox,Chicago White Sox,total,draftkings,,,-166,127,14.5
2026-08-07T01:53:08,2026-08-06,MLB,Boston Red Sox,Chicago White Sox,moneyline,betmgm,280,-375,,,
2026-08-07T01:53:08,2026-08-06,MLB,Boston Red Sox,Chicago White Sox,spread,betmgm,-185,140,,,
2026-08-07T01:53:08,2026-08-06,MLB,Boston Red Sox,Chicago White Sox,total,betmgm,,,140,-185,15.5
2026-08-07T01:53:08,2026-08-06,MLB,Atlanta Braves,Miami Marlins,moneyline,fanduel,-650,500,,,
2026-08-07T01:53:08,2026-08-06,MLB,Atlanta Braves,Miami Marlins,spread,fanduel,-200,148,,,
2026-08-07T01:53:08,2026-08-06,MLB,Atlanta Braves,Miami Marlins,total,fanduel,,,-162,122,4.5
2026-08-07T01:53:08,2026-08-06,MLB,Atlanta Braves,Miami Marlins,moneyline,draftkings,-581,455,,,
2026-08-07T01:53:08,2026-08-06,MLB,Atlanta Braves,Miami Marlins,spread,draftkings,-179,136,,,
2026-08-07T01:53:08,2026-08-06,MLB,Atlanta Braves,Miami Marlins,total,draftkings,,,121,-157,5.5
2026-08-07T01:53:08,2026-08-06,MLB,Atlanta Braves,Miami Marlins,moneyline,betmgm,-750,500,,,
2026-08-07T01:53:08,2026-08-06,MLB,Atlanta Braves,Miami Marlins,spread,betmgm,125,-160,,,
2026-08-07T01:53:08,2026-08-06,MLB,Atlanta Braves,Miami Marlins,total,betmgm,,,120,-155,5.5
2026-08-07T01:53:08,2026-08-06,MLB,Kansas City Royals,Minnesota Twins,moneyline,fanduel,-175,155,,,
2026-08-07T01:53:08,2026-08-06,MLB,Kansas City Royals,Minnesota Twins,spread,fanduel,400,-670,,,
2026-08-07T01:53:08,2026-08-06,MLB,Kansas City Royals,Minnesota Twins,total,fanduel,,,118,-158,7.5
2026-08-07T01:53:08,2026-08-06,MLB,Kansas City Royals,Minnesota Twins,moneyline,draftkings,-521,415,,,
2026-08-07T01:53:08,2026-08-06,MLB,Kansas City Royals,Minnesota Twins,spread,draftkings,-165,126,,,
2026-08-07T01:53:08,2026-08-06,MLB,Kansas City Royals,Minnesota Twins,total,draftkings,,,130,-170,5.5
2026-08-07T01:53:08,2026-08-06,MLB,Kansas City Royals,Minnesota Twins,moneyline,betmgm,-700,450,,,
2026-08-06T01:08:28,2026-08-06,MLB,Kansas City Royals,Minnesota Twins,spread,betmgm,-190,155,,,
2026-08-07T01:53:08,2026-08-06,MLB,Kansas City Royals,Minnesota Twins,total,betmgm,,,-165,130,4.5
2026-08-07T01:53:08,2026-08-07,MLB,Arizona Diamondbacks,San Diego Padres,moneyline,fanduel,120,-135,,,
2026-08-07T01:53:08,2026-08-07,MLB,Arizona Diamondbacks,San Diego Padres,spread,fanduel,-158,118,,,
2026-08-07T01:53:08,2026-08-07,MLB,Arizona Diamondbacks,San Diego Padres,total,fanduel,,,100,-132,9.5
2026-08-07T01:53:08,2026-08-07,MLB,Arizona Diamondbacks,San Diego Padres,moneyline,draftkings,129,-148,,,
2026-08-07T01:53:08,2026-08-07,MLB,Arizona Diamondbacks,San Diego Padres,spread,draftkings,-145,111,,,
2026-08-07T01:53:08,2026-08-07,MLB,Arizona Diamondbacks,San Diego Padres,total,draftkings,,,-135,104,8.5
2026-08-07T01:53:08,2026-08-07,MLB,Arizona Diamondbacks,San Diego Padres,moneyline,betmgm,110,-140,,,
2026-08-07T01:53:08,2026-08-07,MLB,Arizona Diamondbacks,San Diego Padres,spread,betmgm,-160,125,,,
2026-08-07T01:53:08,2026-08-07,MLB,Arizona Diamondbacks,San Diego Padres,total,betmgm,,,-110,-115,9.5
2026-08-08T00:34:35,2026-08-07,MLB,Pittsburgh Pirates,New York Mets,moneyline,fanduel,1500,-2000,,,
2026-08-08T00:34:35,2026-08-07,MLB,Pittsburgh Pirates,New York Mets,spread,fanduel,-112,-118,,,
2026-08-08T00:34:35,2026-08-07,MLB,Pittsburgh Pirates,New York Mets,total,fanduel,,,-114,-114,10.5
2026-08-08T00:34:35,2026-08-07,MLB,Pittsburgh Pirates,New York Mets,moneyline,draftkings,1280,-2500,,,
2026-08-08T00:34:35,2026-08-07,MLB,Pittsburgh Pirates,New York Mets,spread,draftkings,-118,-110,,,
2026-08-08T00:34:35,2026-08-07,MLB,Pittsburgh Pirates,New York Mets,total,draftkings,,,-127,-102,10.5
2026-08-08T00:34:35,2026-08-07,MLB,Pittsburgh Pirates,New York Mets,moneyline,betmgm,1200,-5000,,,
2026-08-08T00:34:35,2026-08-07,MLB,Pittsburgh Pirates,New York Mets,spread,betmgm,-118,-110,,,
2026-08-08T00:34:35,2026-08-07,MLB,Pittsburgh Pirates,New York Mets,total,betmgm,,,-118,-110,10.5
2026-08-07T17:35:44,2026-08-07,MLB,Philadelphia Phillies,Toronto Blue Jays,moneyline,fanduel,-205,190,,,
2026-08-07T17:35:44,2026-08-07,MLB,Philadelphia Phillies,Toronto Blue Jays,spread,fanduel,-102,-118,,,
2026-08-07T17:35:44,2026-08-07,MLB,Philadelphia Phillies,Toronto Blue Jays,total,fanduel,,,-124,102,7.5
2026-08-07T17:35:44,2026-08-07,MLB,Philadelphia Phillies,Toronto Blue Jays,moneyline,draftkings,-210,195,,,
2026-08-07T17:35:44,2026-08-07,MLB,Philadelphia Phillies,Toronto Blue Jays,spread,draftkings,-105,-115,,,
2026-08-07T17:35:44,2026-08-07,MLB,Philadelphia Phillies,Toronto Blue Jays,total,draftkings,,,-118,-102,7.5
2026-08-07T17:35:44,2026-08-07,MLB,Philadelphia Phillies,Toronto Blue Jays,moneyline,betmgm,-225,185,,,
2026-08-07T17:35:44,2026-08-07,MLB,Philadelphia Phillies,Toronto Blue Jays,spread,betmgm,-105,-115,,,
2026-08-07T17:35:44,2026-08-07,MLB,Philadelphia Phillies,Toronto Blue Jays,total,betmgm,,,-120,100,7.5
2026-08-07T17:35:44,2026-08-07,MLB,New York Yankees,Atlanta Braves,moneyline,fanduel,-134,124,,,
2026-08-07T17:35:44,2026-08-07,MLB,New York Yankees,Atlanta Braves,spread,fanduel,150,-182,,,
2026-08-07T17:35:44,2026-08-07,MLB,New York Yankees,Atlanta Braves,total,fanduel,,,102,-124,8.5
2026-08-07T17:35:44,2026-08-07,MLB,New York Yankees,Atlanta Braves,moneyline,draftkings,-135,126,,,
2026-08-07T17:35:44,2026-08-07,MLB,New York Yankees,Atlanta Braves,spread,draftkings,144,-175,,,
2026-08-07T17:35:44,2026-08-07,MLB,New York Yankees,Atlanta Braves,total,draftkings,,,-115,-105,8.0
2026-08-07T17:35:44,2026-08-07,MLB,Boston Red Sox,Athletics,moneyline,fanduel,-260,235,,,
2026-08-08T00:34:35,2026-08-07,MLB,Boston Red Sox,Athletics,spread,fanduel,114,-152,,,
2026-08-08T00:34:35,2026-08-07,MLB,Boston Red Sox,Athletics,total,fanduel,,,-102,-130,14.5
2026-08-07T17:35:44,2026-08-07,MLB,Boston Red Sox,Athletics,moneyline,draftkings,-261,240,,,
2026-08-08T00:34:35,2026-08-07,MLB,Boston Red Sox,Athletics,spread,draftkings,105,-136,,,
2026-08-08T00:34:35,2026-08-07,MLB,Boston Red Sox,Athletics,total,draftkings,,,-107,-121,14.5
2026-08-08T00:34:35,2026-08-07,MLB,Boston Red Sox,Athletics,moneyline,betmgm,-10000,3300,,,
2026-08-08T00:34:35,2026-08-07,MLB,Boston Red Sox,Athletics,spread,betmgm,115,-150,,,
2026-08-08T00:34:35,2026-08-07,MLB,Boston Red Sox,Athletics,total,betmgm,,,-110,-115,14.5
2026-08-08T00:34:35,2026-08-07,MLB,Miami Marlins,Los Angeles Angels,moneyline,fanduel,-105,-110,,,
2026-08-08T00:34:35,2026-08-07,MLB,Miami Marlins,Los Angeles Angels,spread,fanduel,-215,158,,,
2026-08-08T00:34:35,2026-08-07,MLB,Miami Marlins,Los Angeles Angels,total,fanduel,,,106,-140,7.5
2026-08-08T00:34:35,2026-08-07,MLB,Miami Marlins,Los Angeles Angels,moneyline,draftkings,-104,-111,,,
2026-08-08T00:34:35,2026-08-07,MLB,Miami Marlins,Los Angeles Angels,spread,draftkings,-216,163,,,
2026-08-08T00:34:35,2026-08-07,MLB,Miami Marlins,Los Angeles Angels,total,draftkings,,,101,-132,7.5
2026-08-08T00:34:35,2026-08-07,MLB,Miami Marlins,Los Angeles Angels,moneyline,betmgm,-125,100,,,
2026-08-08T00:34:35,2026-08-07,MLB,Miami Marlins,Los Angeles Angels,spread,betmgm,-250,190,,,
2026-08-08T00:34:35,2026-08-07,MLB,Miami Marlins,Los Angeles Angels,total,betmgm,,,-150,115,6.5
2026-08-08T00:34:35,2026-08-07,MLB,Chicago White Sox,Cleveland Guardians,moneyline,fanduel,230,-260,,,
2026-08-08T00:34:35,2026-08-07,MLB,Chicago White Sox,Cleveland Guardians,spread,fanduel,106,-140,,,
2026-08-08T00:34:35,2026-08-07,MLB,Chicago White Sox,Cleveland Guardians,total,fanduel,,,102,-136,8.5
2026-08-08T00:34:35,2026-08-07,MLB,Chicago White Sox,Cleveland Guardians,moneyline,draftkings,238,-281,,,
2026-08-08T00:34:35,2026-08-07,MLB,Chicago White Sox,Cleveland Guardians,spread,draftkings,110,-144,,,
2026-08-08T00:34:35,2026-08-07,MLB,Chicago White Sox,Cleveland Guardians,total,draftkings,,,-101,-128,8.5
2026-08-08T00:34:35,2026-08-07,MLB,Chicago White Sox,Cleveland Guardians,moneyline,betmgm,185,-235,,,
2026-08-08T00:34:35,2026-08-07,MLB,Chicago White Sox,Cleveland Guardians,spread,betmgm,-110,-118,,,
2026-08-08T00:34:35,2026-08-07,MLB,Chicago White Sox,Cleveland Guardians,total,betmgm,,,105,-135,8.5
2026-08-09T00:36:40,2026-08-08,MLB,Texas Rangers,Baltimore Orioles,moneyline,fanduel,-260,230,,,
2026-08-09T00:36:40,2026-08-08,MLB,Texas Rangers,Baltimore Orioles,spread,fanduel,126,-166,,,
2026-08-09T00:36:40,2026-08-08,MLB,Texas Rangers,Baltimore Orioles,total,fanduel,,,-148,112,6.5
2026-08-09T00:36:40,2026-08-08,MLB,Texas Rangers,Baltimore Orioles,moneyline,draftkings,-279,236,,,
2026-08-09T00:36:40,2026-08-08,MLB,Texas Rangers,Baltimore Orioles,spread,draftkings,121,-157,,,
2026-08-09T00:36:40,2026-08-08,MLB,Texas Rangers,Baltimore Orioles,total,draftkings,,,-132,102,6.5
2026-08-09T00:36:40,2026-08-08,MLB,Texas Rangers,Baltimore Orioles,moneyline,betmgm,-325,250,,,
2026-08-09T00:36:40,2026-08-08,MLB,Texas Rangers,Baltimore Orioles,spread,betmgm,115,-150,,,
2026-08-09T00:36:40,2026-08-08,MLB,Texas Rangers,Baltimore Orioles,total,betmgm,,,-140,110,6.5
2026-08-09T00:36:40,2026-08-08,MLB,St. Louis Cardinals,Colorado Rockies,moneyline,fanduel,145,-165,,,
2026-08-09T00:36:40,2026-08-08,MLB,St. Louis Cardinals,Colorado Rockies,spread,fanduel,-130,-102,,,
2026-08-09T00:36:40,2026-08-08,MLB,St. Louis Cardinals,Colorado Rockies,total,fanduel,,,116,-154,11.5
2026-08-09T00:36:40,2026-08-08,MLB,St. Louis Cardinals,Colorado Rockies,moneyline,draftkings,159,-183,,,
2026-08-09T00:36:40,2026-08-08,MLB,St. Louis Cardinals,Colorado Rockies,spread,draftkings,-123,-106,,,
2026-08-09T00:36:40,2026-08-08,MLB,St. Louis Cardinals,Colorado Rockies,total,draftkings,,,102,-133,11.5
2026-08-09T00:36:40,2026-08-08,MLB,St. Louis Cardinals,Colorado Rockies,moneyline,betmgm,155,-200,,,
2026-08-09T00:36:40,2026-08-08,MLB,St. Louis Cardinals,Colorado Rockies,spread,betmgm,-135,105,,,
2026-08-09T00:36:40,2026-08-08,MLB,St. Louis Cardinals,Colorado Rockies,total,betmgm,,,110,-140,11.5
2026-08-08T00:34:35,2026-08-08,MLB,Arizona Diamondbacks,Los Angeles Dodgers,moneyline,fanduel,158,-172,,,
2026-08-08T00:34:35,2026-08-08,MLB,Arizona Diamondbacks,Los Angeles Dodgers,spread,fanduel,-105,-114,,,
2026-08-08T00:34:35,2026-08-08,MLB,Arizona Diamondbacks,Los Angeles Dodgers,total,fanduel,,,-124,102,8.5
2026-08-09T00:36:40,2026-08-08,MLB,San Diego Padres,Houston Astros,moneyline,fanduel,-460,390,,,
2026-08-09T00:36:40,2026-08-08,MLB,San Diego Padres,Houston Astros,spread,fanduel,-178,132,,,
2026-08-09T00:36:40,2026-08-08,MLB,San Diego Padres,Houston Astros,total,fanduel,,,-122,-108,7.5
2026-08-09T00:36:40,2026-08-08,MLB,San Diego Padres,Houston Astros,moneyline,draftkings,-468,378,,,
2026-08-09T00:36:40,2026-08-08,MLB,San Diego Padres,Houston Astros,spread,draftkings,132,-173,,,
2026-08-09T00:36:40,2026-08-08,MLB,San Diego Padres,Houston Astros,total,draftkings,,,-110,-118,7.5
2026-08-09T00:36:40,2026-08-08,MLB,San Diego Padres,Houston Astros,moneyline,betmgm,-600,400,,,
2026-08-09T00:36:40,2026-08-08,MLB,San Diego Padres,Houston Astros,spread,betmgm,130,-165,,,
2026-08-09T00:36:40,2026-08-08,MLB,San Diego Padres,Houston Astros,total,betmgm,,,-120,-105,7.5
2026-08-08T00:34:35,2026-08-08,MLB,Seattle Mariners,Tampa Bay Rays,moneyline,fanduel,-112,102,,,
2026-08-08T00:34:35,2026-08-08,MLB,Seattle Mariners,Tampa Bay Rays,spread,fanduel,-225,184,,,
2026-08-08T00:34:35,2026-08-08,MLB,Seattle Mariners,Tampa Bay Rays,total,fanduel,,,-102,-120,7.0
2026-08-08T00:34:35,2026-08-08,MLB,Seattle Mariners,Tampa Bay Rays,moneyline,draftkings,-112,104,,,
2026-08-08T00:34:35,2026-08-08,MLB,Seattle Mariners,Tampa Bay Rays,spread,draftkings,178,-219,,,
2026-08-08T00:34:35,2026-08-08,MLB,Seattle Mariners,Tampa Bay Rays,total,draftkings,,,-101,-119,7.0
2026-08-08T00:34:35,2026-08-08,MLB,Seattle Mariners,Tampa Bay Rays,moneyline,betmgm,-118,-102,,,
2026-08-08T00:34:35,2026-08-08,MLB,Seattle Mariners,Tampa Bay Rays,spread,betmgm,-210,170,,,
2026-08-08T00:34:35,2026-08-08,MLB,Seattle Mariners,Tampa Bay Rays,total,betmgm,,,-102,-118,7.0
2026-08-08T00:34:35,2026-08-07,MLB,Washington Nationals,Cincinnati Reds,moneyline,fanduel,-145,130,,,
2026-08-08T00:34:35,2026-08-07,MLB,Washington Nationals,Cincinnati Reds,spread,fanduel,154,-210,,,
2026-08-08T00:34:35,2026-08-07,MLB,Washington Nationals,Cincinnati Reds,total,fanduel,,,-125,-106,12.5
2026-08-08T00:34:35,2026-08-07,MLB,Washington Nationals,Cincinnati Reds,moneyline,draftkings,-127,111,,,
2026-08-08T00:34:35,2026-08-07,MLB,Washington Nationals,Cincinnati Reds,spread,draftkings,162,-216,,,
2026-08-08T00:34:35,2026-08-07,MLB,Washington Nationals,Cincinnati Reds,total,draftkings,,,-108,-120,12.5
2026-08-08T00:34:35,2026-08-07,MLB,Washington Nationals,Cincinnati Reds,moneyline,betmgm,-140,110,,,
2026-08-08T00:34:35,2026-08-07,MLB,Washington Nationals,Cincinnati Reds,spread,betmgm,175,-225,,,
2026-08-08T00:34:35,2026-08-07,MLB,Washington Nationals,Cincinnati Reds,total,betmgm,,,-118,-110,12.5
2026-08-07T17:35:44,2026-08-07,MLB,New York Yankees,Atlanta Braves,moneyline,betmgm,-145,118,,,
2026-08-07T17:35:44,2026-08-07,MLB,New York Yankees,Atlanta Braves,total,betmgm,,,-115,-105,8.0
2026-08-08T00:34:35,2026-08-07,MLB,Milwaukee Brewers,Minnesota Twins,moneyline,fanduel,-480,390,,,
2026-08-08T00:34:35,2026-08-07,MLB,Milwaukee Brewers,Minnesota Twins,spread,fanduel,108,-144,,,
2026-08-08T00:34:35,2026-08-07,MLB,Milwaukee Brewers,Minnesota Twins,total,fanduel,,,-138,104,10.5
2026-08-08T00:34:35,2026-08-07,MLB,Milwaukee Brewers,Minnesota Twins,moneyline,draftkings,-514,410,,,
2026-08-08T00:34:35,2026-08-07,MLB,Milwaukee Brewers,Minnesota Twins,spread,draftkings,103,-134,,,
2026-08-08T00:34:35,2026-08-07,MLB,Milwaukee Brewers,Minnesota Twins,total,draftkings,,,-130,100,10.5
2026-08-08T00:34:35,2026-08-07,MLB,Milwaukee Brewers,Minnesota Twins,moneyline,betmgm,-625,425,,,
2026-08-08T00:34:35,2026-08-07,MLB,Milwaukee Brewers,Minnesota Twins,total,betmgm,,,-145,110,10.5
2026-08-09T00:36:40,2026-08-08,MLB,Kansas City Royals,Chicago Cubs,moneyline,fanduel,-430,360,,,
2026-08-09T00:36:40,2026-08-08,MLB,Kansas City Royals,Chicago Cubs,spread,fanduel,-158,120,,,
2026-08-09T00:36:40,2026-08-08,MLB,Kansas City Royals,Chicago Cubs,total,fanduel,,,102,-136,9.5
2026-08-09T00:36:40,2026-08-08,MLB,Kansas City Royals,Chicago Cubs,moneyline,betmgm,-375,280,,,
2026-08-09T00:36:40,2026-08-08,MLB,Kansas City Royals,Chicago Cubs,spread,betmgm,-110,-115,,,
2026-08-09T00:36:40,2026-08-08,MLB,Kansas City Royals,Chicago Cubs,total,betmgm,,,-105,-120,9.5
2026-08-09T00:36:40,2026-08-08,MLB,Kansas City Royals,Chicago Cubs,moneyline,draftkings,-377,311,,,
2026-08-09T00:36:40,2026-08-08,MLB,Kansas City Royals,Chicago Cubs,spread,draftkings,-144,110,,,
2026-08-09T00:36:40,2026-08-08,MLB,Kansas City Royals,Chicago Cubs,total,draftkings,,,-102,-127,9.5
2026-08-08T00:34:35,2026-08-08,MLB,Arizona Diamondbacks,Los Angeles Dodgers,moneyline,draftkings,162,-174,,,
2026-08-08T00:34:35,2026-08-08,MLB,Arizona Diamondbacks,Los Angeles Dodgers,spread,draftkings,-108,-111,,,
2026-08-08T00:34:35,2026-08-08,MLB,Arizona Diamondbacks,Los Angeles Dodgers,total,draftkings,,,-113,-107,9.0
2026-08-08T00:34:35,2026-08-08,MLB,Arizona Diamondbacks,Los Angeles Dodgers,moneyline,betmgm,150,-185,,,
2026-08-08T00:34:35,2026-08-08,MLB,Arizona Diamondbacks,Los Angeles Dodgers,spread,betmgm,-110,-110,,,
2026-08-08T00:34:35,2026-08-08,MLB,Arizona Diamondbacks,Los Angeles Dodgers,total,betmgm,,,-105,-115,9.0
2026-08-09T00:36:40,2026-08-08,MLB,San Francisco Giants,Detroit Tigers,moneyline,fanduel,155,-175,,,
2026-08-09T00:36:40,2026-08-08,MLB,San Francisco Giants,Detroit Tigers,spread,fanduel,-154,116,,,
2026-08-09T00:36:40,2026-08-08,MLB,San Francisco Giants,Detroit Tigers,total,fanduel,,,106,-140,4.5
2026-08-09T00:36:40,2026-08-08,MLB,San Francisco Giants,Detroit Tigers,moneyline,draftkings,147,-169,,,
2026-08-09T00:36:40,2026-08-08,MLB,San Francisco Giants,Detroit Tigers,spread,draftkings,-164,125,,,
2026-08-09T00:36:40,2026-08-08,MLB,San Francisco Giants,Detroit Tigers,total,draftkings,,,-104,-125,4.5
2026-08-09T00:36:40,2026-08-08,MLB,San Francisco Giants,Detroit Tigers,moneyline,betmgm,175,-220,,,
2026-08-09T00:36:40,2026-08-08,MLB,San Francisco Giants,Detroit Tigers,spread,betmgm,-135,105,,,
2026-08-09T00:36:40,2026-08-08,MLB,San Francisco Giants,Detroit Tigers,total,betmgm,,,-105,-120,4.5
2026-08-08T00:34:35,2026-08-07,MLB,Milwaukee Brewers,Minnesota Twins,spread,betmgm,-110,-118,,,
2026-08-09T00:36:40,2026-08-08,MLB,Philadelphia Phillies,Toronto Blue Jays,moneyline,fanduel,-1150,900,,,
2026-08-09T00:36:40,2026-08-08,MLB,Philadelphia Phillies,Toronto Blue Jays,spread,fanduel,-300,210,,,
2026-08-09T00:36:40,2026-08-08,MLB,Philadelphia Phillies,Toronto Blue Jays,total,fanduel,,,-154,116,6.5
2026-08-09T00:36:40,2026-08-08,MLB,Philadelphia Phillies,Toronto Blue Jays,moneyline,draftkings,-1020,710,,,
2026-08-09T00:36:40,2026-08-08,MLB,Philadelphia Phillies,Toronto Blue Jays,spread,draftkings,-227,170,,,
2026-08-09T00:36:40,2026-08-08,MLB,Philadelphia Phillies,Toronto Blue Jays,total,draftkings,,,-170,130,6.5
2026-08-09T00:36:40,2026-08-08,MLB,Philadelphia Phillies,Toronto Blue Jays,moneyline,betmgm,-1400,725,,,
2026-08-09T00:36:40,2026-08-08,MLB,Philadelphia Phillies,Toronto Blue Jays,spread,betmgm,-250,190,,,
2026-08-09T00:36:40,2026-08-08,MLB,Philadelphia Phillies,Toronto Blue Jays,total,betmgm,,,-160,125,6.5
2026-08-08T17:15:43,2026-08-08,MLB,New York Yankees,Atlanta Braves,moneyline,fanduel,134,-144,,,
2026-08-08T17:15:43,2026-08-08,MLB,New York Yankees,Atlanta Braves,spread,fanduel,-137,114,,,
2026-08-08T17:15:43,2026-08-08,MLB,New York Yankees,Atlanta Braves,total,fanduel,,,-112,-108,7.5
2026-08-08T17:15:43,2026-08-08,MLB,New York Yankees,Atlanta Braves,moneyline,draftkings,131,-141,,,
2026-08-08T17:15:43,2026-08-08,MLB,New York Yankees,Atlanta Braves,spread,draftkings,-149,124,,,
2026-08-08T17:15:43,2026-08-08,MLB,New York Yankees,Atlanta Braves,total,draftkings,,,-115,-105,7.5
2026-08-08T17:15:43,2026-08-08,MLB,New York Yankees,Atlanta Braves,moneyline,betmgm,125,-150,,,
2026-08-08T17:15:43,2026-08-08,MLB,New York Yankees,Atlanta Braves,total,betmgm,,,-110,-110,7.5
2026-08-08T17:15:43,2026-08-08,MLB,New York Yankees,Atlanta Braves,spread,betmgm,-145,120,,,
2026-08-08T17:15:43,2026-08-08,MLB,Boston Red Sox,Athletics,moneyline,fanduel,-250,230,,,
2026-08-08T17:15:43,2026-08-08,MLB,Boston Red Sox,Athletics,spread,fanduel,-130,108,,,
2026-08-08T17:15:43,2026-08-08,MLB,Boston Red Sox,Athletics,total,fanduel,,,-106,-114,9.0
2026-08-08T17:15:43,2026-08-08,MLB,Boston Red Sox,Athletics,moneyline,draftkings,-250,230,,,
2026-08-08T17:15:43,2026-08-08,MLB,Boston Red Sox,Athletics,spread,draftkings,-131,109,,,
2026-08-08T17:15:43,2026-08-08,MLB,Boston Red Sox,Athletics,total,draftkings,,,-105,-115,9.0
2026-08-08T17:15:43,2026-08-08,MLB,Boston Red Sox,Athletics,moneyline,betmgm,-275,220,,,
2026-08-08T17:15:43,2026-08-08,MLB,Boston Red Sox,Athletics,spread,betmgm,-145,110,,,
2026-08-08T17:15:43,2026-08-08,MLB,Boston Red Sox,Athletics,total,betmgm,,,-105,-115,9.0
2026-08-08T17:15:43,2026-08-08,MLB,Miami Marlins,Los Angeles Angels,moneyline,fanduel,-154,142,,,
2026-08-08T17:15:43,2026-08-08,MLB,Miami Marlins,Los Angeles Angels,spread,fanduel,142,-172,,,
2026-08-08T17:15:43,2026-08-08,MLB,Miami Marlins,Los Angeles Angels,total,fanduel,,,-104,-118,7.5
2026-08-08T17:15:43,2026-08-08,MLB,Miami Marlins,Los Angeles Angels,moneyline,draftkings,-145,135,,,
2026-08-08T17:15:43,2026-08-08,MLB,Miami Marlins,Los Angeles Angels,spread,draftkings,142,-172,,,
2026-08-08T17:15:43,2026-08-08,MLB,Miami Marlins,Los Angeles Angels,total,draftkings,,,104,-125,7.5
2026-08-08T17:15:43,2026-08-08,MLB,Miami Marlins,Los Angeles Angels,moneyline,betmgm,-160,135,,,
2026-08-08T17:15:43,2026-08-08,MLB,Miami Marlins,Los Angeles Angels,spread,betmgm,135,-160,,,
2026-08-08T17:15:43,2026-08-08,MLB,Miami Marlins,Los Angeles Angels,total,betmgm,,,-102,-118,7.5
2026-08-08T17:15:43,2026-08-08,MLB,Pittsburgh Pirates,New York Mets,moneyline,fanduel,-122,114,,,
2026-08-09T00:36:40,2026-08-08,MLB,Pittsburgh Pirates,New York Mets,spread,fanduel,126,-168,,,
2026-08-09T00:36:40,2026-08-08,MLB,Pittsburgh Pirates,New York Mets,total,fanduel,,,-138,104,10.5
2026-08-08T17:15:43,2026-08-08,MLB,Pittsburgh Pirates,New York Mets,moneyline,draftkings,-120,112,,,
2026-08-09T00:36:40,2026-08-08,MLB,Pittsburgh Pirates,New York Mets,spread,draftkings,135,-177,,,
2026-08-09T00:36:40,2026-08-08,MLB,Pittsburgh Pirates,New York Mets,total,draftkings,,,-126,-103,10.5
2026-08-09T00:36:40,2026-08-08,MLB,Pittsburgh Pirates,New York Mets,moneyline,betmgm,-10000,3300,,,
2026-08-09T00:36:40,2026-08-08,MLB,Pittsburgh Pirates,New York Mets,spread,betmgm,125,-160,,,
2026-08-09T00:36:40,2026-08-08,MLB,Pittsburgh Pirates,New York Mets,total,betmgm,,,-110,-115,10.5
2026-08-09T00:36:40,2026-08-08,MLB,Washington Nationals,Cincinnati Reds,moneyline,fanduel,-2000,1400,,,
2026-08-09T00:36:40,2026-08-08,MLB,Washington Nationals,Cincinnati Reds,spread,fanduel,-146,110,,,
2026-08-09T00:36:40,2026-08-08,MLB,Washington Nationals,Cincinnati Reds,total,fanduel,,,-166,124,9.5
2026-08-09T00:36:40,2026-08-08,MLB,Washington Nationals,Cincinnati Reds,moneyline,draftkings,-2100,1140,,,
2026-08-09T00:36:40,2026-08-08,MLB,Washington Nationals,Cincinnati Reds,spread,draftkings,-140,108,,,
2026-08-09T00:36:40,2026-08-08,MLB,Washington Nationals,Cincinnati Reds,total,draftkings,,,110,-143,10.5
2026-08-09T00:36:40,2026-08-08,MLB,Washington Nationals,Cincinnati Reds,moneyline,betmgm,-5000,1200,,,
2026-08-09T00:36:40,2026-08-08,MLB,Washington Nationals,Cincinnati Reds,spread,betmgm,-150,115,,,
2026-08-09T00:36:40,2026-08-08,MLB,Washington Nationals,Cincinnati Reds,total,betmgm,,,120,-155,10.5
2026-08-09T00:36:40,2026-08-08,MLB,Milwaukee Brewers,Minnesota Twins,moneyline,fanduel,-125,110,,,
2026-08-09T00:36:40,2026-08-08,MLB,Milwaukee Brewers,Minnesota Twins,spread,fanduel,250,-360,,,
2026-08-09T00:36:40,2026-08-08,MLB,Milwaukee Brewers,Minnesota Twins,total,fanduel,,,-132,100,9.5
2026-08-09T00:36:40,2026-08-08,MLB,Milwaukee Brewers,Minnesota Twins,moneyline,draftkings,-147,128,,,
2026-08-09T00:36:40,2026-08-08,MLB,Milwaukee Brewers,Minnesota Twins,spread,draftkings,218,-299,,,
2026-08-09T00:36:40,2026-08-08,MLB,Milwaukee Brewers,Minnesota Twins,total,draftkings,,,-105,-124,10.5
2026-08-09T00:36:40,2026-08-08,MLB,Milwaukee Brewers,Minnesota Twins,moneyline,betmgm,-145,115,,,
2026-08-09T00:36:40,2026-08-08,MLB,Milwaukee Brewers,Minnesota Twins,total,betmgm,,,-102,-125,10.5
2026-08-09T00:36:40,2026-08-08,MLB,Chicago White Sox,Cleveland Guardians,moneyline,fanduel,-125,110,,,
2026-08-09T00:36:40,2026-08-08,MLB,Chicago White Sox,Cleveland Guardians,spread,fanduel,225,-320,,,
2026-08-09T00:36:40,2026-08-08,MLB,Chicago White Sox,Cleveland Guardians,total,fanduel,,,-112,-118,4.5
2026-08-09T00:36:40,2026-08-08,MLB,Chicago White Sox,Cleveland Guardians,moneyline,draftkings,-128,111,,,
2026-08-09T00:36:40,2026-08-08,MLB,Chicago White Sox,Cleveland Guardians,spread,draftkings,216,-297,,,
2026-08-09T00:36:40,2026-08-08,MLB,Chicago White Sox,Cleveland Guardians,total,draftkings,,,-101,-129,4.5
2026-08-09T00:36:40,2026-08-08,MLB,Chicago White Sox,Cleveland Guardians,moneyline,betmgm,-135,105,,,
2026-08-09T00:36:40,2026-08-08,MLB,Chicago White Sox,Cleveland Guardians,spread,betmgm,210,-285,,,
2026-08-09T00:36:40,2026-08-08,MLB,Chicago White Sox,Cleveland Guardians,total,betmgm,,,-105,-120,4.5
2026-08-09T17:16:53,2026-08-09,MLB,Arizona Diamondbacks,Los Angeles Dodgers,moneyline,fanduel,132,-142,,,
2026-08-09T17:16:53,2026-08-09,MLB,Arizona Diamondbacks,Los Angeles Dodgers,spread,fanduel,-138,115,,,
2026-08-09T17:16:53,2026-08-09,MLB,Arizona Diamondbacks,Los Angeles Dodgers,total,fanduel,,,-105,-115,9.0
2026-08-09T17:16:53,2026-08-09,MLB,Arizona Diamondbacks,Los Angeles Dodgers,moneyline,draftkings,131,-141,,,
2026-08-09T17:16:53,2026-08-09,MLB,Arizona Diamondbacks,Los Angeles Dodgers,spread,draftkings,-131,109,,,
2026-08-09T17:16:53,2026-08-09,MLB,Arizona Diamondbacks,Los Angeles Dodgers,total,draftkings,,,-107,-112,9.0
2026-08-09T17:16:53,2026-08-09,MLB,Arizona Diamondbacks,Los Angeles Dodgers,moneyline,betmgm,125,-155,,,
2026-08-09T17:16:53,2026-08-09,MLB,Arizona Diamondbacks,Los Angeles Dodgers,spread,betmgm,-135,110,,,
2026-08-09T17:16:53,2026-08-09,MLB,Arizona Diamondbacks,Los Angeles Dodgers,total,betmgm,,,-105,-115,9.0
2026-08-09T17:16:53,2026-08-09,MLB,Seattle Mariners,Tampa Bay Rays,moneyline,fanduel,-106,-102,,,
2026-08-09T17:16:53,2026-08-09,MLB,Seattle Mariners,Tampa Bay Rays,spread,fanduel,-200,164,,,
2026-08-09T17:16:53,2026-08-09,MLB,Seattle Mariners,Tampa Bay Rays,total,fanduel,,,-104,-118,7.5
2026-08-09T17:16:53,2026-08-09,MLB,Seattle Mariners,Tampa Bay Rays,moneyline,draftkings,-104,-104,,,
2026-08-09T17:16:53,2026-08-09,MLB,Seattle Mariners,Tampa Bay Rays,spread,draftkings,-193,159,,,
2026-08-09T17:16:53,2026-08-09,MLB,Seattle Mariners,Tampa Bay Rays,total,draftkings,,,-124,103,7.0
2026-08-09T17:16:53,2026-08-09,MLB,Seattle Mariners,Tampa Bay Rays,moneyline,betmgm,-110,-110,,,
2026-08-09T17:16:53,2026-08-09,MLB,Seattle Mariners,Tampa Bay Rays,spread,betmgm,-200,165,,,
2026-08-09T17:16:53,2026-08-09,MLB,Seattle Mariners,Tampa Bay Rays,total,betmgm,,,-125,105,7.0
2026-08-09T17:16:53,2026-08-09,MLB,Washington Nationals,Cincinnati Reds,moneyline,fanduel,-390,330,,,
2026-08-09T17:16:53,2026-08-09,MLB,Washington Nationals,Cincinnati Reds,spread,fanduel,114,-152,,,
2026-08-09T17:16:53,2026-08-09,MLB,Washington Nationals,Cincinnati Reds,total,fanduel,,,100,-132,9.5
2026-08-09T17:16:53,2026-08-09,MLB,New York Yankees,Atlanta Braves,moneyline,draftkings,-141,131,,,
2026-08-09T17:16:53,2026-08-09,MLB,New York Yankees,Atlanta Braves,spread,draftkings,137,-166,,,
2026-08-09T17:16:53,2026-08-09,MLB,New York Yankees,Atlanta Braves,total,draftkings,,,-108,-112,8.5
2026-08-09T17:16:53,2026-08-09,MLB,New York Yankees,Atlanta Braves,moneyline,fanduel,-138,128,,,
2026-08-09T17:16:53,2026-08-09,MLB,New York Yankees,Atlanta Braves,spread,fanduel,138,-166,,,
2026-08-09T17:16:53,2026-08-09,MLB,New York Yankees,Atlanta Braves,total,fanduel,,,-110,-110,8.5
2026-08-09T17:16:53,2026-08-09,MLB,New York Yankees,Atlanta Braves,moneyline,betmgm,-145,120,,,
2026-08-09T17:16:53,2026-08-09,MLB,New York Yankees,Atlanta Braves,total,betmgm,,,-110,-110,8.5
2026-08-09T17:16:53,2026-08-09,MLB,Pittsburgh Pirates,New York Mets,moneyline,draftkings,-140,130,,,
2026-08-09T17:16:53,2026-08-09,MLB,Pittsburgh Pirates,New York Mets,spread,draftkings,144,-175,,,
2026-08-09T17:16:53,2026-08-09,MLB,Pittsburgh Pirates,New York Mets,total,draftkings,,,-115,-105,8.0
2026-08-09T17:16:53,2026-08-09,MLB,Pittsburgh Pirates,New York Mets,moneyline,fanduel,-142,132,,,
2026-08-09T17:16:53,2026-08-09,MLB,Pittsburgh Pirates,New York Mets,spread,fanduel,140,-170,,,
2026-08-09T17:16:53,2026-08-09,MLB,Pittsburgh Pirates,New York Mets,total,fanduel,,,-102,-120,8.5
2026-08-09T17:16:53,2026-08-09,MLB,Pittsburgh Pirates,New York Mets,moneyline,betmgm,-145,120,,,
2026-08-09T17:16:53,2026-08-09,MLB,Pittsburgh Pirates,New York Mets,spread,betmgm,145,-175,,,
2026-08-09T17:16:53,2026-08-09,MLB,Pittsburgh Pirates,New York Mets,total,betmgm,,,100,-120,8.5
2026-08-09T17:16:53,2026-08-09,MLB,Philadelphia Phillies,Toronto Blue Jays,moneyline,fanduel,-220,200,,,
2026-08-09T17:16:53,2026-08-09,MLB,Philadelphia Phillies,Toronto Blue Jays,spread,fanduel,-108,-111,,,
2026-08-09T17:16:53,2026-08-09,MLB,Philadelphia Phillies,Toronto Blue Jays,total,fanduel,,,-106,-114,8.5
2026-08-09T17:16:53,2026-08-09,MLB,Miami Marlins,Los Angeles Angels,moneyline,draftkings,-140,131,,,
2026-08-09T17:16:53,2026-08-09,MLB,Miami Marlins,Los Angeles Angels,spread,draftkings,138,-167,,,
2026-08-09T17:16:53,2026-08-09,MLB,Miami Marlins,Los Angeles Angels,total,draftkings,,,-106,-114,8.5
2026-08-09T17:16:53,2026-08-09,MLB,Miami Marlins,Los Angeles Angels,moneyline,fanduel,-138,128,,,
2026-08-09T17:16:53,2026-08-09,MLB,Miami Marlins,Los Angeles Angels,spread,fanduel,146,-178,,,
2026-08-09T17:16:53,2026-08-09,MLB,Miami Marlins,Los Angeles Angels,total,fanduel,,,-106,-114,8.5
2026-08-09T17:16:53,2026-08-09,MLB,Miami Marlins,Los Angeles Angels,moneyline,betmgm,-150,125,,,
2026-08-09T17:16:53,2026-08-09,MLB,Miami Marlins,Los Angeles Angels,spread,betmgm,135,-160,,,
2026-08-09T17:16:53,2026-08-09,MLB,Miami Marlins,Los Angeles Angels,total,betmgm,,,-102,-118,8.5
2026-08-09T17:16:53,2026-08-09,MLB,Kansas City Royals,Chicago Cubs,moneyline,draftkings,147,-158,,,
2026-08-09T17:16:53,2026-08-09,MLB,Kansas City Royals,Chicago Cubs,spread,draftkings,-112,-108,,,
2026-08-09T17:16:53,2026-08-09,MLB,Kansas City Royals,Chicago Cubs,total,draftkings,,,-103,-117,10.5
2026-08-09T17:16:53,2026-08-09,MLB,Kansas City Royals,Chicago Cubs,moneyline,fanduel,142,-154,,,
2026-08-09T17:16:53,2026-08-09,MLB,Kansas City Royals,Chicago Cubs,spread,fanduel,-110,-110,,,
2026-08-09T17:16:53,2026-08-09,MLB,Kansas City Royals,Chicago Cubs,total,fanduel,,,-102,-120,10.5
2026-08-09T17:16:53,2026-08-09,MLB,Kansas City Royals,Chicago Cubs,moneyline,betmgm,140,-170,,,
2026-08-09T17:16:53,2026-08-09,MLB,Kansas City Royals,Chicago Cubs,spread,betmgm,-110,-110,,,
2026-08-09T17:16:53,2026-08-09,MLB,Kansas City Royals,Chicago Cubs,total,betmgm,,,100,-120,10.5
2026-08-09T17:16:53,2026-08-09,MLB,Chicago White Sox,Cleveland Guardians,moneyline,draftkings,116,-125,,,
2026-08-09T17:16:53,2026-08-09,MLB,Chicago White Sox,Cleveland Guardians,spread,draftkings,-149,123,,,
2026-08-09T17:16:53,2026-08-09,MLB,Chicago White Sox,Cleveland Guardians,total,draftkings,,,-107,-112,8.5
2026-08-09T17:16:53,2026-08-09,MLB,Chicago White Sox,Cleveland Guardians,moneyline,fanduel,116,-126,,,
2026-08-09T17:16:53,2026-08-09,MLB,Chicago White Sox,Cleveland Guardians,spread,fanduel,-154,128,,,
2026-08-09T17:16:53,2026-08-09,MLB,Chicago White Sox,Cleveland Guardians,total,fanduel,,,-104,-118,8.5
2026-08-09T17:16:53,2026-08-09,MLB,Chicago White Sox,Cleveland Guardians,moneyline,betmgm,110,-135,,,
2026-08-09T17:16:53,2026-08-09,MLB,Chicago White Sox,Cleveland Guardians,spread,betmgm,-155,125,,,
2026-08-09T17:16:53,2026-08-09,MLB,Chicago White Sox,Cleveland Guardians,total,betmgm,,,-105,-115,8.5
2026-08-09T17:16:53,2026-08-09,MLB,Milwaukee Brewers,Minnesota Twins,moneyline,draftkings,-258,238,,,
2026-08-09T17:16:53,2026-08-09,MLB,Milwaukee Brewers,Minnesota Twins,spread,draftkings,-124,103,,,
2026-08-09T17:16:53,2026-08-09,MLB,Milwaukee Brewers,Minnesota Twins,total,draftkings,,,-121,100,7.0
2026-08-09T17:16:53,2026-08-09,MLB,Milwaukee Brewers,Minnesota Twins,moneyline,fanduel,-260,235,,,
2026-08-09T17:16:53,2026-08-09,MLB,Milwaukee Brewers,Minnesota Twins,spread,fanduel,-120,100,,,
2026-08-09T17:16:53,2026-08-09,MLB,Milwaukee Brewers,Minnesota Twins,total,fanduel,,,-122,100,7.0
2026-08-09T17:16:53,2026-08-09,MLB,Milwaukee Brewers,Minnesota Twins,moneyline,betmgm,-275,220,,,
2026-08-09T17:16:53,2026-08-09,MLB,Milwaukee Brewers,Minnesota Twins,total,betmgm,,,-118,-102,7.0
2026-08-09T17:16:53,2026-08-09,MLB,St. Louis Cardinals,Colorado Rockies,moneyline,draftkings,-158,147,,,
2026-08-09T17:16:53,2026-08-09,MLB,St. Louis Cardinals,Colorado Rockies,spread,draftkings,119,-143,,,
2026-08-09T17:16:53,2026-08-09,MLB,St. Louis Cardinals,Colorado Rockies,total,draftkings,,,-119,-101,9.0
2026-08-09T17:16:53,2026-08-09,MLB,St. Louis Cardinals,Colorado Rockies,moneyline,fanduel,-158,146,,,
2026-08-09T17:16:53,2026-08-09,MLB,St. Louis Cardinals,Colorado Rockies,spread,fanduel,126,-152,,,
2026-08-09T17:16:53,2026-08-09,MLB,St. Louis Cardinals,Colorado Rockies,total,fanduel,,,104,-128,9.5
2026-08-09T17:16:53,2026-08-09,MLB,St. Louis Cardinals,Colorado Rockies,moneyline,betmgm,-170,140,,,
2026-08-09T17:16:53,2026-08-09,MLB,St. Louis Cardinals,Colorado Rockies,spread,betmgm,118,-145,,,
2026-08-09T17:16:53,2026-08-09,MLB,St. Louis Cardinals,Colorado Rockies,total,betmgm,,,-120,100,9.0
2026-08-09T17:16:53,2026-08-09,MLB,Texas Rangers,Baltimore Orioles,moneyline,draftkings,-124,116,,,
2026-08-09T17:16:53,2026-08-09,MLB,Texas Rangers,Baltimore Orioles,spread,draftkings,157,-191,,,
2026-08-09T17:16:53,2026-08-09,MLB,Texas Rangers,Baltimore Orioles,total,draftkings,,,-119,-101,8.0
2026-08-09T17:16:53,2026-08-09,MLB,Texas Rangers,Baltimore Orioles,moneyline,fanduel,-126,116,,,
2026-08-09T17:16:53,2026-08-09,MLB,Texas Rangers,Baltimore Orioles,spread,fanduel,155,-192,,,
2026-08-09T17:16:53,2026-08-09,MLB,Texas Rangers,Baltimore Orioles,total,fanduel,,,100,-122,8.5
2026-08-09T17:16:53,2026-08-09,MLB,Texas Rangers,Baltimore Orioles,moneyline,betmgm,-135,110,,,
2026-08-09T17:16:53,2026-08-09,MLB,Texas Rangers,Baltimore Orioles,spread,betmgm,155,-190,,,
2026-08-09T17:16:53,2026-08-09,MLB,Texas Rangers,Baltimore Orioles,total,betmgm,,,-120,100,8.0
2026-08-09T17:16:53,2026-08-09,MLB,San Francisco Giants,Detroit Tigers,moneyline,draftkings,111,-119,,,
2026-08-09T17:16:53,2026-08-09,MLB,San Francisco Giants,Detroit Tigers,spread,draftkings,-167,138,,,
2026-08-09T17:16:53,2026-08-09,MLB,San Francisco Giants,Detroit Tigers,total,draftkings,,,101,-122,7.5
2026-08-09T17:16:53,2026-08-09,MLB,San Francisco Giants,Detroit Tigers,moneyline,fanduel,108,-116,,,
2026-08-09T17:16:53,2026-08-09,MLB,San Francisco Giants,Detroit Tigers,spread,fanduel,-172,142,,,
2026-08-09T17:16:53,2026-08-09,MLB,San Francisco Giants,Detroit Tigers,total,fanduel,,,100,-122,7.5
2026-08-09T17:16:53,2026-08-09,MLB,San Francisco Giants,Detroit Tigers,moneyline,betmgm,105,-125,,,
2026-08-09T17:16:53,2026-08-09,MLB,San Francisco Giants,Detroit Tigers,spread,betmgm,-165,135,,,
2026-08-09T17:16:53,2026-08-09,MLB,San Francisco Giants,Detroit Tigers,total,betmgm,,,100,-120,7.5
2026-08-09T17:16:53,2026-08-09,MLB,Washington Nationals,Cincinnati Reds,moneyline,betmgm,-425,310,,,
2026-08-09T17:16:53,2026-08-09,MLB,Washington Nationals,Cincinnati Reds,spread,betmgm,-160,125,,,
2026-08-09T17:16:53,2026-08-09,MLB,Washington Nationals,Cincinnati Reds,total,betmgm,,,105,-135,9.5
2026-08-09T17:16:53,2026-08-09,MLB,Washington Nationals,Cincinnati Reds,moneyline,draftkings,-378,312,,,
2026-08-09T17:16:53,2026-08-09,MLB,Washington Nationals,Cincinnati Reds,spread,draftkings,113,-147,,,
2026-08-09T17:16:53,2026-08-09,MLB,Washington Nationals,Cincinnati Reds,total,draftkings,,,-104,-125,9.5
2026-08-09T17:16:53,2026-08-09,MLB,Boston Red Sox,Athletics,moneyline,draftkings,-215,199,,,
2026-08-09T17:16:53,2026-08-09,MLB,Boston Red Sox,Athletics,spread,draftkings,-115,-105,,,
2026-08-09T17:16:53,2026-08-09,MLB,Boston Red Sox,Athletics,total,draftkings,,,101,-122,9.5
2026-08-09T17:16:53,2026-08-09,MLB,Boston Red Sox,Athletics,moneyline,fanduel,-205,190,,,
2026-08-09T17:16:53,2026-08-09,MLB,Boston Red Sox,Athletics,spread,fanduel,-110,-110,,,
2026-08-09T17:16:53,2026-08-09,MLB,Boston Red Sox,Athletics,total,fanduel,,,-105,-115,9.5
2026-08-09T17:16:53,2026-08-09,MLB,Boston Red Sox,Athletics,moneyline,betmgm,-225,185,,,
2026-08-09T17:16:53,2026-08-09,MLB,Boston Red Sox,Athletics,spread,betmgm,-115,-105,,,
2026-08-09T17:16:53,2026-08-09,MLB,Boston Red Sox,Athletics,total,betmgm,,,-102,-118,9.5
2026-08-09T17:16:53,2026-08-09,MLB,Philadelphia Phillies,Toronto Blue Jays,moneyline,draftkings,-229,212,,,
2026-08-09T17:16:53,2026-08-09,MLB,Philadelphia Phillies,Toronto Blue Jays,spread,draftkings,-113,-107,,,
2026-08-09T17:16:53,2026-08-09,MLB,Philadelphia Phillies,Toronto Blue Jays,total,draftkings,,,-108,-112,8.5
2026-08-09T17:16:53,2026-08-09,MLB,Philadelphia Phillies,Toronto Blue Jays,moneyline,betmgm,-235,190,,,
2026-08-09T17:16:53,2026-08-09,MLB,Philadelphia Phillies,Toronto Blue Jays,spread,betmgm,-115,-105,,,
2026-08-09T17:16:53,2026-08-09,MLB,Philadelphia Phillies,Toronto Blue Jays,total,betmgm,,,-110,-110,8.5
2026-08-10T00:38:29,2026-08-10,MLB,San Diego Padres,Houston Astros,moneyline,draftkings,-118,103,,,
2026-08-10T00:38:29,2026-08-10,MLB,San Diego Padres,Houston Astros,spread,draftkings,-220,165,,,
2026-08-10T00:38:29,2026-08-10,MLB,San Diego Padres,Houston Astros,total,draftkings,,,-103,-126,7.5
2026-08-10T00:38:29,2026-08-10,MLB,San Diego Padres,Houston Astros,moneyline,betmgm,-120,-102,,,
2026-08-10T00:38:29,2026-08-10,MLB,San Diego Padres,Houston Astros,spread,betmgm,-220,170,,,
2026-08-10T00:38:29,2026-08-10,MLB,San Diego Padres,Houston Astros,total,betmgm,,,105,-135,7.5
2026-08-10T00:38:29,2026-08-10,MLB,San Diego Padres,Houston Astros,moneyline,fanduel,-110,-105,,,
2026-08-10T00:38:29,2026-08-10,MLB,San Diego Padres,Houston Astros,spread,fanduel,182,-250,,,
2026-08-10T00:38:29,2026-08-10,MLB,San Diego Padres,Houston Astros,total,fanduel,,,-110,-120,7.5
2026-08-11T00:37:21,2026-08-10,MLB,Toronto Blue Jays,Boston Red Sox,moneyline,draftkings,-116,101,,,
2026-08-11T00:37:21,2026-08-10,MLB,Toronto Blue Jays,Boston Red Sox,spread,draftkings,-280,205,,,
2026-08-11T00:37:21,2026-08-10,MLB,Toronto Blue Jays,Boston Red Sox,total,draftkings,,,-144,111,4.5
2026-08-11T00:37:21,2026-08-10,MLB,Toronto Blue Jays,Boston Red Sox,moneyline,fanduel,-135,120,,,
2026-08-11T00:37:21,2026-08-10,MLB,Toronto Blue Jays,Boston Red Sox,spread,fanduel,240,-350,,,
2026-08-11T00:37:21,2026-08-10,MLB,Toronto Blue Jays,Boston Red Sox,total,fanduel,,,-138,104,4.5
2026-08-11T00:37:21,2026-08-10,MLB,Toronto Blue Jays,Boston Red Sox,moneyline,betmgm,-125,100,,,
2026-08-11T00:37:21,2026-08-10,MLB,Toronto Blue Jays,Boston Red Sox,spread,betmgm,-285,210,,,
2026-08-11T00:37:21,2026-08-10,MLB,Toronto Blue Jays,Boston Red Sox,total,betmgm,,,-150,118,4.5
2026-08-11T00:37:21,2026-08-10,MLB,Atlanta Braves,New York Mets,moneyline,draftkings,600,-820,,,
2026-08-11T00:37:21,2026-08-10,MLB,Atlanta Braves,New York Mets,spread,draftkings,-135,104,,,
2026-08-11T00:37:21,2026-08-10,MLB,Atlanta Braves,New York Mets,total,draftkings,,,-134,103,13.5
2026-08-11T00:37:21,2026-08-10,MLB,Atlanta Braves,New York Mets,moneyline,betmgm,700,-1200,,,
2026-08-11T00:37:21,2026-08-10,MLB,Atlanta Braves,New York Mets,spread,betmgm,-135,105,,,
2026-08-11T00:37:21,2026-08-10,MLB,Atlanta Braves,New York Mets,total,betmgm,,,-135,105,13.5
2026-08-11T00:37:21,2026-08-10,MLB,Atlanta Braves,New York Mets,moneyline,fanduel,700,-900,,,
2026-08-11T00:37:21,2026-08-10,MLB,Atlanta Braves,New York Mets,spread,fanduel,-120,-110,,,
2026-08-11T00:37:21,2026-08-10,MLB,Atlanta Braves,New York Mets,total,fanduel,,,100,-132,14.5
2026-08-11T00:37:21,2026-08-10,MLB,Minnesota Twins,Baltimore Orioles,moneyline,draftkings,-123,105,,,
2026-08-11T00:37:21,2026-08-10,MLB,Minnesota Twins,Baltimore Orioles,spread,draftkings,190,-257,,,
2026-08-11T00:37:21,2026-08-10,MLB,Minnesota Twins,Baltimore Orioles,total,draftkings,,,-151,115,6.5
2026-08-11T00:37:21,2026-08-10,MLB,Minnesota Twins,Baltimore Orioles,moneyline,fanduel,-135,120,,,
2026-08-11T00:37:21,2026-08-10,MLB,Minnesota Twins,Baltimore Orioles,spread,fanduel,182,-250,,,
2026-08-11T00:37:21,2026-08-10,MLB,Minnesota Twins,Baltimore Orioles,total,fanduel,,,-148,112,6.5
2026-08-11T00:37:21,2026-08-10,MLB,Minnesota Twins,Baltimore Orioles,moneyline,betmgm,-190,150,,,
2026-08-11T00:37:21,2026-08-10,MLB,Minnesota Twins,Baltimore Orioles,total,betmgm,,,-105,-120,6.5
2026-08-11T00:37:21,2026-08-10,MLB,St. Louis Cardinals,Philadelphia Phillies,moneyline,fanduel,200,-230,,,
2026-08-11T00:37:21,2026-08-10,MLB,St. Louis Cardinals,Philadelphia Phillies,spread,fanduel,102,-136,,,
2026-08-11T00:37:21,2026-08-10,MLB,St. Louis Cardinals,Philadelphia Phillies,total,fanduel,,,-132,100,7.5
2026-08-11T00:37:21,2026-08-10,MLB,St. Louis Cardinals,Philadelphia Phillies,moneyline,draftkings,217,-255,,,
2026-08-11T00:37:21,2026-08-10,MLB,St. Louis Cardinals,Philadelphia Phillies,spread,draftkings,109,-142,,,
2026-08-11T00:37:21,2026-08-10,MLB,St. Louis Cardinals,Philadelphia Phillies,total,draftkings,,,-127,-102,7.5
2026-08-11T00:37:21,2026-08-10,MLB,St. Louis Cardinals,Philadelphia Phillies,moneyline,betmgm,190,-250,,,
2026-08-11T00:37:21,2026-08-10,MLB,St. Louis Cardinals,Philadelphia Phillies,spread,betmgm,105,-135,,,
2026-08-11T00:37:21,2026-08-10,MLB,St. Louis Cardinals,Philadelphia Phillies,total,betmgm,,,-118,-110,7.5
2026-08-11T00:37:21,2026-08-11,MLB,Los Angeles Angels,Texas Rangers,moneyline,draftkings,-101,-106,,,
2026-08-11T00:37:21,2026-08-11,MLB,Los Angeles Angels,Texas Rangers,spread,draftkings,-174,143,,,
2026-08-11T00:37:21,2026-08-11,MLB,Los Angeles Angels,Texas Rangers,total,draftkings,,,-114,-105,7.5
2026-08-11T00:37:21,2026-08-11,MLB,Los Angeles Angels,Texas Rangers,moneyline,fanduel,100,-108,,,
2026-08-11T00:37:21,2026-08-11,MLB,Los Angeles Angels,Texas Rangers,spread,fanduel,-184,152,,,
2026-08-11T00:37:21,2026-08-11,MLB,Los Angeles Angels,Texas Rangers,total,fanduel,,,-115,-105,7.5
2026-08-11T00:37:21,2026-08-11,MLB,Los Angeles Angels,Texas Rangers,moneyline,betmgm,-105,-115,,,
2026-08-11T00:37:21,2026-08-11,MLB,Los Angeles Angels,Texas Rangers,spread,betmgm,-175,145,,,
2026-08-11T00:37:21,2026-08-11,MLB,Los Angeles Angels,Texas Rangers,total,betmgm,,,-118,-102,7.5
2026-08-11T00:37:21,2026-08-11,MLB,Arizona Diamondbacks,Colorado Rockies,moneyline,draftkings,-204,189,,,
2026-08-11T00:37:21,2026-08-11,MLB,Arizona Diamondbacks,Colorado Rockies,spread,draftkings,-105,-114,,,
2026-08-11T00:37:21,2026-08-11,MLB,Arizona Diamondbacks,Colorado Rockies,total,draftkings,,,-115,-105,8.5
2026-08-11T00:37:21,2026-08-11,MLB,Arizona Diamondbacks,Colorado Rockies,moneyline,betmgm,-220,180,,,
2026-08-11T00:37:21,2026-08-11,MLB,Arizona Diamondbacks,Colorado Rockies,spread,betmgm,-105,-115,,,
2026-08-11T00:37:21,2026-08-11,MLB,Arizona Diamondbacks,Colorado Rockies,total,betmgm,,,-115,-105,8.5
2026-08-11T00:37:21,2026-08-11,MLB,Arizona Diamondbacks,Colorado Rockies,moneyline,fanduel,-205,186,,,
2026-08-11T00:37:21,2026-08-11,MLB,Arizona Diamondbacks,Colorado Rockies,spread,fanduel,-102,-118,,,
2026-08-11T00:37:21,2026-08-11,MLB,Arizona Diamondbacks,Colorado Rockies,total,fanduel,,,-118,-104,8.5
2026-08-11T00:37:21,2026-08-11,MLB,Athletics,Tampa Bay Rays,moneyline,fanduel,142,-154,,,
2026-08-11T00:37:21,2026-08-11,MLB,Athletics,Tampa Bay Rays,spread,fanduel,-118,-102,,,
2026-08-11T00:37:21,2026-08-11,MLB,Athletics,Tampa Bay Rays,total,fanduel,,,-105,-115,10.0
2026-08-11T00:37:21,2026-08-11,MLB,Athletics,Tampa Bay Rays,moneyline,betmgm,135,-160,,,
2026-08-11T00:37:21,2026-08-11,MLB,Athletics,Tampa Bay Rays,spread,betmgm,-118,-102,,,
2026-08-11T00:37:21,2026-08-11,MLB,Athletics,Tampa Bay Rays,total,betmgm,,,-105,-115,10.0
2026-08-11T00:37:21,2026-08-11,MLB,Athletics,Tampa Bay Rays,moneyline,draftkings,147,-158,,,
2026-08-11T00:37:21,2026-08-11,MLB,Athletics,Tampa Bay Rays,spread,draftkings,-117,-103,,,
2026-08-11T00:37:21,2026-08-11,MLB,Athletics,Tampa Bay Rays,total,draftkings,,,-106,-114,10.0
2026-08-11T00:37:21,2026-08-11,MLB,San Diego Padres,Milwaukee Brewers,moneyline,fanduel,110,-120,,,
2026-08-11T00:37:21,2026-08-11,MLB,San Diego Padres,Milwaukee Brewers,spread,fanduel,-166,138,,,
2026-08-11T00:37:21,2026-08-11,MLB,San Diego Padres,Milwaukee Brewers,total,fanduel,,,-115,-105,7.0
2026-08-11T00:37:21,2026-08-11,MLB,San Diego Padres,Milwaukee Brewers,moneyline,draftkings,113,-121,,,
2026-08-11T00:37:21,2026-08-11,MLB,San Diego Padres,Milwaukee Brewers,spread,draftkings,-174,143,,,
2026-08-11T00:37:21,2026-08-11,MLB,San Diego Padres,Milwaukee Brewers,total,draftkings,,,-112,-108,7.0
2026-08-11T00:37:21,2026-08-11,MLB,San Diego Padres,Milwaukee Brewers,moneyline,betmgm,105,-125,,,
2026-08-11T00:37:21,2026-08-11,MLB,San Diego Padres,Milwaukee Brewers,spread,betmgm,-170,140,,,
2026-08-11T00:37:21,2026-08-11,MLB,San Diego Padres,Milwaukee Brewers,total,betmgm,,,-110,-110,7.0
2026-08-11T00:37:21,2026-08-11,MLB,San Francisco Giants,Houston Astros,moneyline,fanduel,132,-142,,,
2026-08-11T00:37:21,2026-08-11,MLB,San Francisco Giants,Houston Astros,spread,fanduel,-142,118,,,
2026-08-11T00:37:21,2026-08-11,MLB,San Francisco Giants,Houston Astros,total,fanduel,,,-104,-118,8.5
2026-08-11T00:37:21,2026-08-11,MLB,San Francisco Giants,Houston Astros,moneyline,draftkings,130,-140,,,
2026-08-11T00:37:21,2026-08-11,MLB,San Francisco Giants,Houston Astros,spread,draftkings,-132,109,,,
2026-08-11T00:37:21,2026-08-11,MLB,San Francisco Giants,Houston Astros,total,draftkings,,,-118,-102,8.0
2026-08-11T00:37:21,2026-08-11,MLB,Los Angeles Dodgers,Kansas City Royals,moneyline,draftkings,-282,259,,,
2026-08-11T00:37:21,2026-08-11,MLB,Los Angeles Dodgers,Kansas City Royals,spread,draftkings,-130,108,,,
2026-08-11T00:37:21,2026-08-11,MLB,Los Angeles Dodgers,Kansas City Royals,total,draftkings,,,104,-125,7.5
2026-08-11T00:37:21,2026-08-11,MLB,Los Angeles Dodgers,Kansas City Royals,moneyline,fanduel,-270,240,,,
2026-08-11T00:37:21,2026-08-11,MLB,Los Angeles Dodgers,Kansas City Royals,spread,fanduel,-120,100,,,
2026-08-11T00:37:21,2026-08-11,MLB,Los Angeles Dodgers,Kansas City Royals,total,fanduel,,,102,-124,7.5
2026-08-11T00:37:21,2026-08-11,MLB,Los Angeles Dodgers,Kansas City Royals,moneyline,betmgm,-295,230,,,
2026-08-11T00:37:21,2026-08-11,MLB,Los Angeles Dodgers,Kansas City Royals,spread,betmgm,-130,105,,,
2026-08-11T00:37:21,2026-08-11,MLB,Los Angeles Dodgers,Kansas City Royals,total,betmgm,,,105,-125,7.5
2026-08-11T00:37:21,2026-08-11,MLB,San Francisco Giants,Houston Astros,moneyline,betmgm,125,-155,,,
2026-08-11T00:37:21,2026-08-11,MLB,San Francisco Giants,Houston Astros,spread,betmgm,-135,110,,,
2026-08-11T00:37:21,2026-08-11,MLB,San Francisco Giants,Houston Astros,total,betmgm,,,-102,-118,8.5
2026-09-03T19:28:50,2026-09-03,NCAAF,Buffalo Bulls,Albany,moneyline,draftkings,-1000,650,,,
2026-09-03T19:28:50,2026-09-03,NCAAF,Buffalo Bulls,Albany,spread,draftkings,-110,-110,,,
2026-09-03T19:28:50,2026-09-03,NCAAF,Buffalo Bulls,Albany,total,draftkings,,,-110,-110,47.5
2026-09-03T19:28:50,2026-09-03,NCAAF,UCF Knights,Bethune-Cookman Wildcats,spread,draftkings,-115,-105,,,
2026-09-03T19:28:50,2026-09-03,NCAAF,UCF Knights,Bethune-Cookman Wildcats,total,draftkings,,,-102,-118,58.5
2026-09-03T19:28:50,2026-09-03,NCAAF,Delaware Blue Hens,Merrimack Warriors,moneyline,draftkings,-50000,4000,,,
2026-09-03T19:28:50,2026-09-03,NCAAF,Delaware Blue Hens,Merrimack Warriors,spread,draftkings,-108,-112,,,
2026-09-03T19:28:50,2026-09-03,NCAAF,Delaware Blue Hens,Merrimack Warriors,total,draftkings,,,-108,-112,56.5
2026-09-03T19:28:50,2026-09-03,NCAAF,Kennesaw State Owls,West Georgia Wolves,moneyline,draftkings,-3600,1500,,,
2026-09-03T19:28:50,2026-09-03,NCAAF,Kennesaw State Owls,West Georgia Wolves,spread,draftkings,-112,-108,,,
2026-09-03T19:28:50,2026-09-03,NCAAF,Kennesaw State Owls,West Georgia Wolves,total,draftkings,,,-110,-110,50.5
2026-09-03T19:28:50,2026-09-04,NCAAF,Minnesota Golden Gophers,Eastern Illinois Panthers,spread,draftkings,-105,-115,,,
2026-09-03T19:28:50,2026-09-04,NCAAF,Minnesota Golden Gophers,Eastern Illinois Panthers,total,draftkings,,,102,-122,52.5
2026-09-03T19:28:50,2026-09-04,NCAAF,Utah Utes,Idaho Vandals,moneyline,draftkings,-100000,5000,,,
2026-09-03T19:28:50,2026-09-04,NCAAF,Utah Utes,Idaho Vandals,spread,draftkings,-112,-108,,,
2026-09-03T19:28:50,2026-09-04,NCAAF,Utah Utes,Idaho Vandals,total,draftkings,,,-108,-112,59.5
2026-09-03T19:28:50,2026-09-04,NCAAF,Georgia State Panthers,North Carolina A&T Aggies,moneyline,draftkings,-6500,2000,,,
2026-09-03T19:28:50,2026-09-04,NCAAF,Georgia State Panthers,North Carolina A&T Aggies,spread,draftkings,-122,102,,,
2026-09-03T19:28:50,2026-09-04,NCAAF,Georgia State Panthers,North Carolina A&T Aggies,total,draftkings,,,-112,-108,62.5
2026-09-03T19:28:50,2026-09-04,NCAAF,Purdue Boilermakers,Indiana State Sycamores,spread,draftkings,-110,-110,,,
2026-09-03T19:28:50,2026-09-04,NCAAF,Purdue Boilermakers,Indiana State Sycamores,total,draftkings,,,-112,-108,55.5
2026-09-03T19:28:50,2026-09-05,NCAAF,Kansas Jayhawks,LIU Sharks,spread,draftkings,-115,-105,,,
2026-09-03T19:28:50,2026-09-05,NCAAF,Kansas Jayhawks,LIU Sharks,total,draftkings,,,-115,-105,54.5
2026-09-03T19:28:50,2026-09-05,NCAAF,Arkansas Razorbacks,North Alabama Lions,spread,draftkings,-110,-110,,,
2026-09-03T19:28:50,2026-09-05,NCAAF,Arkansas Razorbacks,North Alabama Lions,total,draftkings,,,-105,-115,63.5
2026-09-03T19:28:50,2026-09-05,NCAAF,Army Black Knights,Bryant Bulldogs,spread,draftkings,-112,-108,,,
2026-09-03T19:28:50,2026-09-05,NCAAF,Army Black Knights,Bryant Bulldogs,total,draftkings,,,-102,-118,51.5
2026-09-03T19:28:50,2026-09-05,NCAAF,Bowling Green Falcons,Tarleton State Texans,moneyline,draftkings,-135,114,,,
2026-09-03T19:28:50,2026-09-05,NCAAF,Bowling Green Falcons,Tarleton State Texans,spread,draftkings,100,-120,,,
2026-09-03T19:28:50,2026-09-05,NCAAF,Bowling Green Falcons,Tarleton State Texans,total,draftkings,,,-125,105,47.5
2026-09-03T19:28:50,2026-09-05,NCAAF,UConn Huskies,Lafayette Leopards,moneyline,draftkings,-1350,800,,,
2026-09-03T19:28:50,2026-09-05,NCAAF,UConn Huskies,Lafayette Leopards,spread,draftkings,-110,-110,,,
2026-09-03T19:28:50,2026-09-05,NCAAF,UConn Huskies,Lafayette Leopards,total,draftkings,,,-105,-115,52.5
2026-08-20T00:02:12,2026-09-05,NCAAF,Syracuse Orange,New Hampshire Wildcats,moneyline,draftkings,-100000,5000,,,
2026-09-03T19:28:50,2026-09-05,NCAAF,Syracuse Orange,New Hampshire Wildcats,spread,draftkings,-108,-112,,,
2026-09-03T19:28:50,2026-09-05,NCAAF,Syracuse Orange,New Hampshire Wildcats,total,draftkings,,,-110,-110,55.5
2026-09-03T19:28:50,2026-09-05,NCAAF,Air Force Falcons,Duquesne Dukes,moneyline,draftkings,-8000,2200,,,
2026-09-03T19:28:50,2026-09-05,NCAAF,Air Force Falcons,Duquesne Dukes,spread,draftkings,-115,-105,,,
2026-09-03T19:28:50,2026-09-05,NCAAF,Air Force Falcons,Duquesne Dukes,total,draftkings,,,-102,-118,58.5
2026-09-03T19:28:50,2026-09-05,NCAAF,Iowa State Cyclones,Southeast Missouri State Redhawks,moneyline,draftkings,-20000,3500,,,
2026-09-03T19:28:50,2026-09-05,NCAAF,Iowa State Cyclones,Southeast Missouri State Redhawks,spread,draftkings,-108,-112,,,
2026-09-03T19:28:50,2026-09-05,NCAAF,Iowa State Cyclones,Southeast Missouri State Redhawks,total,draftkings,,,-105,-115,53.5
2026-09-03T19:28:50,2026-09-05,NCAAF,Kentucky Wildcats,Youngstown St Penguins,moneyline,draftkings,-3600,1500,,,
2026-09-03T19:28:50,2026-09-05,NCAAF,Kentucky Wildcats,Youngstown St Penguins,spread,draftkings,-110,-110,,,
2026-09-03T19:28:50,2026-09-05,NCAAF,Kentucky Wildcats,Youngstown St Penguins,total,draftkings,,,-110,-110,62.5
2026-09-03T19:28:50,2026-09-05,NCAAF,Temple Owls,Rhode Island Rams,moneyline,draftkings,-750,525,,,
2026-09-03T19:28:50,2026-09-05,NCAAF,Temple Owls,Rhode Island Rams,spread,draftkings,-118,-102,,,
2026-09-03T19:28:50,2026-09-05,NCAAF,Temple Owls,Rhode Island Rams,total,draftkings,,,-102,-118,51.5
2026-09-03T19:28:50,2026-09-05,NCAAF,Georgia Bulldogs,Tennessee State Tigers,spread,draftkings,-110,-110,,,
2026-09-03T19:28:50,2026-09-05,NCAAF,Georgia Bulldogs,Tennessee State Tigers,total,draftkings,,,-115,-105,55.5
2026-09-03T19:28:50,2026-09-05,NCAAF,Appalachian State Mountaineers,Maine Black Bears,moneyline,draftkings,-1100,700,,,
2026-09-03T19:28:50,2026-09-05,NCAAF,Appalachian State Mountaineers,Maine Black Bears,spread,draftkings,-112,-108,,,
2026-09-03T19:28:50,2026-09-05,NCAAF,Appalachian State Mountaineers,Maine Black Bears,total,draftkings,,,-110,-110,53.5
2026-09-03T19:28:50,2026-09-05,NCAAF,Charlotte 49ers,Citadel Bulldogs,moneyline,draftkings,-1650,950,,,
2026-09-03T19:28:50,2026-09-05,NCAAF,Charlotte 49ers,Citadel Bulldogs,spread,draftkings,-108,-112,,,
2026-09-03T19:28:50,2026-09-05,NCAAF,Charlotte 49ers,Citadel Bulldogs,total,draftkings,,,-108,-112,46.5
2026-09-03T19:28:50,2026-09-05,NCAAF,North Dakota State Bison,Fordham Rams,spread,draftkings,-108,-112,,,
2026-09-03T19:28:50,2026-09-05,NCAAF,North Dakota State Bison,Fordham Rams,total,draftkings,,,-112,-108,56.5
2026-09-03T19:28:50,2026-09-05,NCAAF,Tennessee Volunteers,Furman Paladins,spread,draftkings,-110,-110,,,
2026-09-03T19:28:50,2026-09-05,NCAAF,Tennessee Volunteers,Furman Paladins,total,draftkings,,,-112,-108,66.5
2026-09-03T19:28:50,2026-09-05,NCAAF,Navy Midshipmen,Towson Tigers,moneyline,draftkings,-50000,4000,,,
2026-09-03T19:28:50,2026-09-05,NCAAF,Navy Midshipmen,Towson Tigers,spread,draftkings,-115,-105,,,
2026-09-03T19:28:50,2026-09-05,NCAAF,Navy Midshipmen,Towson Tigers,total,draftkings,,,-115,-105,49.5
2026-09-03T19:28:50,2026-09-05,NCAAF,UTSA Roadrunners,UT Rio Grande Valley Vaqueros,moneyline,draftkings,-9000,2500,,,
2026-09-03T19:28:50,2026-09-05,NCAAF,UTSA Roadrunners,UT Rio Grande Valley Vaqueros,spread,draftkings,-110,-110,,,
2026-09-03T19:28:50,2026-09-05,NCAAF,UTSA Roadrunners,UT Rio Grande Valley Vaqueros,total,draftkings,,,-110,-110,59.5
2026-09-03T19:28:50,2026-09-05,NCAAF,Southern Mississippi Golden Eagles,Alcorn State Braves,moneyline,draftkings,-1200,750,,,
2026-09-03T19:28:50,2026-09-05,NCAAF,Southern Mississippi Golden Eagles,Alcorn State Braves,spread,draftkings,-102,-118,,,
2026-09-03T19:28:50,2026-09-05,NCAAF,Southern Mississippi Golden Eagles,Alcorn State Braves,total,draftkings,,,-110,-110,50.5
2026-09-03T19:28:50,2026-09-05,NCAAF,Old Dominion Monarchs,Norfolk State Spartans,spread,draftkings,-115,-105,,,
2026-09-03T19:28:50,2026-09-05,NCAAF,Old Dominion Monarchs,Norfolk State Spartans,total,draftkings,,,-112,-108,52.5
2026-09-03T19:28:50,2026-09-05,NCAAF,Texas Tech Red Raiders,Abilene Christian Wildcats,spread,draftkings,-112,-108,,,
2026-09-03T19:28:50,2026-09-05,NCAAF,Texas Tech Red Raiders,Abilene Christian Wildcats,total,draftkings,,,-105,-115,59.5
2026-09-03T19:28:50,2026-09-05,NCAAF,Vanderbilt Commodores,Austin Peay Governors,moneyline,draftkings,-4500,1700,,,
2026-09-03T19:28:50,2026-09-05,NCAAF,Vanderbilt Commodores,Austin Peay Governors,spread,draftkings,102,-122,,,
2026-09-03T19:28:50,2026-09-05,NCAAF,Vanderbilt Commodores,Austin Peay Governors,total,draftkings,,,-108,-112,60.5
2026-09-03T19:28:50,2026-09-05,NCAAF,Georgia Southern Eagles,Charleston Southern Buccaneers,moneyline,draftkings,-4500,1700,,,
2026-09-03T19:28:50,2026-09-05,NCAAF,Georgia Southern Eagles,Charleston Southern Buccaneers,spread,draftkings,-105,-115,,,
2026-09-03T19:28:50,2026-09-05,NCAAF,Georgia Southern Eagles,Charleston Southern Buccaneers,total,draftkings,,,-108,-112,51.5
2026-09-03T19:28:50,2026-09-05,NCAAF,Jacksonville State Gamecocks,Eastern Kentucky Colonels,moneyline,draftkings,-2100,1100,,,
2026-09-03T19:28:50,2026-09-05,NCAAF,Jacksonville State Gamecocks,Eastern Kentucky Colonels,spread,draftkings,-112,-108,,,
2026-09-03T19:28:50,2026-09-05,NCAAF,Jacksonville State Gamecocks,Eastern Kentucky Colonels,total,draftkings,,,-105,-115,54.5
2026-09-03T19:28:50,2026-09-05,NCAAF,Rice Owls,Houston Baptist Huskies,moneyline,draftkings,-2400,1200,,,
2026-09-03T19:28:50,2026-09-05,NCAAF,Rice Owls,Houston Baptist Huskies,spread,draftkings,-108,-112,,,
2026-09-03T19:28:50,2026-09-05,NCAAF,Rice Owls,Houston Baptist Huskies,total,draftkings,,,-112,-108,47.5
2026-09-03T19:28:50,2026-09-05,NCAAF,Utah State Aggies,Idaho State Bengals,moneyline,draftkings,-550,410,,,
2026-09-03T19:28:50,2026-09-05,NCAAF,Utah State Aggies,Idaho State Bengals,spread,draftkings,-102,-118,,,
2026-09-03T19:28:50,2026-09-05,NCAAF,Utah State Aggies,Idaho State Bengals,total,draftkings,,,-112,-108,62.5
2026-09-03T19:28:50,2026-09-05,NCAAF,Kansas State Wildcats,Nicholls State Colonels,spread,draftkings,-115,-105,,,
2026-09-03T19:28:50,2026-09-05,NCAAF,Kansas State Wildcats,Nicholls State Colonels,total,draftkings,,,-120,100,54.5
2026-09-03T19:28:50,2026-09-05,NCAAF,Middle Tennessee Blue Raiders,Murray State Racers,moneyline,draftkings,-1800,1000,,,
2026-09-03T19:28:50,2026-09-05,NCAAF,Middle Tennessee Blue Raiders,Murray State Racers,spread,draftkings,-122,102,,,
2026-09-03T19:28:50,2026-09-05,NCAAF,Middle Tennessee Blue Raiders,Murray State Racers,total,draftkings,,,-115,-105,57.5
2026-09-03T19:28:50,2026-09-05,NCAAF,South Alabama Jaguars,Southeastern Louisiana Lions,moneyline,draftkings,-600,440,,,
2026-09-03T19:28:50,2026-09-05,NCAAF,South Alabama Jaguars,Southeastern Louisiana Lions,spread,draftkings,-112,-108,,,
2026-09-03T19:28:50,2026-09-05,NCAAF,South Alabama Jaguars,Southeastern Louisiana Lions,total,draftkings,,,-108,-112,52.5
2026-09-03T19:28:50,2026-09-12,NCAAF,Utah Utes,Arkansas Razorbacks,moneyline,fanduel,-320,255,,,
2026-09-03T19:28:50,2026-09-12,NCAAF,Utah Utes,Arkansas Razorbacks,spread,fanduel,-115,-105,,,
2026-09-03T19:28:50,2026-09-12,NCAAF,Utah Utes,Arkansas Razorbacks,total,fanduel,,,-110,-110,55.5
2026-09-03T19:28:50,2026-10-10,NCAAF,Oklahoma Sooners,Texas Longhorns,moneyline,fanduel,180,-220,,,
2026-09-03T19:28:50,2026-10-10,NCAAF,Oklahoma Sooners,Texas Longhorns,spread,fanduel,-114,-106,,,
2026-09-03T19:28:50,2026-10-10,NCAAF,Oklahoma Sooners,Texas Longhorns,total,fanduel,,,-115,-105,47.5
2026-09-03T19:28:50,2026-10-11,NCAAF,Alabama Crimson Tide,Georgia Bulldogs,moneyline,fanduel,122,-146,,,
2026-09-03T19:28:50,2026-10-11,NCAAF,Alabama Crimson Tide,Georgia Bulldogs,spread,fanduel,100,-122,,,
2026-09-03T19:28:50,2026-10-11,NCAAF,Alabama Crimson Tide,Georgia Bulldogs,total,fanduel,,,-108,-112,49.5
2026-08-11T00:37:21,2026-08-10,MLB,Minnesota Twins,Baltimore Orioles,spread,betmgm,130,-165,,,
2026-08-12T00:44:05,2026-08-11,MLB,Detroit Tigers,Cleveland Guardians,moneyline,fanduel,-6000,4600,,,
2026-08-12T00:44:05,2026-08-11,MLB,Detroit Tigers,Cleveland Guardians,spread,fanduel,188,-260,,,
2026-08-12T00:44:05,2026-08-11,MLB,Detroit Tigers,Cleveland Guardians,total,fanduel,,,106,-140,9.5
2026-08-11T17:44:09,2026-08-11,MLB,Detroit Tigers,Cleveland Guardians,moneyline,draftkings,-124,115,,,
2026-08-12T00:44:05,2026-08-11,MLB,Detroit Tigers,Cleveland Guardians,spread,draftkings,157,-209,,,
2026-08-12T00:44:05,2026-08-11,MLB,Detroit Tigers,Cleveland Guardians,total,draftkings,,,100,-130,9.5
2026-08-12T00:44:05,2026-08-11,MLB,Detroit Tigers,Cleveland Guardians,moneyline,betmgm,-10000,2500,,,
2026-08-12T00:44:05,2026-08-11,MLB,Detroit Tigers,Cleveland Guardians,spread,betmgm,170,-220,,,
2026-08-12T00:44:05,2026-08-11,MLB,Detroit Tigers,Cleveland Guardians,total,betmgm,,,110,-140,9.5
2026-08-12T00:44:05,2026-08-11,MLB,Miami Marlins,Pittsburgh Pirates,moneyline,fanduel,-2400,1800,,,
2026-08-12T00:44:05,2026-08-11,MLB,Miami Marlins,Pittsburgh Pirates,spread,fanduel,-580,360,,,
2026-08-12T00:44:05,2026-08-11,MLB,Miami Marlins,Pittsburgh Pirates,total,fanduel,,,188,-260,2.5
2026-08-12T00:44:05,2026-08-11,MLB,Miami Marlins,Pittsburgh Pirates,moneyline,draftkings,-1960,1120,,,
2026-08-12T00:44:05,2026-08-11,MLB,Miami Marlins,Pittsburgh Pirates,spread,draftkings,-406,282,,,
2026-08-12T00:44:05,2026-08-11,MLB,Miami Marlins,Pittsburgh Pirates,total,draftkings,,,152,-201,2.5
2026-08-12T00:44:05,2026-08-11,MLB,Miami Marlins,Pittsburgh Pirates,moneyline,betmgm,-5000,1300,,,
2026-08-12T00:44:05,2026-08-11,MLB,Miami Marlins,Pittsburgh Pirates,spread,betmgm,-525,350,,,
2026-08-12T00:44:05,2026-08-11,MLB,Miami Marlins,Pittsburgh Pirates,total,betmgm,,,180,-235,2.5
2026-08-12T00:44:05,2026-08-11,MLB,Washington Nationals,Chicago Cubs,moneyline,fanduel,420,-550,,,
2026-08-12T00:44:05,2026-08-11,MLB,Washington Nationals,Chicago Cubs,spread,fanduel,-136,102,,,
2026-08-12T00:44:05,2026-08-11,MLB,Washington Nationals,Chicago Cubs,total,fanduel,,,100,-132,13.5
2026-08-12T00:44:05,2026-08-11,MLB,New York Yankees,Seattle Mariners,moneyline,fanduel,-135,120,,,
2026-08-12T00:44:05,2026-08-11,MLB,New York Yankees,Seattle Mariners,spread,fanduel,225,-320,,,
2026-08-12T00:44:05,2026-08-11,MLB,New York Yankees,Seattle Mariners,total,fanduel,,,-102,-130,3.5
2026-08-12T00:44:05,2026-08-11,MLB,New York Yankees,Seattle Mariners,moneyline,draftkings,-140,122,,,
2026-08-12T00:44:05,2026-08-11,MLB,New York Yankees,Seattle Mariners,spread,draftkings,225,-311,,,
2026-08-12T00:44:05,2026-08-11,MLB,New York Yankees,Seattle Mariners,total,draftkings,,,104,-135,3.5
2026-08-12T00:44:05,2026-08-11,MLB,New York Yankees,Seattle Mariners,moneyline,betmgm,-165,130,,,
2026-08-12T00:44:05,2026-08-11,MLB,New York Yankees,Seattle Mariners,spread,betmgm,220,-295,,,
2026-08-12T00:44:05,2026-08-11,MLB,New York Yankees,Seattle Mariners,total,betmgm,,,-110,-115,3.5
2026-08-12T00:44:05,2026-08-11,MLB,Toronto Blue Jays,Boston Red Sox,moneyline,fanduel,-105,-110,,,
2026-08-12T00:44:05,2026-08-11,MLB,Toronto Blue Jays,Boston Red Sox,spread,fanduel,-300,210,,,
2026-08-12T00:44:05,2026-08-11,MLB,Toronto Blue Jays,Boston Red Sox,total,fanduel,,,132,-178,9.5
2026-08-12T00:44:05,2026-08-11,MLB,Toronto Blue Jays,Boston Red Sox,moneyline,draftkings,-108,-106,,,
2026-08-12T00:44:05,2026-08-11,MLB,Toronto Blue Jays,Boston Red Sox,spread,draftkings,-308,223,,,
2026-08-12T00:44:05,2026-08-11,MLB,Toronto Blue Jays,Boston Red Sox,total,draftkings,,,-176,134,8.5
2026-08-12T00:44:05,2026-08-11,MLB,Toronto Blue Jays,Boston Red Sox,moneyline,betmgm,-135,105,,,
2026-08-12T00:44:05,2026-08-11,MLB,Toronto Blue Jays,Boston Red Sox,spread,betmgm,-350,260,,,
2026-08-12T00:44:05,2026-08-11,MLB,Toronto Blue Jays,Boston Red Sox,total,betmgm,,,-175,135,8.5
2026-08-12T00:44:05,2026-08-11,MLB,Atlanta Braves,New York Mets,moneyline,fanduel,-320,280,,,
2026-08-12T00:44:05,2026-08-11,MLB,Atlanta Braves,New York Mets,spread,fanduel,178,-245,,,
2026-08-12T00:44:05,2026-08-11,MLB,Atlanta Braves,New York Mets,total,fanduel,,,110,-146,3.5
2026-08-12T00:44:05,2026-08-11,MLB,Atlanta Braves,New York Mets,moneyline,draftkings,-373,309,,,
2026-08-12T00:44:05,2026-08-11,MLB,Atlanta Braves,New York Mets,spread,draftkings,172,-230,,,
2026-08-12T00:44:05,2026-08-11,MLB,Atlanta Braves,New York Mets,total,draftkings,,,114,-149,3.5
2026-08-12T00:44:05,2026-08-11,MLB,Atlanta Braves,New York Mets,moneyline,betmgm,-400,290,,,
2026-08-12T00:44:05,2026-08-11,MLB,Atlanta Braves,New York Mets,spread,betmgm,175,-225,,,
2026-08-12T00:44:05,2026-08-11,MLB,Atlanta Braves,New York Mets,total,betmgm,,,115,-150,3.5
2026-08-12T00:44:05,2026-08-11,MLB,Minnesota Twins,Baltimore Orioles,moneyline,fanduel,270,-310,,,
2026-08-12T00:44:05,2026-08-11,MLB,Minnesota Twins,Baltimore Orioles,spread,fanduel,-120,-110,,,
2026-08-12T00:44:05,2026-08-11,MLB,Minnesota Twins,Baltimore Orioles,total,fanduel,,,-102,-130,13.5
2026-08-12T00:44:05,2026-08-11,MLB,Minnesota Twins,Baltimore Orioles,moneyline,draftkings,209,-245,,,
2026-08-12T00:44:05,2026-08-11,MLB,Minnesota Twins,Baltimore Orioles,spread,draftkings,-133,103,,,
2026-08-12T00:44:05,2026-08-11,MLB,Minnesota Twins,Baltimore Orioles,total,draftkings,,,101,-131,13.5
2026-08-12T00:44:05,2026-08-11,MLB,Minnesota Twins,Baltimore Orioles,moneyline,betmgm,250,-325,,,
2026-08-12T00:44:05,2026-08-11,MLB,Minnesota Twins,Baltimore Orioles,total,betmgm,,,100,-130,13.5
2026-08-12T00:44:05,2026-08-11,MLB,Chicago White Sox,Cincinnati Reds,moneyline,fanduel,-2400,1600,,,
2026-08-12T00:44:05,2026-08-11,MLB,Chicago White Sox,Cincinnati Reds,spread,fanduel,108,-144,,,
2026-08-12T00:44:05,2026-08-11,MLB,Chicago White Sox,Cincinnati Reds,total,fanduel,,,-136,102,7.5
2026-08-12T00:44:05,2026-08-11,MLB,Chicago White Sox,Cincinnati Reds,moneyline,draftkings,-2400,1240,,,
2026-08-12T00:44:05,2026-08-11,MLB,Chicago White Sox,Cincinnati Reds,spread,draftkings,114,-149,,,
2026-08-12T00:44:05,2026-08-11,MLB,Chicago White Sox,Cincinnati Reds,total,draftkings,,,-134,103,7.5
2026-08-12T00:44:05,2026-08-11,MLB,Chicago White Sox,Cincinnati Reds,moneyline,betmgm,-2500,1000,,,
2026-08-12T00:44:05,2026-08-11,MLB,Chicago White Sox,Cincinnati Reds,spread,betmgm,125,-160,,,
2026-08-12T00:44:05,2026-08-11,MLB,Chicago White Sox,Cincinnati Reds,total,betmgm,,,-150,115,7.5
2026-08-12T00:44:05,2026-08-11,MLB,St. Louis Cardinals,Philadelphia Phillies,moneyline,fanduel,125,-140,,,
2026-08-12T00:44:05,2026-08-11,MLB,St. Louis Cardinals,Philadelphia Phillies,spread,fanduel,-188,140,,,
2026-08-12T00:44:05,2026-08-11,MLB,St. Louis Cardinals,Philadelphia Phillies,total,fanduel,,,-146,110,4.5
2026-08-12T00:44:05,2026-08-11,MLB,St. Louis Cardinals,Philadelphia Phillies,moneyline,draftkings,119,-136,,,
2026-08-12T00:44:05,2026-08-11,MLB,St. Louis Cardinals,Philadelphia Phillies,spread,draftkings,-186,141,,,
2026-08-12T00:44:05,2026-08-11,MLB,St. Louis Cardinals,Philadelphia Phillies,total,draftkings,,,118,-154,5.5
2026-08-12T00:44:05,2026-08-11,MLB,St. Louis Cardinals,Philadelphia Phillies,moneyline,betmgm,105,-135,,,
2026-08-12T00:44:05,2026-08-11,MLB,St. Louis Cardinals,Philadelphia Phillies,spread,betmgm,-210,160,,,
2026-08-12T00:44:05,2026-08-11,MLB,St. Louis Cardinals,Philadelphia Phillies,total,betmgm,,,-145,110,4.5
2026-08-12T00:44:05,2026-08-12,MLB,Los Angeles Angels,Texas Rangers,moneyline,fanduel,130,-140,,,
2026-08-12T00:44:05,2026-08-12,MLB,Los Angeles Angels,Texas Rangers,spread,fanduel,-128,106,,,
2026-08-12T00:44:05,2026-08-12,MLB,Los Angeles Angels,Texas Rangers,total,fanduel,,,-118,-104,9.0
2026-08-12T17:44:46,2026-08-12,MLB,Arizona Diamondbacks,Colorado Rockies,moneyline,fanduel,-172,158,,,
2026-08-12T17:44:46,2026-08-12,MLB,Arizona Diamondbacks,Colorado Rockies,spread,fanduel,114,-137,,,
2026-08-12T17:44:46,2026-08-12,MLB,Arizona Diamondbacks,Colorado Rockies,total,fanduel,,,-115,-105,9.0
2026-08-12T17:44:46,2026-08-12,MLB,Arizona Diamondbacks,Colorado Rockies,moneyline,draftkings,-173,161,,,
2026-08-12T17:44:46,2026-08-12,MLB,Arizona Diamondbacks,Colorado Rockies,spread,draftkings,114,-137,,,
2026-08-12T17:44:46,2026-08-12,MLB,Arizona Diamondbacks,Colorado Rockies,total,draftkings,,,-118,-102,9.0
2026-08-12T17:44:46,2026-08-12,MLB,Arizona Diamondbacks,Colorado Rockies,moneyline,betmgm,-180,145,,,
2026-08-12T17:44:46,2026-08-12,MLB,Arizona Diamondbacks,Colorado Rockies,spread,betmgm,115,-140,,,
2026-08-12T17:44:46,2026-08-12,MLB,Arizona Diamondbacks,Colorado Rockies,total,betmgm,,,-115,-105,9.0
2026-08-12T17:44:46,2026-08-12,MLB,Athletics,Tampa Bay Rays,moneyline,fanduel,200,-220,,,
2026-08-12T17:44:46,2026-08-12,MLB,Athletics,Tampa Bay Rays,spread,fanduel,115,-138,,,
2026-08-12T17:44:46,2026-08-12,MLB,Athletics,Tampa Bay Rays,total,fanduel,,,-115,-105,9.0
2026-08-12T17:44:46,2026-08-12,MLB,San Diego Padres,Milwaukee Brewers,moneyline,fanduel,108,-116,,,
2026-08-12T17:44:46,2026-08-12,MLB,San Diego Padres,Milwaukee Brewers,spread,fanduel,-176,142,,,
2026-08-12T17:44:46,2026-08-12,MLB,San Diego Padres,Milwaukee Brewers,total,fanduel,,,-112,-108,8.0
2026-08-12T17:44:46,2026-08-12,MLB,San Diego Padres,Milwaukee Brewers,moneyline,draftkings,112,-120,,,
2026-08-12T17:44:46,2026-08-12,MLB,San Diego Padres,Milwaukee Brewers,spread,draftkings,-163,135,,,
2026-08-12T17:44:46,2026-08-12,MLB,San Diego Padres,Milwaukee Brewers,total,draftkings,,,-113,-107,8.0
2026-08-12T17:44:46,2026-08-12,MLB,San Diego Padres,Milwaukee Brewers,moneyline,betmgm,100,-120,,,
2026-08-12T17:44:46,2026-08-12,MLB,San Diego Padres,Milwaukee Brewers,spread,betmgm,-165,135,,,
2026-08-12T17:44:46,2026-08-12,MLB,San Diego Padres,Milwaukee Brewers,total,betmgm,,,-115,-105,8.0
2026-08-12T17:44:46,2026-08-12,MLB,San Francisco Giants,Houston Astros,moneyline,fanduel,134,-144,,,
2026-08-12T17:44:46,2026-08-12,MLB,San Francisco Giants,Houston Astros,spread,fanduel,-138,115,,,
2026-08-12T17:44:46,2026-08-12,MLB,San Francisco Giants,Houston Astros,total,fanduel,,,-115,-105,8.0
2026-08-12T00:44:05,2026-08-12,MLB,Los Angeles Dodgers,Kansas City Royals,moneyline,fanduel,-260,235,,,
2026-08-12T00:44:05,2026-08-12,MLB,Los Angeles Dodgers,Kansas City Royals,spread,fanduel,-125,104,,,
2026-08-12T00:44:05,2026-08-12,MLB,Los Angeles Dodgers,Kansas City Royals,total,fanduel,,,-104,-118,8.5
2026-08-12T00:44:05,2026-08-12,MLB,Los Angeles Dodgers,Kansas City Royals,moneyline,draftkings,-266,245,,,
2026-08-12T00:44:05,2026-08-12,MLB,Los Angeles Dodgers,Kansas City Royals,spread,draftkings,-126,104,,,
2026-08-12T00:44:05,2026-08-12,MLB,Los Angeles Dodgers,Kansas City Royals,total,draftkings,,,-108,-112,8.5
2026-08-12T00:44:05,2026-08-12,MLB,Los Angeles Dodgers,Kansas City Royals,moneyline,betmgm,-285,225,,,
2026-08-12T00:44:05,2026-08-12,MLB,Los Angeles Dodgers,Kansas City Royals,spread,betmgm,-125,105,,,
2026-08-12T00:44:05,2026-08-12,MLB,Los Angeles Dodgers,Kansas City Royals,total,betmgm,,,-105,-115,8.5
2026-08-12T00:44:05,2026-08-11,MLB,Washington Nationals,Chicago Cubs,moneyline,betmgm,450,-650,,,
2026-08-12T00:44:05,2026-08-11,MLB,Washington Nationals,Chicago Cubs,spread,betmgm,-118,-110,,,
2026-08-12T00:44:05,2026-08-11,MLB,Washington Nationals,Chicago Cubs,total,betmgm,,,-110,-115,13.5
2026-08-12T00:44:05,2026-08-11,MLB,Washington Nationals,Chicago Cubs,moneyline,draftkings,394,-492,,,
2026-08-12T00:44:05,2026-08-11,MLB,Washington Nationals,Chicago Cubs,spread,draftkings,-134,103,,,
2026-08-12T00:44:05,2026-08-11,MLB,Washington Nationals,Chicago Cubs,total,draftkings,,,-110,-118,13.5
2026-08-12T00:44:05,2026-08-12,MLB,Los Angeles Angels,Texas Rangers,moneyline,betmgm,125,-150,,,
2026-08-12T00:44:05,2026-08-12,MLB,Los Angeles Angels,Texas Rangers,spread,betmgm,-125,105,,,
2026-08-12T00:44:05,2026-08-12,MLB,Los Angeles Angels,Texas Rangers,total,betmgm,,,-115,-105,9.0
2026-08-12T00:44:05,2026-08-12,MLB,Los Angeles Angels,Texas Rangers,moneyline,draftkings,132,-142,,,
2026-08-12T00:44:05,2026-08-12,MLB,Los Angeles Angels,Texas Rangers,spread,draftkings,-129,107,,,
2026-08-12T00:44:05,2026-08-12,MLB,Los Angeles Angels,Texas Rangers,total,draftkings,,,-115,-105,9.0
2026-08-12T17:44:46,2026-08-12,MLB,Athletics,Tampa Bay Rays,moneyline,draftkings,209,-226,,,
2026-08-12T17:44:46,2026-08-12,MLB,Athletics,Tampa Bay Rays,spread,draftkings,119,-144,,,
2026-08-12T17:44:46,2026-08-12,MLB,Athletics,Tampa Bay Rays,total,draftkings,,,101,-122,9.5
2026-08-12T17:44:46,2026-08-12,MLB,Athletics,Tampa Bay Rays,moneyline,betmgm,190,-235,,,
2026-08-12T17:44:46,2026-08-12,MLB,Athletics,Tampa Bay Rays,spread,betmgm,-135,110,,,
2026-08-12T17:44:46,2026-08-12,MLB,Athletics,Tampa Bay Rays,total,betmgm,,,100,-120,9.5
2026-08-12T17:44:46,2026-08-12,MLB,San Francisco Giants,Houston Astros,moneyline,draftkings,131,-141,,,
2026-08-12T17:44:46,2026-08-12,MLB,San Francisco Giants,Houston Astros,spread,draftkings,-135,112,,,
2026-08-12T17:44:46,2026-08-12,MLB,San Francisco Giants,Houston Astros,total,draftkings,,,-118,-102,8.0
2026-08-12T17:44:46,2026-08-12,MLB,San Francisco Giants,Houston Astros,moneyline,betmgm,125,-150,,,
2026-08-12T17:44:46,2026-08-12,MLB,San Francisco Giants,Houston Astros,spread,betmgm,-135,110,,,
2026-08-12T17:44:46,2026-08-12,MLB,San Francisco Giants,Houston Astros,total,betmgm,,,-120,100,8.0
2026-08-12T00:44:05,2026-08-11,MLB,Minnesota Twins,Baltimore Orioles,spread,betmgm,-120,-105,,,
2026-08-12T17:44:46,2026-08-12,MLB,Minnesota Twins,Baltimore Orioles,moneyline,draftkings,111,-128,,,
2026-08-12T17:44:46,2026-08-12,MLB,Minnesota Twins,Baltimore Orioles,spread,draftkings,-157,120,,,
2026-08-12T17:44:46,2026-08-12,MLB,Minnesota Twins,Baltimore Orioles,total,draftkings,,,105,-137,9.5
2026-08-12T17:44:46,2026-08-12,MLB,Minnesota Twins,Baltimore Orioles,moneyline,fanduel,120,-135,,,
2026-08-12T17:44:46,2026-08-12,MLB,Minnesota Twins,Baltimore Orioles,spread,fanduel,-148,112,,,
2026-08-12T17:44:46,2026-08-12,MLB,Minnesota Twins,Baltimore Orioles,total,fanduel,,,-104,-128,9.5
2026-08-12T17:44:46,2026-08-12,MLB,Minnesota Twins,Baltimore Orioles,moneyline,betmgm,-110,-115,,,
2026-08-12T17:44:46,2026-08-12,MLB,Minnesota Twins,Baltimore Orioles,total,betmgm,,,-145,110,8.5
2026-08-12T17:44:46,2026-08-12,MLB,St. Louis Cardinals,Philadelphia Phillies,moneyline,draftkings,151,-163,,,
2026-08-12T17:44:46,2026-08-12,MLB,St. Louis Cardinals,Philadelphia Phillies,spread,draftkings,-121,100,,,
2026-08-12T17:44:46,2026-08-12,MLB,St. Louis Cardinals,Philadelphia Phillies,total,draftkings,,,-103,-117,8.0
2026-08-12T17:44:46,2026-08-12,MLB,St. Louis Cardinals,Philadelphia Phillies,moneyline,fanduel,150,-164,,,
2026-08-12T17:44:46,2026-08-12,MLB,St. Louis Cardinals,Philadelphia Phillies,spread,fanduel,-120,100,,,
2026-08-12T17:44:46,2026-08-12,MLB,St. Louis Cardinals,Philadelphia Phillies,total,fanduel,,,-104,-118,8.0
2026-08-12T17:44:46,2026-08-12,MLB,St. Louis Cardinals,Philadelphia Phillies,moneyline,betmgm,140,-170,,,
2026-08-12T17:44:46,2026-08-12,MLB,St. Louis Cardinals,Philadelphia Phillies,spread,betmgm,-130,105,,,
2026-08-12T17:44:46,2026-08-12,MLB,St. Louis Cardinals,Philadelphia Phillies,total,betmgm,,,100,-120,8.0
2026-08-13T00:45:22,2026-08-12,MLB,Detroit Tigers,Cleveland Guardians,moneyline,draftkings,670,-940,,,
2026-08-13T00:45:22,2026-08-12,MLB,Detroit Tigers,Cleveland Guardians,spread,draftkings,136,-179,,,
2026-08-13T00:45:22,2026-08-12,MLB,Detroit Tigers,Cleveland Guardians,total,draftkings,,,-148,114,10.5
2026-08-13T00:45:22,2026-08-12,MLB,Detroit Tigers,Cleveland Guardians,moneyline,fanduel,700,-900,,,
2026-08-13T00:45:22,2026-08-12,MLB,Detroit Tigers,Cleveland Guardians,spread,fanduel,154,-210,,,
2026-08-13T00:45:22,2026-08-12,MLB,Detroit Tigers,Cleveland Guardians,total,fanduel,,,-166,124,10.5
2026-08-13T00:45:22,2026-08-12,MLB,Detroit Tigers,Cleveland Guardians,moneyline,betmgm,400,-600,,,
2026-08-13T00:45:22,2026-08-12,MLB,Detroit Tigers,Cleveland Guardians,spread,betmgm,160,-210,,,
2026-08-13T00:45:22,2026-08-12,MLB,Detroit Tigers,Cleveland Guardians,total,betmgm,,,-102,-125,10.5
2026-08-13T00:45:22,2026-08-12,MLB,New York Yankees,Seattle Mariners,moneyline,draftkings,296,-356,,,
2026-08-13T00:45:22,2026-08-12,MLB,New York Yankees,Seattle Mariners,spread,draftkings,-136,105,,,
2026-08-13T00:45:22,2026-08-12,MLB,New York Yankees,Seattle Mariners,total,draftkings,,,-145,111,12.5
2026-08-13T00:45:22,2026-08-12,MLB,New York Yankees,Seattle Mariners,moneyline,fanduel,320,-370,,,
2026-08-13T00:45:22,2026-08-12,MLB,New York Yankees,Seattle Mariners,spread,fanduel,-152,114,,,
2026-08-13T00:45:22,2026-08-12,MLB,New York Yankees,Seattle Mariners,total,fanduel,,,-120,-110,12.5
2026-08-13T00:45:22,2026-08-12,MLB,New York Yankees,Seattle Mariners,moneyline,betmgm,310,-425,,,
2026-08-13T00:45:22,2026-08-12,MLB,New York Yankees,Seattle Mariners,spread,betmgm,-120,-105,,,
2026-08-13T00:45:22,2026-08-12,MLB,New York Yankees,Seattle Mariners,total,betmgm,,,-135,105,12.5
2026-08-13T00:45:22,2026-08-12,MLB,Toronto Blue Jays,Boston Red Sox,moneyline,draftkings,-110,-104,,,
2026-08-13T00:45:22,2026-08-12,MLB,Toronto Blue Jays,Boston Red Sox,spread,draftkings,-326,234,,,
2026-08-13T00:45:22,2026-08-12,MLB,Toronto Blue Jays,Boston Red Sox,total,draftkings,,,-157,121,4.5
2026-08-13T00:45:22,2026-08-12,MLB,Toronto Blue Jays,Boston Red Sox,moneyline,fanduel,-110,-105,,,
2026-08-13T00:45:22,2026-08-12,MLB,Toronto Blue Jays,Boston Red Sox,spread,fanduel,370,-600,,,
2026-08-13T00:45:22,2026-08-12,MLB,Toronto Blue Jays,Boston Red Sox,total,fanduel,,,-152,116,4.5
2026-08-13T00:45:22,2026-08-12,MLB,Toronto Blue Jays,Boston Red Sox,moneyline,betmgm,-110,-115,,,
2026-08-13T00:45:22,2026-08-12,MLB,Toronto Blue Jays,Boston Red Sox,spread,betmgm,-325,240,,,
2026-08-13T00:45:22,2026-08-12,MLB,Toronto Blue Jays,Boston Red Sox,total,betmgm,,,-150,118,4.5
2026-08-13T00:45:22,2026-08-12,MLB,Atlanta Braves,New York Mets,moneyline,draftkings,-760,568,,,
2026-08-13T00:45:22,2026-08-12,MLB,Atlanta Braves,New York Mets,spread,draftkings,-210,158,,,
2026-08-13T00:45:22,2026-08-12,MLB,Atlanta Braves,New York Mets,total,draftkings,,,100,-130,6.5
2026-08-13T00:45:22,2026-08-12,MLB,Atlanta Braves,New York Mets,moneyline,betmgm,-800,525,,,
2026-08-13T00:45:22,2026-08-12,MLB,Atlanta Braves,New York Mets,spread,betmgm,-200,154,,,
2026-08-12T17:44:46,2026-08-12,MLB,Atlanta Braves,New York Mets,total,betmgm,,,-120,100,8.5
2026-08-13T00:45:22,2026-08-12,MLB,Chicago White Sox,Cincinnati Reds,moneyline,draftkings,-306,258,,,
2026-08-13T00:45:22,2026-08-12,MLB,Chicago White Sox,Cincinnati Reds,spread,draftkings,102,-133,,,
2026-08-13T00:45:22,2026-08-12,MLB,Chicago White Sox,Cincinnati Reds,total,draftkings,,,108,-140,5.5
2026-08-13T00:45:22,2026-08-12,MLB,Chicago White Sox,Cincinnati Reds,moneyline,fanduel,-240,200,,,
2026-08-13T00:45:22,2026-08-12,MLB,Chicago White Sox,Cincinnati Reds,spread,fanduel,118,-158,,,
2026-08-13T00:45:22,2026-08-12,MLB,Chicago White Sox,Cincinnati Reds,total,fanduel,,,102,-136,5.5
2026-08-13T00:45:22,2026-08-12,MLB,Chicago White Sox,Cincinnati Reds,moneyline,betmgm,-275,210,,,
2026-08-13T00:45:22,2026-08-12,MLB,Chicago White Sox,Cincinnati Reds,spread,betmgm,120,-155,,,
2026-08-13T00:45:22,2026-08-12,MLB,Chicago White Sox,Cincinnati Reds,total,betmgm,,,110,-145,5.5
2026-08-13T00:45:22,2026-08-13,MLB,Los Angeles Dodgers,Kansas City Royals,moneyline,draftkings,-216,200,,,
2026-08-13T00:45:22,2026-08-13,MLB,Los Angeles Dodgers,Kansas City Royals,spread,draftkings,-109,-110,,,
2026-08-13T00:45:22,2026-08-13,MLB,Los Angeles Dodgers,Kansas City Royals,total,draftkings,,,-108,-112,9.0
2026-08-13T00:45:22,2026-08-13,MLB,Los Angeles Dodgers,Kansas City Royals,moneyline,fanduel,-220,200,,,
2026-08-13T00:45:22,2026-08-13,MLB,Los Angeles Dodgers,Kansas City Royals,spread,fanduel,-113,-106,,,
2026-08-13T00:45:22,2026-08-13,MLB,Los Angeles Dodgers,Kansas City Royals,total,fanduel,,,-112,-108,9.0
2026-08-13T00:45:22,2026-08-13,MLB,Los Angeles Dodgers,Kansas City Royals,moneyline,betmgm,-225,185,,,
2026-08-13T00:45:22,2026-08-13,MLB,Los Angeles Dodgers,Kansas City Royals,spread,betmgm,-110,-110,,,
2026-08-13T00:45:22,2026-08-13,MLB,Los Angeles Dodgers,Kansas City Royals,total,betmgm,,,-110,-110,9.0
2026-08-13T00:45:22,2026-08-13,MLB,Los Angeles Angels,Texas Rangers,moneyline,fanduel,118,-126,,,
2026-08-13T00:45:22,2026-08-13,MLB,Los Angeles Angels,Texas Rangers,spread,fanduel,-144,120,,,
2026-08-13T00:45:22,2026-08-13,MLB,Los Angeles Angels,Texas Rangers,total,fanduel,,,-102,-120,9.0
2026-08-13T00:45:22,2026-08-12,MLB,Miami Marlins,Pittsburgh Pirates,moneyline,fanduel,-10000,5000,,,
2026-08-13T00:45:22,2026-08-12,MLB,Miami Marlins,Pittsburgh Pirates,spread,fanduel,-146,110,,,
2026-08-13T00:45:22,2026-08-12,MLB,Miami Marlins,Pittsburgh Pirates,total,fanduel,,,118,-158,12.5
2026-08-12T17:44:46,2026-08-12,MLB,Miami Marlins,Pittsburgh Pirates,moneyline,draftkings,-108,101,,,
2026-08-13T00:45:22,2026-08-12,MLB,Miami Marlins,Pittsburgh Pirates,spread,draftkings,165,-220,,,
2026-08-13T00:45:22,2026-08-12,MLB,Miami Marlins,Pittsburgh Pirates,total,draftkings,,,-110,-118,11.5
2026-08-13T00:45:22,2026-08-12,MLB,Miami Marlins,Pittsburgh Pirates,moneyline,betmgm,-10000,4000,,,
2026-08-13T00:45:22,2026-08-12,MLB,Miami Marlins,Pittsburgh Pirates,spread,betmgm,-135,105,,,
2026-08-13T00:45:22,2026-08-12,MLB,Miami Marlins,Pittsburgh Pirates,total,betmgm,,,130,-165,12.5
2026-08-13T00:45:22,2026-08-12,MLB,Washington Nationals,Chicago Cubs,moneyline,draftkings,2000,-7300,,,
2026-08-13T00:45:22,2026-08-12,MLB,Washington Nationals,Chicago Cubs,spread,draftkings,-127,-102,,,
2026-08-13T00:45:22,2026-08-12,MLB,Washington Nationals,Chicago Cubs,total,draftkings,,,-121,-107,16.5
2026-08-13T00:45:22,2026-08-12,MLB,Washington Nationals,Chicago Cubs,moneyline,fanduel,2300,-3000,,,
2026-08-13T00:45:22,2026-08-12,MLB,Washington Nationals,Chicago Cubs,spread,fanduel,-132,100,,,
2026-08-13T00:45:22,2026-08-12,MLB,Washington Nationals,Chicago Cubs,total,fanduel,,,-154,116,16.5
2026-08-13T00:45:22,2026-08-12,MLB,Washington Nationals,Chicago Cubs,moneyline,betmgm,1250,-5000,,,
2026-08-13T00:45:22,2026-08-12,MLB,Washington Nationals,Chicago Cubs,spread,betmgm,-155,120,,,
2026-08-13T00:45:22,2026-08-12,MLB,Washington Nationals,Chicago Cubs,total,betmgm,,,-135,105,16.5
2026-08-13T00:45:22,2026-08-12,MLB,Atlanta Braves,New York Mets,moneyline,fanduel,-900,700,,,
2026-08-13T00:45:22,2026-08-12,MLB,Atlanta Braves,New York Mets,spread,fanduel,158,-215,,,
2026-08-13T00:45:22,2026-08-12,MLB,Atlanta Braves,New York Mets,total,fanduel,,,102,-136,6.5
2026-08-13T00:45:22,2026-08-13,MLB,Los Angeles Angels,Texas Rangers,moneyline,betmgm,115,-140,,,
2026-08-13T00:45:22,2026-08-13,MLB,Los Angeles Angels,Texas Rangers,spread,betmgm,-145,120,,,
2026-08-13T00:45:22,2026-08-13,MLB,Los Angeles Angels,Texas Rangers,total,betmgm,,,100,-120,9.0
2026-08-13T00:45:22,2026-08-13,MLB,Los Angeles Angels,Texas Rangers,moneyline,draftkings,119,-127,,,
2026-08-13T00:45:22,2026-08-13,MLB,Los Angeles Angels,Texas Rangers,spread,draftkings,-144,119,,,
2026-08-13T00:45:22,2026-08-13,MLB,Los Angeles Angels,Texas Rangers,total,draftkings,,,100,-121,9.0
2026-08-13T17:45:08,2026-08-13,MLB,Detroit Tigers,Cleveland Guardians,moneyline,fanduel,-120,105,,,
2026-08-13T17:45:08,2026-08-13,MLB,Detroit Tigers,Cleveland Guardians,spread,fanduel,210,-300,,,
2026-08-13T17:45:08,2026-08-13,MLB,Detroit Tigers,Cleveland Guardians,total,fanduel,,,-112,-118,5.5
2026-08-13T17:45:08,2026-08-13,MLB,Detroit Tigers,Cleveland Guardians,moneyline,draftkings,-126,109,,,
2026-08-13T17:45:08,2026-08-13,MLB,Detroit Tigers,Cleveland Guardians,spread,draftkings,182,-244,,,
2026-08-13T17:45:08,2026-08-13,MLB,Detroit Tigers,Cleveland Guardians,total,draftkings,,,-107,-122,5.5
2026-08-13T17:45:08,2026-08-13,MLB,Detroit Tigers,Cleveland Guardians,moneyline,betmgm,-145,115,,,
2026-08-13T17:45:08,2026-08-13,MLB,Detroit Tigers,Cleveland Guardians,spread,betmgm,175,-225,,,
2026-08-13T17:45:08,2026-08-13,MLB,Detroit Tigers,Cleveland Guardians,total,betmgm,,,-118,-110,5.5
2026-08-13T17:45:08,2026-08-13,MLB,Miami Marlins,Pittsburgh Pirates,moneyline,fanduel,100,-115,,,
2026-08-13T17:45:08,2026-08-13,MLB,Miami Marlins,Pittsburgh Pirates,spread,fanduel,-210,154,,,
2026-08-13T17:45:08,2026-08-13,MLB,Miami Marlins,Pittsburgh Pirates,total,fanduel,,,102,-136,6.5
2026-08-13T17:45:08,2026-08-13,MLB,Miami Marlins,Pittsburgh Pirates,moneyline,draftkings,-118,102,,,
2026-08-13T17:45:08,2026-08-13,MLB,Miami Marlins,Pittsburgh Pirates,spread,draftkings,-238,178,,,
2026-08-13T17:45:08,2026-08-13,MLB,Miami Marlins,Pittsburgh Pirates,total,draftkings,,,-105,-123,5.5
2026-08-13T17:45:08,2026-08-13,MLB,Miami Marlins,Pittsburgh Pirates,moneyline,betmgm,-135,105,,,
2026-08-13T17:45:08,2026-08-13,MLB,Miami Marlins,Pittsburgh Pirates,spread,betmgm,190,-250,,,
2026-08-13T17:45:08,2026-08-13,MLB,Miami Marlins,Pittsburgh Pirates,total,betmgm,,,-110,-115,5.5
2026-08-13T17:45:08,2026-08-13,MLB,New York Yankees,Seattle Mariners,moneyline,fanduel,-190,170,,,
2026-08-13T17:45:08,2026-08-13,MLB,New York Yankees,Seattle Mariners,spread,fanduel,114,-152,,,
2026-08-13T17:45:08,2026-08-13,MLB,New York Yankees,Seattle Mariners,total,fanduel,,,106,-140,7.5
2026-08-13T17:45:08,2026-08-13,MLB,New York Yankees,Seattle Mariners,moneyline,draftkings,-201,173,,,
2026-08-13T17:45:08,2026-08-13,MLB,New York Yankees,Seattle Mariners,spread,draftkings,111,-145,,,
2026-08-13T17:45:08,2026-08-13,MLB,New York Yankees,Seattle Mariners,total,draftkings,,,104,-135,7.5
2026-08-13T17:45:08,2026-08-13,MLB,New York Yankees,Seattle Mariners,moneyline,betmgm,-210,165,,,
2026-08-13T17:45:08,2026-08-13,MLB,New York Yankees,Seattle Mariners,spread,betmgm,110,-140,,,
2026-08-13T17:45:08,2026-08-13,MLB,New York Yankees,Seattle Mariners,total,betmgm,,,105,-135,7.5
2026-08-13T17:45:08,2026-08-13,MLB,Chicago White Sox,Cincinnati Reds,moneyline,fanduel,-105,-110,,,
2026-08-13T17:45:08,2026-08-13,MLB,Chicago White Sox,Cincinnati Reds,spread,fanduel,-210,154,,,
2026-08-13T17:45:08,2026-08-13,MLB,Chicago White Sox,Cincinnati Reds,total,fanduel,,,-122,-108,11.5
2026-08-13T17:45:08,2026-08-13,MLB,Chicago White Sox,Cincinnati Reds,moneyline,draftkings,-109,-106,,,
2026-08-13T17:45:08,2026-08-13,MLB,Chicago White Sox,Cincinnati Reds,spread,draftkings,-204,154,,,
2026-08-13T17:45:08,2026-08-13,MLB,Chicago White Sox,Cincinnati Reds,total,draftkings,,,-113,-115,11.5
2026-08-13T17:45:08,2026-08-13,MLB,Chicago White Sox,Cincinnati Reds,moneyline,betmgm,160,-200,,,
2026-08-13T17:45:08,2026-08-13,MLB,Chicago White Sox,Cincinnati Reds,spread,betmgm,-115,-110,,,
2026-08-13T17:45:08,2026-08-13,MLB,Chicago White Sox,Cincinnati Reds,total,betmgm,,,-125,-102,10.5
2026-08-13T17:45:08,2026-08-13,MLB,Toronto Blue Jays,Boston Red Sox,moneyline,fanduel,130,-140,,,
2026-08-13T17:45:08,2026-08-13,MLB,Toronto Blue Jays,Boston Red Sox,spread,fanduel,-140,116,,,
2026-08-13T17:45:08,2026-08-13,MLB,Toronto Blue Jays,Boston Red Sox,total,fanduel,,,-118,-104,7.5
2026-08-13T17:45:08,2026-08-13,MLB,Toronto Blue Jays,Boston Red Sox,moneyline,draftkings,128,-138,,,
2026-08-13T17:45:08,2026-08-13,MLB,Toronto Blue Jays,Boston Red Sox,spread,draftkings,-138,114,,,
2026-08-13T17:45:08,2026-08-13,MLB,Toronto Blue Jays,Boston Red Sox,total,draftkings,,,-108,-112,8.0
2026-08-13T17:45:08,2026-08-13,MLB,Toronto Blue Jays,Boston Red Sox,moneyline,betmgm,120,-145,,,
2026-08-13T17:45:08,2026-08-13,MLB,Toronto Blue Jays,Boston Red Sox,spread,betmgm,-140,115,,,
2026-08-13T17:45:08,2026-08-13,MLB,Toronto Blue Jays,Boston Red Sox,total,betmgm,,,100,-120,8.0
2026-08-13T17:45:08,2026-08-13,MLB,Washington Nationals,Chicago Cubs,moneyline,fanduel,136,-146,,,
2026-08-13T17:45:08,2026-08-13,MLB,Washington Nationals,Chicago Cubs,spread,fanduel,-132,110,,,
2026-08-13T17:45:08,2026-08-13,MLB,Washington Nationals,Chicago Cubs,total,fanduel,,,-118,-104,8.5
2026-08-13T17:45:08,2026-08-13,MLB,Washington Nationals,Chicago Cubs,moneyline,draftkings,131,-141,,,
2026-08-13T17:45:08,2026-08-13,MLB,Washington Nationals,Chicago Cubs,spread,draftkings,-136,113,,,
2026-08-13T17:45:08,2026-08-13,MLB,Washington Nationals,Chicago Cubs,total,draftkings,,,-117,-103,8.5
2026-08-13T17:45:08,2026-08-13,MLB,Washington Nationals,Chicago Cubs,moneyline,betmgm,125,-155,,,
2026-08-13T17:45:08,2026-08-13,MLB,Washington Nationals,Chicago Cubs,spread,betmgm,-130,105,,,
2026-08-13T17:45:08,2026-08-13,MLB,Washington Nationals,Chicago Cubs,total,betmgm,,,-110,-110,8.5
2026-08-14T00:44:51,2026-08-13,MLB,Minnesota Twins,Philadelphia Phillies,moneyline,draftkings,690,-980,,,
2026-08-14T00:44:51,2026-08-13,MLB,Minnesota Twins,Philadelphia Phillies,spread,draftkings,-140,108,,,
2026-08-14T00:44:51,2026-08-13,MLB,Minnesota Twins,Philadelphia Phillies,total,draftkings,,,-104,-125,11.5
2026-08-14T00:44:51,2026-08-13,MLB,Minnesota Twins,Philadelphia Phillies,moneyline,fanduel,390,-480,,,
2026-08-14T00:44:51,2026-08-13,MLB,Minnesota Twins,Philadelphia Phillies,spread,fanduel,104,-138,,,
2026-08-14T00:44:51,2026-08-13,MLB,Minnesota Twins,Philadelphia Phillies,total,fanduel,,,-102,-130,10.5
2026-08-14T00:44:51,2026-08-13,MLB,Minnesota Twins,Philadelphia Phillies,moneyline,betmgm,475,-750,,,
2026-08-14T00:44:51,2026-08-13,MLB,Minnesota Twins,Philadelphia Phillies,total,betmgm,,,-115,-110,10.5
2026-08-14T00:44:51,2026-08-14,MLB,Los Angeles Angels,Texas Rangers,moneyline,fanduel,136,-146,,,
2026-08-14T00:44:51,2026-08-14,MLB,Los Angeles Angels,Texas Rangers,spread,fanduel,-138,115,,,
2026-08-14T00:44:51,2026-08-14,MLB,Los Angeles Angels,Texas Rangers,total,fanduel,,,-102,-120,7.5
2026-08-14T00:44:51,2026-08-14,MLB,Los Angeles Angels,Texas Rangers,moneyline,draftkings,131,-141,,,
2026-08-14T00:44:51,2026-08-14,MLB,Los Angeles Angels,Texas Rangers,spread,draftkings,-137,114,,,
2026-08-14T00:44:51,2026-08-14,MLB,Los Angeles Angels,Texas Rangers,total,draftkings,,,102,-123,7.5
2026-08-14T00:44:51,2026-08-14,MLB,Los Angeles Dodgers,Milwaukee Brewers,moneyline,draftkings,-136,127,,,
2026-08-14T00:44:51,2026-08-14,MLB,Los Angeles Dodgers,Milwaukee Brewers,spread,draftkings,144,-175,,,
2026-08-14T00:44:51,2026-08-14,MLB,Los Angeles Dodgers,Milwaukee Brewers,total,draftkings,,,-112,-107,8.0
2026-08-14T00:44:51,2026-08-14,MLB,Los Angeles Dodgers,Milwaukee Brewers,moneyline,betmgm,-145,120,,,
2026-08-14T00:44:51,2026-08-14,MLB,Los Angeles Dodgers,Milwaukee Brewers,spread,betmgm,145,-175,,,
2026-08-14T00:44:51,2026-08-14,MLB,Los Angeles Dodgers,Milwaukee Brewers,total,betmgm,,,-110,-110,8.0
2026-08-14T00:44:51,2026-08-14,MLB,Los Angeles Dodgers,Milwaukee Brewers,moneyline,fanduel,-138,128,,,
2026-08-14T00:44:51,2026-08-14,MLB,Los Angeles Dodgers,Milwaukee Brewers,spread,fanduel,140,-170,,,
2026-08-14T00:44:51,2026-08-14,MLB,Los Angeles Dodgers,Milwaukee Brewers,total,fanduel,,,102,-124,8.5
2026-08-14T00:44:51,2026-08-14,MLB,Los Angeles Angels,Texas Rangers,moneyline,betmgm,125,-155,,,
2026-08-14T00:44:51,2026-08-14,MLB,Los Angeles Angels,Texas Rangers,spread,betmgm,-145,118,,,
2026-08-14T00:44:51,2026-08-14,MLB,Los Angeles Angels,Texas Rangers,total,betmgm,,,105,-125,7.5
2026-09-03T19:28:50,2026-09-04,NCAAF,Missouri Tigers,Arkansas Pine Bluff Golden Lions,spread,draftkings,-118,-102,,,
2026-09-03T19:28:50,2026-09-04,NCAAF,Missouri Tigers,Arkansas Pine Bluff Golden Lions,total,draftkings,,,-120,100,61.5
2026-08-14T00:44:51,2026-08-13,MLB,Minnesota Twins,Philadelphia Phillies,spread,betmgm,-125,-102,,,
2026-08-14T17:40:43,2026-08-14,MLB,Chicago Cubs,St. Louis Cardinals,moneyline,draftkings,-180,168,,,
2026-08-14T17:40:43,2026-08-14,MLB,Chicago Cubs,St. Louis Cardinals,spread,draftkings,106,-127,,,
2026-08-14T17:40:43,2026-08-14,MLB,Chicago Cubs,St. Louis Cardinals,total,draftkings,,,-106,-114,8.0
2026-08-14T17:40:43,2026-08-14,MLB,Chicago Cubs,St. Louis Cardinals,moneyline,fanduel,-184,170,,,
2026-08-14T17:40:43,2026-08-14,MLB,Chicago Cubs,St. Louis Cardinals,spread,fanduel,112,-134,,,
2026-08-14T17:40:43,2026-08-14,MLB,Chicago Cubs,St. Louis Cardinals,total,fanduel,,,-108,-112,8.0
2026-08-14T17:40:43,2026-08-14,MLB,Chicago Cubs,St. Louis Cardinals,moneyline,betmgm,-185,150,,,
2026-08-14T17:40:43,2026-08-14,MLB,Chicago Cubs,St. Louis Cardinals,spread,betmgm,115,-140,,,
2026-08-14T17:40:43,2026-08-14,MLB,Chicago Cubs,St. Louis Cardinals,total,betmgm,,,-102,-118,8.0
2026-08-15T00:26:42,2026-08-14,MLB,Cincinnati Reds,Miami Marlins,moneyline,fanduel,-1300,1000,,,
2026-08-14T17:40:43,2026-08-14,MLB,Cincinnati Reds,Miami Marlins,spread,fanduel,-196,162,,,
2026-08-15T00:26:42,2026-08-14,MLB,Cincinnati Reds,Miami Marlins,total,fanduel,,,520,-1000,1.5
2026-08-15T00:26:42,2026-08-14,MLB,Cincinnati Reds,Miami Marlins,moneyline,draftkings,-1720,1020,,,
2026-08-14T17:40:43,2026-08-14,MLB,Cincinnati Reds,Miami Marlins,spread,draftkings,-202,165,,,
2026-08-15T00:26:42,2026-08-14,MLB,Cincinnati Reds,Miami Marlins,total,draftkings,,,567,-1060,1.5
2026-08-15T00:26:42,2026-08-14,MLB,Cincinnati Reds,Miami Marlins,moneyline,betmgm,-625,425,,,
2026-08-14T17:40:43,2026-08-14,MLB,Cincinnati Reds,Miami Marlins,spread,betmgm,-200,165,,,
2026-08-15T00:26:42,2026-08-14,MLB,Cincinnati Reds,Miami Marlins,total,betmgm,,,240,-325,1.5
2026-08-15T00:26:42,2026-08-14,MLB,Pittsburgh Pirates,Boston Red Sox,moneyline,fanduel,-4000,2900,,,
2026-08-15T00:26:42,2026-08-14,MLB,Pittsburgh Pirates,Boston Red Sox,spread,fanduel,-154,116,,,
2026-08-15T00:26:42,2026-08-14,MLB,Pittsburgh Pirates,Boston Red Sox,total,fanduel,,,-104,-128,11.5
2026-08-15T00:26:42,2026-08-14,MLB,Pittsburgh Pirates,Boston Red Sox,moneyline,draftkings,-3700,1560,,,
2026-08-15T00:26:42,2026-08-14,MLB,Pittsburgh Pirates,Boston Red Sox,spread,draftkings,-153,118,,,
2026-08-15T00:26:42,2026-08-14,MLB,Pittsburgh Pirates,Boston Red Sox,total,draftkings,,,-108,-120,11.5
2026-08-15T00:26:42,2026-08-14,MLB,Pittsburgh Pirates,Boston Red Sox,moneyline,betmgm,-10000,1650,,,
2026-08-15T00:26:42,2026-08-14,MLB,Pittsburgh Pirates,Boston Red Sox,spread,betmgm,-135,105,,,
2026-08-15T00:26:42,2026-08-14,MLB,Pittsburgh Pirates,Boston Red Sox,total,betmgm,,,-110,-115,11.5
2026-08-15T00:26:42,2026-08-14,MLB,Cleveland Guardians,San Diego Padres,moneyline,fanduel,160,-180,,,
2026-08-15T00:26:42,2026-08-14,MLB,Cleveland Guardians,San Diego Padres,spread,fanduel,-148,112,,,
2026-08-15T00:26:42,2026-08-14,MLB,Cleveland Guardians,San Diego Padres,total,fanduel,,,-154,116,10.5
2026-08-15T00:26:42,2026-08-14,MLB,Cleveland Guardians,San Diego Padres,moneyline,draftkings,205,-237,,,
2026-08-15T00:26:42,2026-08-14,MLB,Cleveland Guardians,San Diego Padres,spread,draftkings,-124,-104,,,
2026-08-15T00:26:42,2026-08-14,MLB,Cleveland Guardians,San Diego Padres,total,draftkings,,,117,-152,11.5
2026-08-15T00:26:42,2026-08-14,MLB,Cleveland Guardians,San Diego Padres,moneyline,betmgm,250,-325,,,
2026-08-15T00:26:42,2026-08-14,MLB,Cleveland Guardians,San Diego Padres,spread,betmgm,-155,120,,,
2026-08-15T00:26:42,2026-08-14,MLB,Cleveland Guardians,San Diego Padres,total,betmgm,,,-102,-125,11.5
2026-08-15T00:26:42,2026-08-14,MLB,New York Mets,Washington Nationals,moneyline,fanduel,120,-135,,,
2026-08-15T00:26:42,2026-08-14,MLB,New York Mets,Washington Nationals,spread,fanduel,-240,174,,,
2026-08-15T00:26:42,2026-08-14,MLB,New York Mets,Washington Nationals,total,fanduel,,,-160,120,4.5
2026-08-15T00:26:42,2026-08-14,MLB,New York Mets,Washington Nationals,moneyline,draftkings,134,-154,,,
2026-08-15T00:26:42,2026-08-14,MLB,New York Mets,Washington Nationals,spread,draftkings,-196,149,,,
2026-08-15T00:26:42,2026-08-14,MLB,New York Mets,Washington Nationals,total,draftkings,,,-152,116,4.5
2026-08-15T00:26:42,2026-08-14,MLB,New York Mets,Washington Nationals,moneyline,betmgm,110,-140,,,
2026-08-15T00:26:42,2026-08-14,MLB,New York Mets,Washington Nationals,spread,betmgm,-235,180,,,
2026-08-15T00:26:42,2026-08-14,MLB,New York Mets,Washington Nationals,total,betmgm,,,-155,120,4.5
2026-08-15T00:26:42,2026-08-14,MLB,Toronto Blue Jays,New York Yankees,moneyline,fanduel,100,-115,,,
2026-08-15T00:26:42,2026-08-14,MLB,Toronto Blue Jays,New York Yankees,spread,fanduel,300,-450,,,
2026-08-15T00:26:42,2026-08-14,MLB,Toronto Blue Jays,New York Yankees,total,fanduel,,,-114,-114,3.5
2026-08-15T00:26:42,2026-08-14,MLB,Toronto Blue Jays,New York Yankees,moneyline,draftkings,110,-126,,,
2026-08-15T00:26:42,2026-08-14,MLB,Toronto Blue Jays,New York Yankees,spread,draftkings,-226,170,,,
2026-08-15T00:26:42,2026-08-14,MLB,Toronto Blue Jays,New York Yankees,total,draftkings,,,107,-140,4.5
2026-08-15T00:26:42,2026-08-14,MLB,Toronto Blue Jays,New York Yankees,moneyline,betmgm,-105,-120,,,
2026-08-15T00:26:42,2026-08-14,MLB,Toronto Blue Jays,New York Yankees,spread,betmgm,-250,190,,,
2026-08-15T00:26:42,2026-08-14,MLB,Toronto Blue Jays,New York Yankees,total,betmgm,,,-135,105,3.5
2026-08-16T00:00:06,2026-08-15,MLB,Houston Astros,Seattle Mariners,moneyline,fanduel,185,-210,,,
2026-08-16T00:00:06,2026-08-15,MLB,Houston Astros,Seattle Mariners,spread,fanduel,-112,-118,,,
2026-08-16T00:00:06,2026-08-15,MLB,Houston Astros,Seattle Mariners,total,fanduel,,,-118,-112,11.5
2026-08-16T00:00:06,2026-08-15,MLB,Houston Astros,Seattle Mariners,moneyline,draftkings,138,-159,,,
2026-08-16T00:00:06,2026-08-15,MLB,Houston Astros,Seattle Mariners,spread,draftkings,-135,104,,,
2026-08-16T00:00:06,2026-08-15,MLB,Houston Astros,Seattle Mariners,total,draftkings,,,-102,-128,12.5
2026-08-16T00:00:06,2026-08-15,MLB,Houston Astros,Seattle Mariners,moneyline,betmgm,190,-250,,,
2026-08-16T00:00:06,2026-08-15,MLB,Houston Astros,Seattle Mariners,spread,betmgm,-105,-120,,,
2026-08-16T00:00:06,2026-08-15,MLB,Houston Astros,Seattle Mariners,total,betmgm,,,-115,-110,11.5
2026-08-15T00:26:42,2026-08-15,MLB,Los Angeles Angels,Kansas City Royals,moneyline,fanduel,100,-108,,,
2026-08-15T00:26:42,2026-08-15,MLB,Los Angeles Angels,Kansas City Royals,spread,fanduel,-178,146,,,
2026-08-15T00:26:42,2026-08-15,MLB,Los Angeles Angels,Kansas City Royals,total,fanduel,,,-114,-106,8.5
2026-08-15T00:26:42,2026-08-15,MLB,Los Angeles Angels,Kansas City Royals,moneyline,draftkings,-103,-105,,,
2026-08-15T00:26:42,2026-08-15,MLB,Los Angeles Angels,Kansas City Royals,spread,draftkings,-186,153,,,
2026-08-15T00:26:42,2026-08-15,MLB,Los Angeles Angels,Kansas City Royals,total,draftkings,,,-108,-112,8.5
2026-08-16T00:00:06,2026-08-15,MLB,Los Angeles Dodgers,Milwaukee Brewers,moneyline,fanduel,220,-250,,,
2026-08-16T00:00:06,2026-08-15,MLB,Los Angeles Dodgers,Milwaukee Brewers,spread,fanduel,112,-148,,,
2026-08-16T00:00:06,2026-08-15,MLB,Los Angeles Dodgers,Milwaukee Brewers,total,fanduel,,,108,-144,7.5
2026-08-16T00:00:06,2026-08-15,MLB,Los Angeles Dodgers,Milwaukee Brewers,moneyline,draftkings,215,-252,,,
2026-08-16T00:00:06,2026-08-15,MLB,Los Angeles Dodgers,Milwaukee Brewers,spread,draftkings,117,-152,,,
2026-08-16T00:00:06,2026-08-15,MLB,Los Angeles Dodgers,Milwaukee Brewers,total,draftkings,,,106,-138,7.5
2026-08-16T00:00:06,2026-08-15,MLB,Los Angeles Dodgers,Milwaukee Brewers,moneyline,betmgm,210,-275,,,
2026-08-16T00:00:06,2026-08-15,MLB,Los Angeles Dodgers,Milwaukee Brewers,spread,betmgm,100,-130,,,
2026-08-16T00:00:06,2026-08-15,MLB,Los Angeles Dodgers,Milwaukee Brewers,total,betmgm,,,110,-145,7.5
2026-08-15T17:04:54,2026-08-15,MLB,San Francisco Giants,Colorado Rockies,moneyline,fanduel,-160,148,,,
2026-08-15T17:04:54,2026-08-15,MLB,San Francisco Giants,Colorado Rockies,spread,fanduel,132,-160,,,
2026-08-15T17:04:54,2026-08-15,MLB,San Francisco Giants,Colorado Rockies,total,fanduel,,,-110,-110,7.5
2026-08-15T17:04:54,2026-08-15,MLB,San Francisco Giants,Colorado Rockies,moneyline,draftkings,-167,155,,,
2026-08-15T17:04:54,2026-08-15,MLB,San Francisco Giants,Colorado Rockies,spread,draftkings,119,-144,,,
2026-08-15T17:04:54,2026-08-15,MLB,San Francisco Giants,Colorado Rockies,total,draftkings,,,-117,-103,7.5
2026-08-15T17:04:54,2026-08-15,MLB,San Francisco Giants,Colorado Rockies,moneyline,betmgm,-175,145,,,
2026-08-15T17:04:54,2026-08-15,MLB,San Francisco Giants,Colorado Rockies,spread,betmgm,125,-150,,,
2026-08-15T17:04:54,2026-08-15,MLB,San Francisco Giants,Colorado Rockies,total,betmgm,,,-115,-105,7.5
2026-08-15T00:26:42,2026-08-14,MLB,Detroit Tigers,Chicago White Sox,moneyline,fanduel,1100,-1450,,,
2026-08-15T00:26:42,2026-08-14,MLB,Detroit Tigers,Chicago White Sox,spread,fanduel,-114,-114,,,
2026-08-15T00:26:42,2026-08-14,MLB,Detroit Tigers,Chicago White Sox,total,fanduel,,,118,-158,14.5
2026-08-15T00:26:42,2026-08-14,MLB,Detroit Tigers,Chicago White Sox,moneyline,draftkings,910,-1440,,,
2026-08-15T00:26:42,2026-08-14,MLB,Detroit Tigers,Chicago White Sox,spread,draftkings,-134,103,,,
2026-08-15T00:26:42,2026-08-14,MLB,Detroit Tigers,Chicago White Sox,total,draftkings,,,117,-152,14.5
2026-08-15T00:26:42,2026-08-14,MLB,Detroit Tigers,Chicago White Sox,moneyline,betmgm,1250,-5000,,,
2026-08-15T00:26:42,2026-08-14,MLB,Detroit Tigers,Chicago White Sox,spread,betmgm,100,-130,,,
2026-08-15T00:26:42,2026-08-14,MLB,Detroit Tigers,Chicago White Sox,total,betmgm,,,-125,-102,13.5
2026-08-15T00:26:42,2026-08-14,MLB,Tampa Bay Rays,Baltimore Orioles,moneyline,fanduel,-120,105,,,
2026-08-15T00:26:42,2026-08-14,MLB,Tampa Bay Rays,Baltimore Orioles,spread,fanduel,220,-310,,,
2026-08-15T00:26:42,2026-08-14,MLB,Tampa Bay Rays,Baltimore Orioles,total,fanduel,,,-106,-125,9.5
2026-08-15T00:26:42,2026-08-14,MLB,Tampa Bay Rays,Baltimore Orioles,moneyline,draftkings,-119,104,,,
2026-08-15T00:26:42,2026-08-14,MLB,Tampa Bay Rays,Baltimore Orioles,spread,draftkings,-238,178,,,
2026-08-15T00:26:42,2026-08-14,MLB,Tampa Bay Rays,Baltimore Orioles,total,draftkings,,,-109,-119,9.5
2026-08-15T00:26:42,2026-08-14,MLB,Tampa Bay Rays,Baltimore Orioles,moneyline,betmgm,-160,130,,,
2026-08-15T00:26:42,2026-08-14,MLB,Tampa Bay Rays,Baltimore Orioles,spread,betmgm,170,-220,,,
2026-08-15T00:26:42,2026-08-14,MLB,Tampa Bay Rays,Baltimore Orioles,total,betmgm,,,110,-140,9.5
2026-08-15T00:26:42,2026-08-14,MLB,Atlanta Braves,Arizona Diamondbacks,moneyline,fanduel,-105,-110,,,
2026-08-15T00:26:42,2026-08-14,MLB,Atlanta Braves,Arizona Diamondbacks,spread,fanduel,-245,178,,,
2026-08-15T00:26:42,2026-08-14,MLB,Atlanta Braves,Arizona Diamondbacks,total,fanduel,,,124,-166,5.5
2026-08-15T00:26:42,2026-08-14,MLB,Atlanta Braves,Arizona Diamondbacks,moneyline,draftkings,-101,-114,,,
2026-08-15T00:26:42,2026-08-14,MLB,Atlanta Braves,Arizona Diamondbacks,spread,draftkings,-261,193,,,
2026-08-15T00:26:42,2026-08-14,MLB,Atlanta Braves,Arizona Diamondbacks,total,draftkings,,,-162,124,4.5
2026-08-15T00:26:42,2026-08-14,MLB,Atlanta Braves,Arizona Diamondbacks,moneyline,betmgm,115,-145,,,
2026-08-14T17:40:43,2026-08-14,MLB,Atlanta Braves,Arizona Diamondbacks,spread,betmgm,110,-135,,,
2026-08-15T00:26:42,2026-08-14,MLB,Atlanta Braves,Arizona Diamondbacks,total,betmgm,,,120,-155,5.5
2026-08-15T00:26:42,2026-08-15,MLB,Los Angeles Angels,Kansas City Royals,moneyline,betmgm,-105,-115,,,
2026-08-15T00:26:42,2026-08-15,MLB,Los Angeles Angels,Kansas City Royals,spread,betmgm,-185,150,,,
2026-08-15T00:26:42,2026-08-15,MLB,Los Angeles Angels,Kansas City Royals,total,betmgm,,,-110,-110,8.5
2026-08-15T00:26:42,2026-08-15,MLB,Athletics,Texas Rangers,moneyline,fanduel,-102,-106,,,
2026-08-15T00:26:42,2026-08-15,MLB,Athletics,Texas Rangers,spread,fanduel,-166,138,,,
2026-08-15T00:26:42,2026-08-15,MLB,Athletics,Texas Rangers,total,fanduel,,,-104,-118,9.5
2026-08-15T00:26:42,2026-08-15,MLB,Athletics,Texas Rangers,moneyline,draftkings,-104,-103,,,
2026-08-15T00:26:42,2026-08-15,MLB,Athletics,Texas Rangers,spread,draftkings,-175,144,,,
2026-08-15T00:26:42,2026-08-15,MLB,Athletics,Texas Rangers,total,draftkings,,,-103,-117,9.5
2026-08-15T00:26:42,2026-08-15,MLB,Athletics,Texas Rangers,moneyline,betmgm,-110,-110,,,
2026-08-15T00:26:42,2026-08-15,MLB,Athletics,Texas Rangers,spread,betmgm,-175,145,,,
2026-08-15T00:26:42,2026-08-15,MLB,Athletics,Texas Rangers,total,betmgm,,,-105,-115,9.5
2026-08-15T17:04:54,2026-08-15,MLB,Chicago Cubs,St. Louis Cardinals,moneyline,fanduel,-178,164,,,
2026-08-15T17:04:54,2026-08-15,MLB,Chicago Cubs,St. Louis Cardinals,spread,fanduel,118,-142,,,
2026-08-15T17:04:54,2026-08-15,MLB,Chicago Cubs,St. Louis Cardinals,total,fanduel,,,-102,-120,9.0
2026-08-16T00:00:06,2026-08-15,MLB,Cincinnati Reds,Miami Marlins,moneyline,fanduel,-120,105,,,
2026-08-16T00:00:06,2026-08-15,MLB,Cincinnati Reds,Miami Marlins,spread,fanduel,230,-330,,,
2026-08-16T00:00:06,2026-08-15,MLB,Cincinnati Reds,Miami Marlins,total,fanduel,,,-102,-130,10.5
2026-08-16T00:00:06,2026-08-15,MLB,Pittsburgh Pirates,Boston Red Sox,moneyline,fanduel,155,-175,,,
2026-08-16T00:00:06,2026-08-15,MLB,Pittsburgh Pirates,Boston Red Sox,spread,fanduel,-140,106,,,
2026-08-16T00:00:06,2026-08-15,MLB,Pittsburgh Pirates,Boston Red Sox,total,fanduel,,,-114,-114,6.5
2026-08-15T17:04:54,2026-08-15,MLB,Detroit Tigers,Chicago White Sox,moneyline,draftkings,-140,130,,,
2026-08-15T17:04:54,2026-08-15,MLB,Detroit Tigers,Chicago White Sox,spread,draftkings,153,-186,,,
2026-08-15T17:04:54,2026-08-15,MLB,Detroit Tigers,Chicago White Sox,total,draftkings,,,-106,-114,8.0
2026-08-15T17:04:54,2026-08-15,MLB,Detroit Tigers,Chicago White Sox,moneyline,fanduel,-138,126,,,
2026-08-15T17:04:54,2026-08-15,MLB,Detroit Tigers,Chicago White Sox,spread,fanduel,142,-172,,,
2026-08-15T17:04:54,2026-08-15,MLB,Detroit Tigers,Chicago White Sox,total,fanduel,,,-105,-115,8.0
2026-08-15T17:04:54,2026-08-15,MLB,Detroit Tigers,Chicago White Sox,moneyline,betmgm,-150,125,,,
2026-08-15T17:04:54,2026-08-15,MLB,Detroit Tigers,Chicago White Sox,spread,betmgm,145,-180,,,
2026-08-15T17:04:54,2026-08-15,MLB,Detroit Tigers,Chicago White Sox,total,betmgm,,,-105,-115,8.0
2026-08-15T17:04:54,2026-08-15,MLB,Chicago Cubs,St. Louis Cardinals,moneyline,draftkings,-181,168,,,
2026-08-15T17:04:54,2026-08-15,MLB,Chicago Cubs,St. Louis Cardinals,spread,draftkings,102,-122,,,
2026-08-15T17:04:54,2026-08-15,MLB,Chicago Cubs,St. Louis Cardinals,total,draftkings,,,-105,-114,9.0
2026-08-15T17:04:54,2026-08-15,MLB,Chicago Cubs,St. Louis Cardinals,moneyline,betmgm,-190,155,,,
2026-08-15T17:04:54,2026-08-15,MLB,Chicago Cubs,St. Louis Cardinals,spread,betmgm,100,-120,,,
2026-08-15T17:04:54,2026-08-15,MLB,Chicago Cubs,St. Louis Cardinals,total,betmgm,,,-105,-115,9.0
2026-08-16T00:00:06,2026-08-15,MLB,Tampa Bay Rays,Baltimore Orioles,moneyline,fanduel,115,-130,,,
2026-08-16T00:00:06,2026-08-15,MLB,Tampa Bay Rays,Baltimore Orioles,spread,fanduel,-330,225,,,
2026-08-16T00:00:06,2026-08-15,MLB,Tampa Bay Rays,Baltimore Orioles,total,fanduel,,,-122,-108,7.5
2026-08-16T00:00:06,2026-08-15,MLB,Tampa Bay Rays,Baltimore Orioles,moneyline,draftkings,107,-123,,,
2026-08-16T00:00:06,2026-08-15,MLB,Tampa Bay Rays,Baltimore Orioles,spread,draftkings,-298,217,,,
2026-08-16T00:00:06,2026-08-15,MLB,Tampa Bay Rays,Baltimore Orioles,total,draftkings,,,-132,101,7.5
2026-08-16T00:00:06,2026-08-15,MLB,Tampa Bay Rays,Baltimore Orioles,moneyline,betmgm,118,-150,,,
2026-08-16T00:00:06,2026-08-15,MLB,Tampa Bay Rays,Baltimore Orioles,spread,betmgm,-300,225,,,
2026-08-16T00:00:06,2026-08-15,MLB,Tampa Bay Rays,Baltimore Orioles,total,betmgm,,,-130,100,7.5
2026-08-16T00:00:06,2026-08-15,MLB,Cincinnati Reds,Miami Marlins,moneyline,draftkings,-215,185,,,
2026-08-16T00:00:06,2026-08-15,MLB,Cincinnati Reds,Miami Marlins,spread,draftkings,150,-198,,,
2026-08-16T00:00:06,2026-08-15,MLB,Cincinnati Reds,Miami Marlins,total,draftkings,,,-143,110,10.5
2026-08-16T00:00:06,2026-08-15,MLB,Cincinnati Reds,Miami Marlins,moneyline,betmgm,-275,210,,,
2026-08-16T00:00:06,2026-08-15,MLB,Cincinnati Reds,Miami Marlins,spread,betmgm,120,-155,,,
2026-08-16T00:00:06,2026-08-15,MLB,Cincinnati Reds,Miami Marlins,total,betmgm,,,110,-145,11.5
2026-08-16T00:00:06,2026-08-15,MLB,Minnesota Twins,Philadelphia Phillies,moneyline,fanduel,185,-210,,,
2026-08-16T00:00:06,2026-08-15,MLB,Minnesota Twins,Philadelphia Phillies,spread,fanduel,-122,-108,,,
2026-08-16T00:00:06,2026-08-15,MLB,Minnesota Twins,Philadelphia Phillies,total,fanduel,,,-125,-106,5.5
2026-08-16T00:00:06,2026-08-15,MLB,Minnesota Twins,Philadelphia Phillies,moneyline,draftkings,177,-206,,,
2026-08-16T00:00:06,2026-08-15,MLB,Minnesota Twins,Philadelphia Phillies,spread,draftkings,-123,-105,,,
2026-08-16T00:00:06,2026-08-15,MLB,Minnesota Twins,Philadelphia Phillies,total,draftkings,,,101,-131,6.5
2026-08-16T00:00:06,2026-08-15,MLB,Minnesota Twins,Philadelphia Phillies,moneyline,betmgm,160,-200,,,
2026-08-16T00:00:06,2026-08-15,MLB,Minnesota Twins,Philadelphia Phillies,total,betmgm,,,-135,105,5.5
2026-08-16T00:00:06,2026-08-15,MLB,Atlanta Braves,Arizona Diamondbacks,moneyline,draftkings,131,-150,,,
2026-08-16T00:00:06,2026-08-15,MLB,Atlanta Braves,Arizona Diamondbacks,spread,draftkings,-141,109,,,
2026-08-16T00:00:06,2026-08-15,MLB,Atlanta Braves,Arizona Diamondbacks,total,draftkings,,,-112,-116,12.5
2026-08-16T00:00:06,2026-08-15,MLB,Atlanta Braves,Arizona Diamondbacks,moneyline,fanduel,155,-180,,,
2026-08-16T00:00:06,2026-08-15,MLB,Atlanta Braves,Arizona Diamondbacks,spread,fanduel,-110,-120,,,
2026-08-16T00:00:06,2026-08-15,MLB,Atlanta Braves,Arizona Diamondbacks,total,fanduel,,,-112,-118,12.5
2026-08-16T00:00:06,2026-08-15,MLB,Atlanta Braves,Arizona Diamondbacks,moneyline,betmgm,150,-190,,,
2026-08-15T17:04:54,2026-08-15,MLB,Atlanta Braves,Arizona Diamondbacks,spread,betmgm,150,-185,,,
2026-08-16T00:00:06,2026-08-15,MLB,Atlanta Braves,Arizona Diamondbacks,total,betmgm,,,-110,-115,12.5
2026-08-16T00:00:06,2026-08-15,MLB,Pittsburgh Pirates,Boston Red Sox,moneyline,draftkings,170,-197,,,
2026-08-16T00:00:06,2026-08-15,MLB,Pittsburgh Pirates,Boston Red Sox,spread,draftkings,-137,105,,,
2026-08-16T00:00:06,2026-08-15,MLB,Pittsburgh Pirates,Boston Red Sox,total,draftkings,,,103,-133,6.5
2026-08-16T00:00:06,2026-08-15,MLB,Pittsburgh Pirates,Boston Red Sox,moneyline,betmgm,160,-200,,,
2026-08-16T00:00:06,2026-08-15,MLB,Pittsburgh Pirates,Boston Red Sox,spread,betmgm,-135,105,,,
2026-08-16T00:00:06,2026-08-15,MLB,Pittsburgh Pirates,Boston Red Sox,total,betmgm,,,-102,-125,6.5
2026-08-16T17:04:52,2026-08-16,MLB,Los Angeles Angels,Kansas City Royals,moneyline,draftkings,102,-109,,,
2026-08-16T17:04:52,2026-08-16,MLB,Los Angeles Angels,Kansas City Royals,spread,draftkings,-170,140,,,
2026-08-16T17:04:52,2026-08-16,MLB,Los Angeles Angels,Kansas City Royals,total,draftkings,,,-122,101,8.5
2026-08-16T17:04:52,2026-08-16,MLB,Los Angeles Angels,Kansas City Royals,moneyline,fanduel,100,-108,,,
2026-08-16T17:04:52,2026-08-16,MLB,Los Angeles Angels,Kansas City Royals,spread,fanduel,-178,150,,,
2026-08-16T17:04:52,2026-08-16,MLB,Los Angeles Angels,Kansas City Royals,total,fanduel,,,-115,-105,8.5
2026-08-16T17:04:52,2026-08-16,MLB,Los Angeles Angels,Kansas City Royals,moneyline,betmgm,-102,-118,,,
2026-08-16T17:04:52,2026-08-16,MLB,Los Angeles Angels,Kansas City Royals,spread,betmgm,-170,140,,,
2026-08-16T17:04:52,2026-08-16,MLB,Los Angeles Angels,Kansas City Royals,total,betmgm,,,-120,100,8.5
2026-08-16T17:04:52,2026-08-16,MLB,Athletics,Texas Rangers,moneyline,draftkings,120,-129,,,
2026-08-16T17:04:52,2026-08-16,MLB,Athletics,Texas Rangers,spread,draftkings,-132,110,,,
2026-08-16T17:04:52,2026-08-16,MLB,Athletics,Texas Rangers,total,draftkings,,,-115,-105,9.5
2026-08-16T17:04:52,2026-08-16,MLB,Athletics,Texas Rangers,moneyline,fanduel,122,-130,,,
2026-08-16T17:04:52,2026-08-16,MLB,Athletics,Texas Rangers,spread,fanduel,-137,114,,,
2026-08-16T17:04:52,2026-08-16,MLB,Athletics,Texas Rangers,total,fanduel,,,-110,-110,9.5
2026-08-16T17:04:52,2026-08-16,MLB,Athletics,Texas Rangers,moneyline,betmgm,115,-140,,,
2026-08-16T17:04:52,2026-08-16,MLB,Athletics,Texas Rangers,spread,betmgm,-135,110,,,
2026-08-16T17:04:52,2026-08-16,MLB,Athletics,Texas Rangers,total,betmgm,,,-118,-102,9.5
2026-08-15T17:04:54,2026-08-15,MLB,Toronto Blue Jays,New York Yankees,moneyline,fanduel,168,-180,,,
2026-08-15T17:04:54,2026-08-15,MLB,Toronto Blue Jays,New York Yankees,spread,fanduel,-115,-104,,,
2026-08-15T17:04:54,2026-08-15,MLB,Toronto Blue Jays,New York Yankees,total,fanduel,,,100,-122,7.5
2026-08-15T17:04:54,2026-08-15,MLB,Toronto Blue Jays,New York Yankees,moneyline,draftkings,169,-182,,,
2026-08-15T17:04:54,2026-08-15,MLB,Toronto Blue Jays,New York Yankees,spread,draftkings,-107,-112,,,
2026-08-15T17:04:54,2026-08-15,MLB,Toronto Blue Jays,New York Yankees,total,draftkings,,,103,-125,7.5
2026-08-15T17:04:54,2026-08-15,MLB,Toronto Blue Jays,New York Yankees,moneyline,betmgm,165,-200,,,
2026-08-15T17:04:54,2026-08-15,MLB,Toronto Blue Jays,New York Yankees,spread,betmgm,-105,-115,,,
2026-08-15T17:04:54,2026-08-15,MLB,Toronto Blue Jays,New York Yankees,total,betmgm,,,100,-120,7.5
2026-08-15T17:04:54,2026-08-15,MLB,New York Mets,Washington Nationals,moneyline,fanduel,-134,124,,,
2026-08-15T17:04:54,2026-08-15,MLB,New York Mets,Washington Nationals,spread,fanduel,158,-192,,,
2026-08-15T17:04:54,2026-08-15,MLB,New York Mets,Washington Nationals,total,fanduel,,,-102,-120,8.0
2026-08-15T17:04:54,2026-08-15,MLB,New York Mets,Washington Nationals,moneyline,betmgm,-145,118,,,
2026-08-15T17:04:54,2026-08-15,MLB,New York Mets,Washington Nationals,spread,betmgm,150,-185,,,
2026-08-15T17:04:54,2026-08-15,MLB,New York Mets,Washington Nationals,total,betmgm,,,-120,100,7.5
2026-08-15T17:04:54,2026-08-15,MLB,New York Mets,Washington Nationals,moneyline,draftkings,-135,126,,,
2026-08-15T17:04:54,2026-08-15,MLB,New York Mets,Washington Nationals,spread,draftkings,149,-181,,,
2026-08-15T17:04:54,2026-08-15,MLB,New York Mets,Washington Nationals,total,draftkings,,,-102,-118,8.0
2026-08-16T00:00:06,2026-08-15,MLB,Cleveland Guardians,San Diego Padres,moneyline,fanduel,-220,195,,,
2026-08-16T00:00:06,2026-08-15,MLB,Cleveland Guardians,San Diego Padres,spread,fanduel,100,-132,,,
2026-08-16T00:00:06,2026-08-15,MLB,Cleveland Guardians,San Diego Padres,total,fanduel,,,110,-146,9.5
2026-08-16T00:00:06,2026-08-15,MLB,Cleveland Guardians,San Diego Padres,moneyline,draftkings,-200,173,,,
2026-08-16T00:00:06,2026-08-15,MLB,Cleveland Guardians,San Diego Padres,spread,draftkings,108,-140,,,
2026-08-16T00:00:06,2026-08-15,MLB,Cleveland Guardians,San Diego Padres,total,draftkings,,,-118,-110,8.5
2026-08-16T00:00:06,2026-08-15,MLB,Cleveland Guardians,San Diego Padres,moneyline,betmgm,-250,190,,,
2026-08-16T00:00:06,2026-08-15,MLB,Cleveland Guardians,San Diego Padres,spread,betmgm,105,-135,,,
2026-08-16T00:00:06,2026-08-15,MLB,Cleveland Guardians,San Diego Padres,total,betmgm,,,-140,110,8.5
2026-08-16T17:04:52,2026-08-16,MLB,Tampa Bay Rays,Baltimore Orioles,moneyline,fanduel,-150,135,,,
2026-08-16T17:04:52,2026-08-16,MLB,Tampa Bay Rays,Baltimore Orioles,spread,fanduel,194,-270,,,
2026-08-16T17:04:52,2026-08-16,MLB,Tampa Bay Rays,Baltimore Orioles,total,fanduel,,,-132,100,4.5
2026-08-16T17:04:52,2026-08-16,MLB,Tampa Bay Rays,Baltimore Orioles,moneyline,draftkings,-144,125,,,
2026-08-16T17:04:52,2026-08-16,MLB,Tampa Bay Rays,Baltimore Orioles,spread,draftkings,189,-255,,,
2026-08-16T17:04:52,2026-08-16,MLB,Tampa Bay Rays,Baltimore Orioles,total,draftkings,,,-124,-104,4.5
2026-08-16T17:04:52,2026-08-16,MLB,Tampa Bay Rays,Baltimore Orioles,moneyline,betmgm,-140,110,,,
2026-08-16T17:04:52,2026-08-16,MLB,Tampa Bay Rays,Baltimore Orioles,spread,betmgm,210,-275,,,
2026-08-16T17:04:52,2026-08-16,MLB,Tampa Bay Rays,Baltimore Orioles,total,betmgm,,,-140,110,4.5
2026-08-16T17:04:52,2026-08-16,MLB,Atlanta Braves,Arizona Diamondbacks,moneyline,fanduel,-120,110,,,
2026-08-16T17:04:52,2026-08-16,MLB,Atlanta Braves,Arizona Diamondbacks,spread,fanduel,-196,162,,,
2026-08-16T17:04:52,2026-08-16,MLB,Atlanta Braves,Arizona Diamondbacks,total,fanduel,,,-112,-108,9.0
2026-08-16T17:04:52,2026-08-16,MLB,Atlanta Braves,Arizona Diamondbacks,moneyline,draftkings,-124,115,,,
2026-08-16T17:04:52,2026-08-16,MLB,Atlanta Braves,Arizona Diamondbacks,spread,draftkings,154,-188,,,
2026-08-16T17:04:52,2026-08-16,MLB,Atlanta Braves,Arizona Diamondbacks,total,draftkings,,,-117,-103,9.0
2026-08-16T17:04:52,2026-08-16,MLB,Atlanta Braves,Arizona Diamondbacks,moneyline,betmgm,-130,105,,,
2026-08-16T17:04:52,2026-08-16,MLB,Atlanta Braves,Arizona Diamondbacks,spread,betmgm,155,-190,,,
2026-08-16T17:04:52,2026-08-16,MLB,Atlanta Braves,Arizona Diamondbacks,total,betmgm,,,-115,-105,9.0
2026-08-16T17:04:52,2026-08-16,MLB,Pittsburgh Pirates,Boston Red Sox,moneyline,fanduel,100,-110,,,
2026-08-16T17:04:52,2026-08-16,MLB,Pittsburgh Pirates,Boston Red Sox,spread,fanduel,-176,146,,,
2026-08-16T17:04:52,2026-08-16,MLB,Pittsburgh Pirates,Boston Red Sox,total,fanduel,,,-115,-105,8.0
2026-08-16T17:04:52,2026-08-16,MLB,Pittsburgh Pirates,Boston Red Sox,moneyline,draftkings,-102,-105,,,
2026-08-16T17:04:52,2026-08-16,MLB,Pittsburgh Pirates,Boston Red Sox,spread,draftkings,-175,144,,,
2026-08-16T17:04:52,2026-08-16,MLB,Pittsburgh Pirates,Boston Red Sox,total,draftkings,,,-115,-105,8.0
2026-08-16T17:04:52,2026-08-16,MLB,Pittsburgh Pirates,Boston Red Sox,moneyline,betmgm,-110,-110,,,
2026-08-16T17:04:52,2026-08-16,MLB,Pittsburgh Pirates,Boston Red Sox,spread,betmgm,-175,145,,,
2026-08-16T17:04:52,2026-08-16,MLB,Pittsburgh Pirates,Boston Red Sox,total,betmgm,,,-115,-105,8.0
2026-08-16T17:04:52,2026-08-16,MLB,Toronto Blue Jays,New York Yankees,moneyline,fanduel,-118,110,,,
2026-08-16T17:04:52,2026-08-16,MLB,Toronto Blue Jays,New York Yankees,spread,fanduel,180,-220,,,
2026-08-16T17:04:52,2026-08-16,MLB,Toronto Blue Jays,New York Yankees,total,fanduel,,,-115,-105,6.5
2026-08-16T17:04:52,2026-08-16,MLB,Toronto Blue Jays,New York Yankees,moneyline,draftkings,-118,110,,,
2026-08-16T17:04:52,2026-08-16,MLB,Toronto Blue Jays,New York Yankees,spread,draftkings,178,-219,,,
2026-08-16T17:04:52,2026-08-16,MLB,Toronto Blue Jays,New York Yankees,total,draftkings,,,-110,-110,6.5
2026-08-16T17:04:52,2026-08-16,MLB,Toronto Blue Jays,New York Yankees,moneyline,betmgm,-130,105,,,
2026-08-16T17:04:52,2026-08-16,MLB,Toronto Blue Jays,New York Yankees,spread,betmgm,180,-220,,,
2026-08-16T17:04:52,2026-08-16,MLB,Toronto Blue Jays,New York Yankees,total,betmgm,,,-110,-110,6.5
2026-08-16T17:04:52,2026-08-16,MLB,Detroit Tigers,Chicago White Sox,moneyline,fanduel,-114,104,,,
2026-08-16T17:04:52,2026-08-16,MLB,Detroit Tigers,Chicago White Sox,spread,fanduel,-205,168,,,
2026-08-16T17:04:52,2026-08-16,MLB,Detroit Tigers,Chicago White Sox,total,fanduel,,,-112,-108,8.0
2026-08-16T17:04:52,2026-08-16,MLB,Detroit Tigers,Chicago White Sox,moneyline,draftkings,-111,103,,,
2026-08-16T17:04:52,2026-08-16,MLB,Detroit Tigers,Chicago White Sox,spread,draftkings,-199,163,,,
2026-08-16T17:04:52,2026-08-16,MLB,Detroit Tigers,Chicago White Sox,total,draftkings,,,-111,-109,8.0
2026-08-16T17:04:52,2026-08-16,MLB,Detroit Tigers,Chicago White Sox,moneyline,betmgm,-118,-102,,,
2026-08-16T17:04:52,2026-08-16,MLB,Detroit Tigers,Chicago White Sox,spread,betmgm,-200,165,,,
2026-08-16T17:04:52,2026-08-16,MLB,Detroit Tigers,Chicago White Sox,total,betmgm,,,-110,-110,8.0
2026-08-16T17:04:52,2026-08-16,MLB,Cincinnati Reds,Miami Marlins,moneyline,fanduel,110,-120,,,
2026-08-16T17:04:52,2026-08-16,MLB,Cincinnati Reds,Miami Marlins,spread,fanduel,-160,132,,,
2026-08-16T17:04:52,2026-08-16,MLB,Cincinnati Reds,Miami Marlins,total,fanduel,,,-115,-105,8.5
2026-08-16T17:04:52,2026-08-16,MLB,Cincinnati Reds,Miami Marlins,moneyline,draftkings,110,-118,,,
2026-08-16T17:04:52,2026-08-16,MLB,Cincinnati Reds,Miami Marlins,spread,draftkings,-156,129,,,
2026-08-16T17:04:52,2026-08-16,MLB,Cincinnati Reds,Miami Marlins,total,draftkings,,,-114,-105,8.5
2026-08-16T17:04:52,2026-08-16,MLB,Cincinnati Reds,Miami Marlins,moneyline,betmgm,105,-125,,,
2026-08-16T17:04:52,2026-08-16,MLB,Cincinnati Reds,Miami Marlins,spread,betmgm,-155,125,,,
2026-08-16T17:04:52,2026-08-16,MLB,Cincinnati Reds,Miami Marlins,total,betmgm,,,-115,-105,8.5
2026-08-16T17:04:52,2026-08-16,MLB,Cleveland Guardians,San Diego Padres,moneyline,fanduel,100,-110,,,
2026-08-16T17:04:52,2026-08-16,MLB,Cleveland Guardians,San Diego Padres,spread,fanduel,-178,146,,,
2026-08-16T17:04:52,2026-08-16,MLB,Cleveland Guardians,San Diego Padres,total,fanduel,,,102,-124,8.5
2026-08-16T17:04:52,2026-08-16,MLB,Cleveland Guardians,San Diego Padres,moneyline,draftkings,-103,-105,,,
2026-08-16T17:04:52,2026-08-16,MLB,Cleveland Guardians,San Diego Padres,spread,draftkings,-180,148,,,
2026-08-16T17:04:52,2026-08-16,MLB,Cleveland Guardians,San Diego Padres,total,draftkings,,,-114,-106,8.0
2026-08-16T17:04:52,2026-08-16,MLB,Cleveland Guardians,San Diego Padres,moneyline,betmgm,-105,-115,,,
2026-08-16T17:04:52,2026-08-16,MLB,Cleveland Guardians,San Diego Padres,spread,betmgm,-175,145,,,
2026-08-16T17:04:52,2026-08-16,MLB,Cleveland Guardians,San Diego Padres,total,betmgm,,,-115,-105,8.0
2026-08-16T17:04:52,2026-08-16,MLB,New York Mets,Washington Nationals,moneyline,fanduel,-158,146,,,
2026-08-16T17:04:52,2026-08-16,MLB,New York Mets,Washington Nationals,spread,fanduel,126,-152,,,
2026-08-16T17:04:52,2026-08-16,MLB,New York Mets,Washington Nationals,total,fanduel,,,-118,-104,8.5
2026-08-16T17:04:52,2026-08-16,MLB,New York Mets,Washington Nationals,moneyline,draftkings,-160,148,,,
2026-08-16T17:04:52,2026-08-16,MLB,New York Mets,Washington Nationals,spread,draftkings,124,-149,,,
2026-08-16T17:04:52,2026-08-16,MLB,New York Mets,Washington Nationals,total,draftkings,,,-113,-107,8.5
2026-08-16T17:04:52,2026-08-16,MLB,New York Mets,Washington Nationals,moneyline,betmgm,-170,140,,,
2026-08-16T17:04:52,2026-08-16,MLB,New York Mets,Washington Nationals,spread,betmgm,125,-150,,,
2026-08-16T17:04:52,2026-08-16,MLB,New York Mets,Washington Nationals,total,betmgm,,,-118,-102,8.5
2026-08-16T17:04:52,2026-08-16,MLB,Minnesota Twins,Philadelphia Phillies,moneyline,fanduel,100,-110,,,
2026-08-16T17:04:52,2026-08-16,MLB,Minnesota Twins,Philadelphia Phillies,spread,fanduel,-164,136,,,
2026-08-16T17:04:52,2026-08-16,MLB,Minnesota Twins,Philadelphia Phillies,total,fanduel,,,-105,-115,9.5
2026-08-16T17:04:52,2026-08-16,MLB,Minnesota Twins,Philadelphia Phillies,moneyline,draftkings,100,-107,,,
2026-08-16T17:04:52,2026-08-16,MLB,Minnesota Twins,Philadelphia Phillies,spread,draftkings,-170,140,,,
2026-08-16T17:04:52,2026-08-16,MLB,Minnesota Twins,Philadelphia Phillies,total,draftkings,,,-102,-119,9.5
2026-08-16T17:04:52,2026-08-16,MLB,Minnesota Twins,Philadelphia Phillies,moneyline,betmgm,-105,-115,,,
2026-08-16T17:04:52,2026-08-16,MLB,Minnesota Twins,Philadelphia Phillies,total,betmgm,,,100,-120,9.5
2026-08-16T17:04:52,2026-08-16,MLB,Chicago Cubs,St. Louis Cardinals,moneyline,fanduel,-174,162,,,
2026-08-16T17:04:52,2026-08-16,MLB,Chicago Cubs,St. Louis Cardinals,spread,fanduel,115,-138,,,
2026-08-16T17:04:52,2026-08-16,MLB,Chicago Cubs,St. Louis Cardinals,total,fanduel,,,-124,102,8.5
2026-08-16T17:04:52,2026-08-16,MLB,Chicago Cubs,St. Louis Cardinals,moneyline,draftkings,-176,163,,,
2026-08-16T17:04:52,2026-08-16,MLB,Chicago Cubs,St. Louis Cardinals,spread,draftkings,109,-132,,,
2026-08-16T17:04:52,2026-08-16,MLB,Chicago Cubs,St. Louis Cardinals,total,draftkings,,,100,-120,9.0
2026-08-16T17:04:52,2026-08-16,MLB,Chicago Cubs,St. Louis Cardinals,moneyline,betmgm,-190,154,,,
2026-08-16T17:04:52,2026-08-16,MLB,Chicago Cubs,St. Louis Cardinals,spread,betmgm,110,-135,,,
2026-08-16T17:04:52,2026-08-16,MLB,Chicago Cubs,St. Louis Cardinals,total,betmgm,,,100,-120,9.0
2026-08-16T17:04:52,2026-08-16,MLB,San Francisco Giants,Colorado Rockies,moneyline,draftkings,-124,116,,,
2026-08-16T17:04:52,2026-08-16,MLB,San Francisco Giants,Colorado Rockies,spread,draftkings,158,-193,,,
2026-08-16T17:04:52,2026-08-16,MLB,San Francisco Giants,Colorado Rockies,total,draftkings,,,-110,-110,8.0
2026-08-16T17:04:52,2026-08-16,MLB,San Francisco Giants,Colorado Rockies,moneyline,fanduel,-130,120,,,
2026-08-16T17:04:52,2026-08-16,MLB,San Francisco Giants,Colorado Rockies,spread,fanduel,158,-192,,,
2026-08-16T17:04:52,2026-08-16,MLB,San Francisco Giants,Colorado Rockies,total,fanduel,,,-105,-115,8.0
2026-08-16T17:04:52,2026-08-16,MLB,San Francisco Giants,Colorado Rockies,moneyline,betmgm,-135,110,,,
2026-08-16T17:04:52,2026-08-16,MLB,San Francisco Giants,Colorado Rockies,spread,betmgm,155,-190,,,
2026-08-16T17:04:52,2026-08-16,MLB,San Francisco Giants,Colorado Rockies,total,betmgm,,,-110,-110,8.0
2026-08-16T17:04:52,2026-08-16,MLB,Los Angeles Dodgers,Milwaukee Brewers,moneyline,draftkings,-179,167,,,
2026-08-16T17:04:52,2026-08-16,MLB,Los Angeles Dodgers,Milwaukee Brewers,spread,draftkings,120,-144,,,
2026-08-16T17:04:52,2026-08-16,MLB,Los Angeles Dodgers,Milwaukee Brewers,total,draftkings,,,-125,104,7.0
2026-08-16T17:04:52,2026-08-16,MLB,Los Angeles Dodgers,Milwaukee Brewers,moneyline,fanduel,-180,166,,,
2026-08-16T17:04:52,2026-08-16,MLB,Los Angeles Dodgers,Milwaukee Brewers,spread,fanduel,118,-142,,,
2026-08-16T17:04:52,2026-08-16,MLB,Los Angeles Dodgers,Milwaukee Brewers,total,fanduel,,,100,-122,7.5
2026-08-16T17:04:52,2026-08-16,MLB,Los Angeles Dodgers,Milwaukee Brewers,moneyline,betmgm,-190,155,,,
2026-08-16T17:04:52,2026-08-16,MLB,Los Angeles Dodgers,Milwaukee Brewers,spread,betmgm,120,-145,,,
2026-08-16T17:04:52,2026-08-16,MLB,Los Angeles Dodgers,Milwaukee Brewers,total,betmgm,,,105,-125,7.5
2026-08-17T00:00:10,2026-08-16,MLB,Houston Astros,Seattle Mariners,moneyline,draftkings,201,-238,,,
2026-08-17T00:00:10,2026-08-16,MLB,Houston Astros,Seattle Mariners,spread,draftkings,107,-140,,,
2026-08-17T00:00:10,2026-08-16,MLB,Houston Astros,Seattle Mariners,total,draftkings,,,-120,-108,7.5
2026-08-17T00:00:10,2026-08-16,MLB,Houston Astros,Seattle Mariners,moneyline,fanduel,200,-230,,,
2026-08-17T00:00:10,2026-08-16,MLB,Houston Astros,Seattle Mariners,spread,fanduel,102,-136,,,
2026-08-17T00:00:10,2026-08-16,MLB,Houston Astros,Seattle Mariners,total,fanduel,,,-132,100,7.5
2026-08-17T00:00:10,2026-08-16,MLB,Houston Astros,Seattle Mariners,moneyline,betmgm,135,-170,,,
2026-08-17T00:00:10,2026-08-16,MLB,Houston Astros,Seattle Mariners,spread,betmgm,-150,115,,,
2026-08-17T00:00:10,2026-08-16,MLB,Houston Astros,Seattle Mariners,total,betmgm,,,-140,110,6.5
2026-08-18T00:02:04,2026-08-17,MLB,Tampa Bay Rays,Baltimore Orioles,moneyline,draftkings,361,-444,,,
2026-08-18T00:02:04,2026-08-17,MLB,Tampa Bay Rays,Baltimore Orioles,spread,draftkings,142,-187,,,
2026-08-18T00:02:04,2026-08-17,MLB,Tampa Bay Rays,Baltimore Orioles,total,draftkings,,,-114,-114,12.5
2026-08-18T00:02:04,2026-08-17,MLB,Tampa Bay Rays,Baltimore Orioles,moneyline,fanduel,350,-410,,,
2026-08-18T00:02:04,2026-08-17,MLB,Tampa Bay Rays,Baltimore Orioles,spread,fanduel,142,-192,,,
2026-08-18T00:02:04,2026-08-17,MLB,Tampa Bay Rays,Baltimore Orioles,total,fanduel,,,-130,-102,12.5
2026-08-18T00:02:04,2026-08-17,MLB,Tampa Bay Rays,Baltimore Orioles,moneyline,betmgm,400,-600,,,
2026-08-18T00:02:04,2026-08-17,MLB,Tampa Bay Rays,Baltimore Orioles,spread,betmgm,-200,154,,,
2026-08-18T00:02:04,2026-08-17,MLB,Tampa Bay Rays,Baltimore Orioles,total,betmgm,,,-110,-115,12.5
2026-08-18T00:02:04,2026-08-17,MLB,Philadelphia Phillies,Miami Marlins,moneyline,draftkings,-1540,900,,,
2026-08-18T00:02:04,2026-08-17,MLB,Philadelphia Phillies,Miami Marlins,spread,draftkings,-125,-104,,,
2026-08-18T00:02:04,2026-08-17,MLB,Philadelphia Phillies,Miami Marlins,total,draftkings,,,-103,-126,7.5
2026-08-18T00:02:04,2026-08-17,MLB,Philadelphia Phillies,Miami Marlins,moneyline,fanduel,-1450,1100,,,
2026-08-18T00:02:04,2026-08-17,MLB,Philadelphia Phillies,Miami Marlins,spread,fanduel,-136,102,,,
2026-08-18T00:02:04,2026-08-17,MLB,Philadelphia Phillies,Miami Marlins,total,fanduel,,,-102,-130,7.5
2026-08-18T00:02:04,2026-08-17,MLB,Philadelphia Phillies,Miami Marlins,moneyline,betmgm,-2000,850,,,
2026-08-18T00:02:04,2026-08-17,MLB,Philadelphia Phillies,Miami Marlins,spread,betmgm,-135,105,,,
2026-08-18T00:02:04,2026-08-17,MLB,Philadelphia Phillies,Miami Marlins,total,betmgm,,,-105,-120,7.5
2026-08-18T00:02:04,2026-08-17,MLB,Pittsburgh Pirates,Detroit Tigers,moneyline,fanduel,500,-650,,,
2026-08-18T00:02:04,2026-08-17,MLB,Pittsburgh Pirates,Detroit Tigers,spread,fanduel,-102,-130,,,
2026-08-18T00:02:04,2026-08-17,MLB,Pittsburgh Pirates,Detroit Tigers,total,fanduel,,,-140,106,9.5
2026-08-18T00:02:04,2026-08-17,MLB,Pittsburgh Pirates,Detroit Tigers,moneyline,draftkings,471,-610,,,
2026-08-18T00:02:04,2026-08-17,MLB,Pittsburgh Pirates,Detroit Tigers,spread,draftkings,-107,-122,,,
2026-08-18T00:02:04,2026-08-17,MLB,Pittsburgh Pirates,Detroit Tigers,total,draftkings,,,-125,-104,9.5
2026-08-18T00:02:04,2026-08-17,MLB,Pittsburgh Pirates,Detroit Tigers,moneyline,betmgm,575,-1000,,,
2026-08-18T00:02:04,2026-08-17,MLB,Pittsburgh Pirates,Detroit Tigers,spread,betmgm,-130,100,,,
2026-08-18T00:02:04,2026-08-17,MLB,Pittsburgh Pirates,Detroit Tigers,total,betmgm,,,-118,-110,10.5
2026-08-18T00:02:04,2026-08-17,MLB,New York Mets,San Diego Padres,moneyline,fanduel,-210,185,,,
2026-08-18T00:02:04,2026-08-17,MLB,New York Mets,San Diego Padres,spread,fanduel,108,-144,,,
2026-08-18T00:02:04,2026-08-17,MLB,New York Mets,San Diego Padres,total,fanduel,,,-104,-128,8.5
2026-08-18T00:02:04,2026-08-17,MLB,New York Mets,San Diego Padres,moneyline,draftkings,-196,169,,,
2026-08-18T00:02:04,2026-08-17,MLB,New York Mets,San Diego Padres,spread,draftkings,114,-149,,,
2026-08-18T00:02:04,2026-08-17,MLB,New York Mets,San Diego Padres,total,draftkings,,,-112,-116,8.5
2026-08-18T00:02:04,2026-08-17,MLB,New York Mets,San Diego Padres,moneyline,betmgm,-225,180,,,
2026-08-18T00:02:04,2026-08-17,MLB,New York Mets,San Diego Padres,spread,betmgm,120,-155,,,
2026-08-18T00:02:04,2026-08-17,MLB,New York Mets,San Diego Padres,total,betmgm,,,-110,-115,8.5
2026-08-17T17:13:19,2026-08-17,MLB,Minnesota Twins,Atlanta Braves,moneyline,fanduel,112,-122,,,
2026-08-17T17:13:19,2026-08-17,MLB,Minnesota Twins,Atlanta Braves,spread,fanduel,-152,126,,,
2026-08-17T17:13:19,2026-08-17,MLB,Minnesota Twins,Atlanta Braves,total,fanduel,,,100,-122,9.5
2026-08-17T17:13:19,2026-08-17,MLB,Minnesota Twins,Atlanta Braves,moneyline,draftkings,116,-124,,,
2026-08-17T17:13:19,2026-08-17,MLB,Minnesota Twins,Atlanta Braves,spread,draftkings,-149,123,,,
2026-08-17T17:13:19,2026-08-17,MLB,Minnesota Twins,Atlanta Braves,total,draftkings,,,101,-121,9.5
2026-08-17T17:13:19,2026-08-17,MLB,Minnesota Twins,Atlanta Braves,moneyline,betmgm,110,-135,,,
2026-08-17T17:13:19,2026-08-17,MLB,Minnesota Twins,Atlanta Braves,total,betmgm,,,-102,-118,9.5
2026-08-18T00:02:04,2026-08-18,MLB,Chicago Cubs,Chicago White Sox,moneyline,fanduel,-154,142,,,
2026-08-18T00:02:04,2026-08-18,MLB,Chicago Cubs,Chicago White Sox,spread,fanduel,126,-152,,,
2026-08-18T00:02:04,2026-08-18,MLB,Chicago Cubs,Chicago White Sox,total,fanduel,,,-102,-120,8.5
2026-08-18T00:02:04,2026-08-18,MLB,Chicago Cubs,Chicago White Sox,moneyline,draftkings,-155,145,,,
2026-08-18T00:02:04,2026-08-18,MLB,Colorado Rockies,Los Angeles Dodgers,moneyline,fanduel,240,-270,,,
2026-08-18T00:02:04,2026-08-18,MLB,Colorado Rockies,Los Angeles Dodgers,spread,fanduel,146,-178,,,
2026-08-18T00:02:04,2026-08-18,MLB,Colorado Rockies,Los Angeles Dodgers,total,fanduel,,,-120,-102,10.5
2026-08-18T00:02:04,2026-08-18,MLB,Colorado Rockies,Los Angeles Dodgers,moneyline,draftkings,237,-257,,,
2026-08-18T00:02:04,2026-08-18,MLB,Colorado Rockies,Los Angeles Dodgers,spread,draftkings,140,-169,,,
2026-08-18T00:02:04,2026-08-18,MLB,Colorado Rockies,Los Angeles Dodgers,total,draftkings,,,-102,-119,11.0
2026-08-18T00:02:04,2026-08-18,MLB,Colorado Rockies,Los Angeles Dodgers,moneyline,betmgm,230,-285,,,
2026-08-18T00:02:04,2026-08-18,MLB,Colorado Rockies,Los Angeles Dodgers,spread,betmgm,110,-135,,,
2026-08-18T00:02:04,2026-08-18,MLB,Colorado Rockies,Los Angeles Dodgers,total,betmgm,,,-120,100,10.5
2026-08-18T00:02:04,2026-08-17,MLB,Cincinnati Reds,St. Louis Cardinals,moneyline,fanduel,250,-290,,,
2026-08-18T00:02:04,2026-08-17,MLB,Cincinnati Reds,St. Louis Cardinals,spread,fanduel,102,-136,,,
2026-08-18T00:02:04,2026-08-17,MLB,Cincinnati Reds,St. Louis Cardinals,total,fanduel,,,110,-146,7.5
2026-08-18T00:02:04,2026-08-17,MLB,Cincinnati Reds,St. Louis Cardinals,moneyline,draftkings,439,-557,,,
2026-08-18T00:02:04,2026-08-17,MLB,Cincinnati Reds,St. Louis Cardinals,spread,draftkings,-110,-118,,,
2026-08-18T00:02:04,2026-08-17,MLB,Cincinnati Reds,St. Louis Cardinals,total,draftkings,,,107,-139,8.5
2026-08-18T00:02:04,2026-08-17,MLB,Cincinnati Reds,St. Louis Cardinals,moneyline,betmgm,230,-300,,,
2026-08-18T00:02:04,2026-08-17,MLB,Cincinnati Reds,St. Louis Cardinals,spread,betmgm,105,-135,,,
2026-08-18T00:02:04,2026-08-17,MLB,Cincinnati Reds,St. Louis Cardinals,total,betmgm,,,110,-145,7.5
2026-08-18T00:02:04,2026-08-17,MLB,Boston Red Sox,Arizona Diamondbacks,moneyline,fanduel,-600,480,,,
2026-08-18T00:02:04,2026-08-17,MLB,Boston Red Sox,Arizona Diamondbacks,spread,fanduel,-132,100,,,
2026-08-18T00:02:04,2026-08-17,MLB,Boston Red Sox,Arizona Diamondbacks,total,fanduel,,,-130,-102,7.5
2026-08-18T00:02:04,2026-08-17,MLB,Boston Red Sox,Arizona Diamondbacks,moneyline,betmgm,-625,425,,,
2026-08-18T00:02:04,2026-08-17,MLB,Boston Red Sox,Arizona Diamondbacks,spread,betmgm,-135,105,,,
2026-08-18T00:02:04,2026-08-17,MLB,Boston Red Sox,Arizona Diamondbacks,total,betmgm,,,110,-140,8.5
2026-08-18T00:02:04,2026-08-17,MLB,Boston Red Sox,Arizona Diamondbacks,moneyline,draftkings,-560,444,,,
2026-08-18T00:02:04,2026-08-17,MLB,Boston Red Sox,Arizona Diamondbacks,spread,draftkings,-135,104,,,
2026-08-18T00:02:04,2026-08-17,MLB,Boston Red Sox,Arizona Diamondbacks,total,draftkings,,,-116,-112,7.5
2026-08-18T00:02:04,2026-08-17,MLB,Kansas City Royals,Athletics,moneyline,fanduel,-210,185,,,
2026-08-18T00:02:04,2026-08-17,MLB,Kansas City Royals,Athletics,spread,fanduel,-104,-125,,,
2026-08-18T00:02:04,2026-08-17,MLB,Kansas City Royals,Athletics,total,fanduel,,,-102,-128,10.5
2026-08-18T00:02:04,2026-08-17,MLB,Kansas City Royals,Athletics,moneyline,draftkings,-211,182,,,
2026-08-18T00:02:04,2026-08-17,MLB,Kansas City Royals,Athletics,spread,draftkings,-101,-128,,,
2026-08-18T00:02:04,2026-08-17,MLB,Kansas City Royals,Athletics,total,draftkings,,,-101,-128,10.5
2026-08-18T00:02:04,2026-08-17,MLB,Kansas City Royals,Athletics,moneyline,betmgm,-235,185,,,
2026-08-18T00:02:04,2026-08-17,MLB,Kansas City Royals,Athletics,spread,betmgm,100,-130,,,
2026-08-18T00:02:04,2026-08-17,MLB,Kansas City Royals,Athletics,total,betmgm,,,-102,-125,10.5
2026-08-18T00:02:04,2026-08-18,MLB,Chicago Cubs,Chicago White Sox,spread,draftkings,129,-156,,,
2026-08-18T00:02:04,2026-08-18,MLB,Chicago Cubs,Chicago White Sox,total,draftkings,,,-114,-106,8.0
2026-08-18T00:02:04,2026-08-18,MLB,Chicago Cubs,Chicago White Sox,moneyline,betmgm,-160,135,,,
2026-08-18T00:02:04,2026-08-18,MLB,Chicago Cubs,Chicago White Sox,spread,betmgm,135,-160,,,
2026-08-18T00:02:04,2026-08-18,MLB,Chicago Cubs,Chicago White Sox,total,betmgm,,,-118,-102,8.0
2026-08-19T00:01:29,2026-08-18,MLB,Minnesota Twins,Atlanta Braves,moneyline,fanduel,-210,185,,,
2026-08-19T00:01:29,2026-08-18,MLB,Minnesota Twins,Atlanta Braves,spread,fanduel,-104,-128,,,
2026-08-19T00:01:29,2026-08-18,MLB,Minnesota Twins,Atlanta Braves,total,fanduel,,,100,-132,9.5
2026-08-19T00:01:29,2026-08-18,MLB,Minnesota Twins,Atlanta Braves,moneyline,draftkings,-188,162,,,
2026-08-19T00:01:29,2026-08-18,MLB,Minnesota Twins,Atlanta Braves,spread,draftkings,107,-140,,,
2026-08-19T00:01:29,2026-08-18,MLB,Minnesota Twins,Atlanta Braves,total,draftkings,,,-109,-120,9.5
2026-08-19T00:01:29,2026-08-18,MLB,Minnesota Twins,Atlanta Braves,moneyline,betmgm,-190,150,,,
2026-08-19T00:01:29,2026-08-18,MLB,Minnesota Twins,Atlanta Braves,total,betmgm,,,-135,105,9.5
2026-08-19T00:01:29,2026-08-18,MLB,Baltimore Orioles,New York Yankees,moneyline,fanduel,-105,-110,,,
2026-08-19T00:01:29,2026-08-18,MLB,Baltimore Orioles,New York Yankees,spread,fanduel,-270,194,,,
2026-08-19T00:01:29,2026-08-18,MLB,Baltimore Orioles,New York Yankees,total,fanduel,,,-114,-114,5.5
2026-08-19T00:01:29,2026-08-18,MLB,Baltimore Orioles,New York Yankees,moneyline,betmgm,-125,100,,,
2026-08-19T00:01:29,2026-08-18,MLB,Baltimore Orioles,New York Yankees,spread,betmgm,-285,210,,,
2026-08-19T00:01:29,2026-08-18,MLB,Baltimore Orioles,New York Yankees,total,betmgm,,,-115,-110,5.5
2026-08-19T00:01:29,2026-08-18,MLB,Baltimore Orioles,New York Yankees,moneyline,draftkings,-105,-109,,,
2026-08-19T00:01:29,2026-08-18,MLB,Baltimore Orioles,New York Yankees,spread,draftkings,-257,190,,,
2026-08-19T00:01:29,2026-08-18,MLB,Baltimore Orioles,New York Yankees,total,draftkings,,,-111,-117,5.5
2026-08-19T00:01:29,2026-08-18,MLB,Cincinnati Reds,St. Louis Cardinals,moneyline,fanduel,150,-170,,,
2026-08-19T00:01:29,2026-08-18,MLB,Cincinnati Reds,St. Louis Cardinals,spread,fanduel,-166,124,,,
2026-08-19T00:01:29,2026-08-18,MLB,Cincinnati Reds,St. Louis Cardinals,total,fanduel,,,116,-154,5.5
2026-08-19T00:01:29,2026-08-18,MLB,Cincinnati Reds,St. Louis Cardinals,moneyline,draftkings,116,-134,,,
2026-08-19T00:01:29,2026-08-18,MLB,Cincinnati Reds,St. Louis Cardinals,spread,draftkings,-205,155,,,
2026-08-19T00:01:29,2026-08-18,MLB,Cincinnati Reds,St. Louis Cardinals,total,draftkings,,,103,-134,5.5
2026-08-19T00:01:29,2026-08-18,MLB,Cincinnati Reds,St. Louis Cardinals,moneyline,betmgm,130,-160,,,
2026-08-19T00:01:29,2026-08-18,MLB,Cincinnati Reds,St. Louis Cardinals,spread,betmgm,-190,145,,,
2026-08-19T00:01:29,2026-08-18,MLB,Cincinnati Reds,St. Louis Cardinals,total,betmgm,,,105,-135,5.5
2026-08-18T17:12:55,2026-08-18,MLB,Cleveland Guardians,San Francisco Giants,moneyline,fanduel,-184,170,,,
2026-08-19T00:01:29,2026-08-18,MLB,Cleveland Guardians,San Francisco Giants,spread,fanduel,108,-144,,,
2026-08-19T00:01:29,2026-08-18,MLB,Cleveland Guardians,San Francisco Giants,total,fanduel,,,-130,-102,11.5
2026-08-19T00:01:29,2026-08-18,MLB,Cleveland Guardians,San Francisco Giants,moneyline,betmgm,-10000,2800,,,
2026-08-19T00:01:29,2026-08-18,MLB,Cleveland Guardians,San Francisco Giants,spread,betmgm,110,-145,,,
2026-08-19T00:01:29,2026-08-18,MLB,Cleveland Guardians,San Francisco Giants,total,betmgm,,,-150,118,11.5
2026-08-18T17:12:55,2026-08-18,MLB,Cleveland Guardians,San Francisco Giants,moneyline,draftkings,-182,170,,,
2026-08-19T00:01:29,2026-08-18,MLB,Cleveland Guardians,San Francisco Giants,spread,draftkings,106,-138,,,
2026-08-19T00:01:29,2026-08-18,MLB,Cleveland Guardians,San Francisco Giants,total,draftkings,,,-146,112,11.5
2026-08-19T00:01:29,2026-08-18,MLB,Pittsburgh Pirates,Detroit Tigers,moneyline,fanduel,-900,700,,,
2026-08-19T00:01:29,2026-08-18,MLB,Pittsburgh Pirates,Detroit Tigers,spread,fanduel,116,-154,,,
2026-08-19T00:01:29,2026-08-18,MLB,Pittsburgh Pirates,Detroit Tigers,total,fanduel,,,-125,-106,6.5
2026-08-19T00:01:29,2026-08-18,MLB,Pittsburgh Pirates,Detroit Tigers,moneyline,betmgm,-900,550,,,
2026-08-19T00:01:29,2026-08-18,MLB,Pittsburgh Pirates,Detroit Tigers,spread,betmgm,120,-155,,,
2026-08-19T00:01:29,2026-08-18,MLB,Pittsburgh Pirates,Detroit Tigers,total,betmgm,,,-118,-110,6.5
2026-08-19T00:01:29,2026-08-18,MLB,Pittsburgh Pirates,Detroit Tigers,moneyline,draftkings,-870,630,,,
2026-08-19T00:01:29,2026-08-18,MLB,Pittsburgh Pirates,Detroit Tigers,spread,draftkings,115,-149,,,
2026-08-19T00:01:29,2026-08-18,MLB,Pittsburgh Pirates,Detroit Tigers,total,draftkings,,,-122,-107,6.5
2026-08-19T00:01:29,2026-08-18,MLB,Philadelphia Phillies,Miami Marlins,moneyline,fanduel,-195,170,,,
2026-08-19T00:01:29,2026-08-18,MLB,Philadelphia Phillies,Miami Marlins,spread,fanduel,162,-220,,,
2026-08-19T00:01:29,2026-08-18,MLB,Philadelphia Phillies,Miami Marlins,total,fanduel,,,104,-138,6.5
2026-08-19T00:01:29,2026-08-18,MLB,Philadelphia Phillies,Miami Marlins,moneyline,draftkings,-191,165,,,
2026-08-19T00:01:29,2026-08-18,MLB,Philadelphia Phillies,Miami Marlins,spread,draftkings,155,-206,,,
2026-08-19T00:01:29,2026-08-18,MLB,Philadelphia Phillies,Miami Marlins,total,draftkings,,,-102,-128,6.5
2026-08-19T00:01:29,2026-08-18,MLB,Tampa Bay Rays,Toronto Blue Jays,moneyline,fanduel,1200,-1700,,,
2026-08-19T00:01:29,2026-08-18,MLB,Tampa Bay Rays,Toronto Blue Jays,spread,fanduel,-154,116,,,
2026-08-19T00:01:29,2026-08-18,MLB,Tampa Bay Rays,Toronto Blue Jays,total,fanduel,,,-120,-110,10.5
2026-08-19T00:01:29,2026-08-18,MLB,Tampa Bay Rays,Toronto Blue Jays,moneyline,draftkings,1240,-2400,,,
2026-08-19T00:01:29,2026-08-18,MLB,Tampa Bay Rays,Toronto Blue Jays,spread,draftkings,-146,112,,,
2026-08-19T00:01:29,2026-08-18,MLB,Tampa Bay Rays,Toronto Blue Jays,total,draftkings,,,-120,-108,10.5
2026-08-19T00:01:29,2026-08-18,MLB,Tampa Bay Rays,Toronto Blue Jays,moneyline,betmgm,900,-2000,,,
2026-08-19T00:01:29,2026-08-18,MLB,Tampa Bay Rays,Toronto Blue Jays,spread,betmgm,-150,118,,,
2026-08-19T00:01:29,2026-08-18,MLB,Tampa Bay Rays,Toronto Blue Jays,total,betmgm,,,-150,115,10.5
2026-08-19T00:01:29,2026-08-18,MLB,Boston Red Sox,Arizona Diamondbacks,moneyline,fanduel,105,-120,,,
2026-08-19T00:01:29,2026-08-18,MLB,Boston Red Sox,Arizona Diamondbacks,spread,fanduel,-198,146,,,
2026-08-19T00:01:29,2026-08-18,MLB,Boston Red Sox,Arizona Diamondbacks,total,fanduel,,,-130,-102,12.5
2026-08-19T00:01:29,2026-08-18,MLB,Boston Red Sox,Arizona Diamondbacks,moneyline,betmgm,-105,-118,,,
2026-08-19T00:01:29,2026-08-18,MLB,Boston Red Sox,Arizona Diamondbacks,spread,betmgm,-200,155,,,
2026-08-19T00:01:29,2026-08-18,MLB,Boston Red Sox,Arizona Diamondbacks,total,betmgm,,,-150,118,12.5
2026-08-19T00:01:29,2026-08-18,MLB,Boston Red Sox,Arizona Diamondbacks,moneyline,draftkings,-107,-107,,,
2026-08-19T00:01:29,2026-08-18,MLB,Boston Red Sox,Arizona Diamondbacks,spread,draftkings,-225,169,,,
2026-08-19T00:01:29,2026-08-18,MLB,Boston Red Sox,Arizona Diamondbacks,total,draftkings,,,-133,102,12.5
2026-08-19T00:01:29,2026-08-18,MLB,New York Mets,San Diego Padres,moneyline,fanduel,110,-125,,,
2026-08-19T00:01:29,2026-08-18,MLB,New York Mets,San Diego Padres,spread,fanduel,-182,136,,,
2026-08-19T00:01:29,2026-08-18,MLB,New York Mets,San Diego Padres,total,fanduel,,,114,-152,7.5
2026-08-19T00:01:29,2026-08-18,MLB,Kansas City Royals,Athletics,moneyline,fanduel,-115,100,,,
2026-08-19T00:01:29,2026-08-18,MLB,Kansas City Royals,Athletics,spread,fanduel,188,-260,,,
2026-08-19T00:01:29,2026-08-18,MLB,Kansas City Royals,Athletics,total,fanduel,,,-114,-114,8.5
2026-08-19T00:01:29,2026-08-18,MLB,Kansas City Royals,Athletics,moneyline,draftkings,-123,107,,,
2026-08-19T00:01:29,2026-08-18,MLB,Kansas City Royals,Athletics,spread,draftkings,-219,164,,,
2026-08-19T00:01:29,2026-08-18,MLB,Kansas City Royals,Athletics,total,draftkings,,,-132,102,8.5
2026-08-19T00:01:29,2026-08-18,MLB,Milwaukee Brewers,Seattle Mariners,moneyline,fanduel,-250,220,,,
2026-08-19T00:01:29,2026-08-18,MLB,Milwaukee Brewers,Seattle Mariners,spread,fanduel,-122,-108,,,
2026-08-19T00:01:29,2026-08-18,MLB,Milwaukee Brewers,Seattle Mariners,total,fanduel,,,-114,-114,7.5
2026-08-19T00:01:29,2026-08-18,MLB,Milwaukee Brewers,Seattle Mariners,moneyline,betmgm,-300,230,,,
2026-08-19T00:01:29,2026-08-18,MLB,Milwaukee Brewers,Seattle Mariners,spread,betmgm,-140,110,,,
2026-08-19T00:01:29,2026-08-18,MLB,Milwaukee Brewers,Seattle Mariners,total,betmgm,,,-140,110,7.5
2026-08-19T00:01:29,2026-08-18,MLB,Milwaukee Brewers,Seattle Mariners,moneyline,draftkings,-255,217,,,
2026-08-19T00:01:29,2026-08-18,MLB,Milwaukee Brewers,Seattle Mariners,spread,draftkings,-113,-115,,,
2026-08-19T00:01:29,2026-08-18,MLB,Milwaukee Brewers,Seattle Mariners,total,draftkings,,,-117,-111,7.5
2026-08-19T17:12:02,2026-08-19,MLB,Chicago Cubs,Chicago White Sox,moneyline,fanduel,-142,132,,,
2026-08-19T17:12:02,2026-08-19,MLB,Chicago Cubs,Chicago White Sox,spread,fanduel,150,-182,,,
2026-08-19T17:12:02,2026-08-19,MLB,Chicago Cubs,Chicago White Sox,total,fanduel,,,-115,-105,7.5
2026-08-19T17:12:02,2026-08-19,MLB,Chicago Cubs,Chicago White Sox,moneyline,draftkings,-145,135,,,
2026-08-19T00:01:29,2026-08-19,MLB,Texas Rangers,Washington Nationals,moneyline,fanduel,-138,126,,,
2026-08-19T00:01:29,2026-08-19,MLB,Texas Rangers,Washington Nationals,spread,fanduel,150,-182,,,
2026-08-19T00:01:29,2026-08-19,MLB,Texas Rangers,Washington Nationals,total,fanduel,,,-118,-104,7.5
2026-08-19T00:01:29,2026-08-19,MLB,Texas Rangers,Washington Nationals,moneyline,draftkings,-136,127,,,
2026-08-19T00:01:29,2026-08-19,MLB,Texas Rangers,Washington Nationals,spread,draftkings,144,-175,,,
2026-08-19T00:01:29,2026-08-19,MLB,Texas Rangers,Washington Nationals,total,draftkings,,,-118,-102,7.5
2026-08-19T00:01:29,2026-08-19,MLB,Texas Rangers,Washington Nationals,moneyline,betmgm,-145,118,,,
2026-08-19T00:01:29,2026-08-19,MLB,Texas Rangers,Washington Nationals,spread,betmgm,145,-180,,,
2026-08-19T00:01:29,2026-08-19,MLB,Texas Rangers,Washington Nationals,total,betmgm,,,-118,-102,7.5
2026-08-19T00:01:29,2026-08-19,MLB,Houston Astros,Los Angeles Angels,moneyline,fanduel,-160,148,,,
2026-08-19T00:01:29,2026-08-19,MLB,Houston Astros,Los Angeles Angels,spread,fanduel,115,-138,,,
2026-08-19T00:01:29,2026-08-19,MLB,Houston Astros,Los Angeles Angels,total,fanduel,,,-118,-104,9.0
2026-08-19T00:01:29,2026-08-19,MLB,Houston Astros,Los Angeles Angels,moneyline,betmgm,-175,145,,,
2026-08-19T00:01:29,2026-08-19,MLB,Houston Astros,Los Angeles Angels,spread,betmgm,118,-145,,,
2026-08-19T00:01:29,2026-08-19,MLB,Houston Astros,Los Angeles Angels,total,betmgm,,,-115,-105,9.0
2026-08-19T00:01:29,2026-08-19,MLB,Houston Astros,Los Angeles Angels,moneyline,draftkings,-163,152,,,
2026-08-19T00:01:29,2026-08-19,MLB,Houston Astros,Los Angeles Angels,spread,draftkings,119,-143,,,
2026-08-19T00:01:29,2026-08-19,MLB,Houston Astros,Los Angeles Angels,total,draftkings,,,-119,-101,9.0
2026-08-19T00:01:29,2026-08-19,MLB,Colorado Rockies,Los Angeles Dodgers,moneyline,fanduel,178,-194,,,
2026-08-19T00:01:29,2026-08-19,MLB,Colorado Rockies,Los Angeles Dodgers,spread,fanduel,114,-137,,,
2026-08-19T00:01:29,2026-08-19,MLB,Colorado Rockies,Los Angeles Dodgers,total,fanduel,,,-115,-105,11.5
2026-08-19T00:01:29,2026-08-19,MLB,Colorado Rockies,Los Angeles Dodgers,moneyline,draftkings,177,-190,,,
2026-08-19T00:01:29,2026-08-19,MLB,Colorado Rockies,Los Angeles Dodgers,spread,draftkings,112,-135,,,
2026-08-19T00:01:29,2026-08-19,MLB,Colorado Rockies,Los Angeles Dodgers,total,draftkings,,,-115,-105,11.5
2026-08-19T00:01:29,2026-08-19,MLB,Colorado Rockies,Los Angeles Dodgers,moneyline,betmgm,165,-200,,,
2026-08-19T00:01:29,2026-08-19,MLB,Colorado Rockies,Los Angeles Dodgers,spread,betmgm,-130,110,,,
2026-08-19T00:01:29,2026-08-19,MLB,Colorado Rockies,Los Angeles Dodgers,total,betmgm,,,-115,-105,11.5
2026-08-19T00:01:29,2026-08-18,MLB,Philadelphia Phillies,Miami Marlins,moneyline,betmgm,-225,180,,,
2026-08-19T00:01:29,2026-08-18,MLB,Philadelphia Phillies,Miami Marlins,spread,betmgm,145,-190,,,
2026-08-19T00:01:29,2026-08-18,MLB,Philadelphia Phillies,Miami Marlins,total,betmgm,,,-145,110,5.5
2026-08-19T00:01:29,2026-08-18,MLB,New York Mets,San Diego Padres,moneyline,draftkings,118,-135,,,
2026-08-19T00:01:29,2026-08-18,MLB,New York Mets,San Diego Padres,spread,draftkings,-174,132,,,
2026-08-19T00:01:29,2026-08-18,MLB,New York Mets,San Diego Padres,total,draftkings,,,-149,115,6.5
2026-08-19T00:01:29,2026-08-18,MLB,New York Mets,San Diego Padres,moneyline,betmgm,-110,-115,,,
2026-08-19T00:01:29,2026-08-18,MLB,New York Mets,San Diego Padres,spread,betmgm,-220,170,,,
2026-08-19T00:01:29,2026-08-18,MLB,New York Mets,San Diego Padres,total,betmgm,,,100,-130,7.5
2026-08-19T00:01:29,2026-08-18,MLB,Kansas City Royals,Athletics,moneyline,betmgm,-135,105,,,
2026-08-19T00:01:29,2026-08-18,MLB,Kansas City Royals,Athletics,spread,betmgm,-220,170,,,
2026-08-19T00:01:29,2026-08-18,MLB,Kansas City Royals,Athletics,total,betmgm,,,-115,-110,8.5
2026-08-19T17:12:02,2026-08-19,MLB,Chicago Cubs,Chicago White Sox,spread,draftkings,139,-169,,,
2026-08-19T17:12:02,2026-08-19,MLB,Chicago Cubs,Chicago White Sox,total,draftkings,,,-112,-108,7.5
2026-08-19T17:12:02,2026-08-19,MLB,Chicago Cubs,Chicago White Sox,moneyline,betmgm,-150,125,,,
2026-08-19T17:12:02,2026-08-19,MLB,Chicago Cubs,Chicago White Sox,spread,betmgm,140,-170,,,
2026-08-19T17:12:02,2026-08-19,MLB,Chicago Cubs,Chicago White Sox,total,betmgm,,,-110,-110,7.5
2026-08-19T17:12:02,2026-08-19,MLB,Pittsburgh Pirates,Detroit Tigers,moneyline,fanduel,-240,210,,,
2026-08-19T17:12:02,2026-08-19,MLB,Pittsburgh Pirates,Detroit Tigers,spread,fanduel,-112,-118,,,
2026-08-19T17:12:02,2026-08-19,MLB,Pittsburgh Pirates,Detroit Tigers,total,fanduel,,,-110,-120,7.5
2026-08-19T17:12:02,2026-08-19,MLB,Pittsburgh Pirates,Detroit Tigers,moneyline,draftkings,-235,201,,,
2026-08-19T17:12:02,2026-08-19,MLB,Pittsburgh Pirates,Detroit Tigers,spread,draftkings,-103,-126,,,
2026-08-19T17:12:02,2026-08-19,MLB,Pittsburgh Pirates,Detroit Tigers,total,draftkings,,,110,-144,7.5
2026-08-19T17:12:02,2026-08-19,MLB,Pittsburgh Pirates,Detroit Tigers,moneyline,betmgm,-285,220,,,
2026-08-19T17:12:02,2026-08-19,MLB,Pittsburgh Pirates,Detroit Tigers,spread,betmgm,-115,-110,,,
2026-08-19T17:12:02,2026-08-19,MLB,Pittsburgh Pirates,Detroit Tigers,total,betmgm,,,100,-125,7.5
2026-08-19T17:12:02,2026-08-19,MLB,New York Mets,San Diego Padres,moneyline,fanduel,140,-160,,,
2026-08-19T17:12:02,2026-08-19,MLB,New York Mets,San Diego Padres,spread,fanduel,-130,-102,,,
2026-08-19T17:12:02,2026-08-19,MLB,New York Mets,San Diego Padres,total,fanduel,,,-144,108,8.5
2026-08-19T17:12:02,2026-08-19,MLB,New York Mets,San Diego Padres,moneyline,draftkings,109,-125,,,
2026-08-19T17:12:02,2026-08-19,MLB,New York Mets,San Diego Padres,spread,draftkings,-157,120,,,
2026-08-19T17:12:02,2026-08-19,MLB,New York Mets,San Diego Padres,total,draftkings,,,-119,-109,8.5
2026-08-19T17:12:02,2026-08-19,MLB,New York Mets,San Diego Padres,moneyline,betmgm,120,-150,,,
2026-08-19T17:12:02,2026-08-19,MLB,New York Mets,San Diego Padres,spread,betmgm,-145,110,,,
2026-08-19T17:12:02,2026-08-19,MLB,New York Mets,San Diego Padres,total,betmgm,,,-125,-102,8.5
2026-08-19T17:12:02,2026-08-19,MLB,Minnesota Twins,Atlanta Braves,moneyline,draftkings,100,-108,,,
2026-08-19T17:12:02,2026-08-19,MLB,Minnesota Twins,Atlanta Braves,spread,draftkings,-176,145,,,
2026-08-19T17:12:02,2026-08-19,MLB,Minnesota Twins,Atlanta Braves,total,draftkings,,,-104,-116,9.0
2026-08-19T17:12:02,2026-08-19,MLB,Minnesota Twins,Atlanta Braves,moneyline,betmgm,-110,-110,,,
2026-08-19T17:12:02,2026-08-19,MLB,Minnesota Twins,Atlanta Braves,total,betmgm,,,-125,105,8.5
2026-08-19T17:12:02,2026-08-19,MLB,Minnesota Twins,Atlanta Braves,moneyline,fanduel,100,-110,,,
2026-08-19T17:12:02,2026-08-19,MLB,Minnesota Twins,Atlanta Braves,spread,fanduel,-172,142,,,
2026-08-19T17:12:02,2026-08-19,MLB,Minnesota Twins,Atlanta Braves,total,fanduel,,,-120,-102,8.5
2026-08-19T17:12:02,2026-08-19,MLB,Boston Red Sox,Arizona Diamondbacks,moneyline,draftkings,-158,147,,,
2026-08-19T17:12:02,2026-08-19,MLB,Boston Red Sox,Arizona Diamondbacks,spread,draftkings,131,-159,,,
2026-08-19T17:12:02,2026-08-19,MLB,Boston Red Sox,Arizona Diamondbacks,total,draftkings,,,-114,-106,8.0
2026-08-19T17:12:02,2026-08-19,MLB,Boston Red Sox,Arizona Diamondbacks,moneyline,betmgm,-170,140,,,
2026-08-19T17:12:02,2026-08-19,MLB,Boston Red Sox,Arizona Diamondbacks,spread,betmgm,135,-160,,,
2026-08-19T17:12:02,2026-08-19,MLB,Boston Red Sox,Arizona Diamondbacks,total,betmgm,,,-115,-105,8.0
2026-08-19T17:12:02,2026-08-19,MLB,Boston Red Sox,Arizona Diamondbacks,moneyline,fanduel,-158,146,,,
2026-08-19T17:12:02,2026-08-19,MLB,Boston Red Sox,Arizona Diamondbacks,spread,fanduel,134,-162,,,
2026-08-19T17:12:02,2026-08-19,MLB,Boston Red Sox,Arizona Diamondbacks,total,fanduel,,,-114,-106,8.0
2026-08-20T00:02:12,2026-08-19,MLB,Philadelphia Phillies,Miami Marlins,moneyline,draftkings,-1900,1100,,,
2026-08-20T00:02:12,2026-08-19,MLB,Philadelphia Phillies,Miami Marlins,spread,draftkings,123,-161,,,
2026-08-20T00:02:12,2026-08-19,MLB,Philadelphia Phillies,Miami Marlins,total,draftkings,,,-110,-118,5.5
2026-08-20T00:02:12,2026-08-19,MLB,Philadelphia Phillies,Miami Marlins,moneyline,betmgm,-3000,1050,,,
2026-08-20T00:02:12,2026-08-19,MLB,Philadelphia Phillies,Miami Marlins,spread,betmgm,120,-155,,,
2026-08-20T00:02:12,2026-08-19,MLB,Philadelphia Phillies,Miami Marlins,total,betmgm,,,-125,-102,5.5
2026-08-20T00:02:12,2026-08-19,MLB,Philadelphia Phillies,Miami Marlins,moneyline,fanduel,-1450,1100,,,
2026-08-20T00:02:12,2026-08-19,MLB,Philadelphia Phillies,Miami Marlins,spread,fanduel,134,-180,,,
2026-08-20T00:02:12,2026-08-19,MLB,Philadelphia Phillies,Miami Marlins,total,fanduel,,,-118,-112,5.5
2026-08-20T00:02:12,2026-08-19,MLB,Baltimore Orioles,New York Yankees,moneyline,fanduel,165,-185,,,
2026-08-20T00:02:12,2026-08-19,MLB,Baltimore Orioles,New York Yankees,spread,fanduel,-138,104,,,
2026-08-20T00:02:12,2026-08-19,MLB,Baltimore Orioles,New York Yankees,total,fanduel,,,104,-138,10.5
2026-08-20T00:02:12,2026-08-19,MLB,Cincinnati Reds,St. Louis Cardinals,moneyline,draftkings,296,-356,,,
2026-08-20T00:02:12,2026-08-19,MLB,Cincinnati Reds,St. Louis Cardinals,spread,draftkings,-151,115,,,
2026-08-20T00:02:12,2026-08-19,MLB,Cincinnati Reds,St. Louis Cardinals,total,draftkings,,,-113,-115,6.5
2026-08-20T00:02:12,2026-08-19,MLB,Cincinnati Reds,St. Louis Cardinals,moneyline,betmgm,280,-375,,,
2026-08-20T00:02:12,2026-08-19,MLB,Cincinnati Reds,St. Louis Cardinals,spread,betmgm,-145,110,,,
2026-08-20T00:02:12,2026-08-19,MLB,Cincinnati Reds,St. Louis Cardinals,total,betmgm,,,-135,105,6.5
2026-08-20T00:02:12,2026-08-19,MLB,Cincinnati Reds,St. Louis Cardinals,moneyline,fanduel,290,-340,,,
2026-08-20T00:02:12,2026-08-19,MLB,Cincinnati Reds,St. Louis Cardinals,spread,fanduel,-158,118,,,
2026-08-20T00:02:12,2026-08-19,MLB,Cincinnati Reds,St. Louis Cardinals,total,fanduel,,,-128,-104,6.5
2026-08-20T00:02:12,2026-08-19,MLB,Tampa Bay Rays,Toronto Blue Jays,moneyline,draftkings,-990,690,,,
2026-08-20T00:02:12,2026-08-19,MLB,Tampa Bay Rays,Toronto Blue Jays,spread,draftkings,-112,-116,,,
2026-08-20T00:02:12,2026-08-19,MLB,Tampa Bay Rays,Toronto Blue Jays,total,draftkings,,,-125,-104,14.5
2026-08-20T00:02:12,2026-08-19,MLB,Tampa Bay Rays,Toronto Blue Jays,moneyline,betmgm,-2500,950,,,
2026-08-20T00:02:12,2026-08-19,MLB,Tampa Bay Rays,Toronto Blue Jays,spread,betmgm,125,-160,,,
2026-08-20T00:02:12,2026-08-19,MLB,Tampa Bay Rays,Toronto Blue Jays,total,betmgm,,,-140,110,13.5
2026-08-20T00:02:12,2026-08-19,MLB,Tampa Bay Rays,Toronto Blue Jays,moneyline,fanduel,-1450,1100,,,
2026-08-20T00:02:12,2026-08-19,MLB,Tampa Bay Rays,Toronto Blue Jays,spread,fanduel,102,-136,,,
2026-08-20T00:02:12,2026-08-19,MLB,Tampa Bay Rays,Toronto Blue Jays,total,fanduel,,,-112,-118,13.5
2026-08-20T00:02:12,2026-08-19,MLB,Milwaukee Brewers,Seattle Mariners,moneyline,draftkings,412,-517,,,
2026-08-20T00:02:12,2026-08-19,MLB,Milwaukee Brewers,Seattle Mariners,spread,draftkings,103,-134,,,
2026-08-20T00:02:12,2026-08-19,MLB,Milwaukee Brewers,Seattle Mariners,total,draftkings,,,-113,-115,11.5
2026-08-20T00:02:12,2026-08-19,MLB,Milwaukee Brewers,Seattle Mariners,moneyline,betmgm,400,-600,,,
2026-08-20T00:02:12,2026-08-19,MLB,Milwaukee Brewers,Seattle Mariners,spread,betmgm,-110,-115,,,
2026-08-20T00:02:12,2026-08-19,MLB,Milwaukee Brewers,Seattle Mariners,total,betmgm,,,-110,-118,11.5
2026-08-20T00:02:12,2026-08-19,MLB,Milwaukee Brewers,Seattle Mariners,moneyline,fanduel,380,-480,,,
2026-08-20T00:02:12,2026-08-19,MLB,Milwaukee Brewers,Seattle Mariners,spread,fanduel,-114,-114,,,
2026-08-20T00:02:12,2026-08-19,MLB,Milwaukee Brewers,Seattle Mariners,total,fanduel,,,102,-136,11.5
2026-08-20T00:02:12,2026-08-20,MLB,Texas Rangers,Washington Nationals,moneyline,fanduel,-120,110,,,
2026-08-20T00:02:12,2026-08-20,MLB,Texas Rangers,Washington Nationals,spread,fanduel,160,-194,,,
2026-08-20T00:02:12,2026-08-20,MLB,Texas Rangers,Washington Nationals,total,fanduel,,,-112,-108,7.5
2026-08-20T00:02:12,2026-08-20,MLB,Houston Astros,Los Angeles Angels,moneyline,draftkings,-147,137,,,
2026-08-20T00:02:12,2026-08-20,MLB,Houston Astros,Los Angeles Angels,spread,draftkings,137,-167,,,
2026-08-20T00:02:12,2026-08-20,MLB,Houston Astros,Los Angeles Angels,total,draftkings,,,-110,-110,8.5
2026-08-20T00:02:12,2026-08-20,MLB,Houston Astros,Los Angeles Angels,moneyline,betmgm,-155,125,,,
2026-08-20T00:02:12,2026-08-20,MLB,Houston Astros,Los Angeles Angels,spread,betmgm,135,-165,,,
2026-08-20T00:02:12,2026-08-20,MLB,Houston Astros,Los Angeles Angels,total,betmgm,,,-110,-110,8.5
2026-08-20T00:02:12,2026-08-20,MLB,Houston Astros,Los Angeles Angels,moneyline,fanduel,-144,134,,,
2026-08-20T00:02:12,2026-08-20,MLB,Houston Astros,Los Angeles Angels,spread,fanduel,140,-170,,,
2026-08-20T00:02:12,2026-08-20,MLB,Houston Astros,Los Angeles Angels,total,fanduel,,,-110,-110,8.5
2026-08-20T00:02:12,2026-08-20,MLB,Colorado Rockies,Los Angeles Dodgers,moneyline,draftkings,179,-193,,,
2026-08-20T00:02:12,2026-08-20,MLB,Colorado Rockies,Los Angeles Dodgers,spread,draftkings,113,-136,,,
2026-08-20T00:02:12,2026-08-20,MLB,Colorado Rockies,Los Angeles Dodgers,total,draftkings,,,-102,-119,11.5
2026-08-20T00:02:12,2026-08-20,MLB,Colorado Rockies,Los Angeles Dodgers,moneyline,betmgm,170,-210,,,
2026-08-20T00:02:12,2026-08-20,MLB,Colorado Rockies,Los Angeles Dodgers,spread,betmgm,110,-135,,,
2026-08-20T00:02:12,2026-08-20,MLB,Colorado Rockies,Los Angeles Dodgers,total,betmgm,,,-102,-118,11.5
2026-08-20T00:02:12,2026-08-20,MLB,Colorado Rockies,Los Angeles Dodgers,moneyline,fanduel,176,-190,,,
2026-08-20T00:02:12,2026-08-20,MLB,Colorado Rockies,Los Angeles Dodgers,spread,fanduel,108,-128,,,
2026-08-20T00:02:12,2026-08-20,MLB,Colorado Rockies,Los Angeles Dodgers,total,fanduel,,,-102,-120,11.5
2026-08-20T00:02:12,2026-08-19,MLB,Baltimore Orioles,New York Yankees,moneyline,draftkings,161,-186,,,
2026-08-20T00:02:12,2026-08-19,MLB,Baltimore Orioles,New York Yankees,spread,draftkings,-135,104,,,
2026-08-20T00:02:12,2026-08-19,MLB,Baltimore Orioles,New York Yankees,total,draftkings,,,-106,-122,10.5
2026-08-20T00:02:12,2026-08-19,MLB,Baltimore Orioles,New York Yankees,moneyline,betmgm,150,-190,,,
2026-08-20T00:02:12,2026-08-19,MLB,Baltimore Orioles,New York Yankees,spread,betmgm,-140,110,,,
2026-08-20T00:02:12,2026-08-19,MLB,Baltimore Orioles,New York Yankees,total,betmgm,,,-105,-120,10.5
2026-08-20T00:02:12,2026-08-19,MLB,Cleveland Guardians,San Francisco Giants,moneyline,fanduel,140,-160,,,
2026-08-20T00:02:12,2026-08-19,MLB,Cleveland Guardians,San Francisco Giants,spread,fanduel,-275,198,,,
2026-08-20T00:02:12,2026-08-19,MLB,Cleveland Guardians,San Francisco Giants,total,fanduel,,,102,-136,3.5
2026-08-20T00:02:12,2026-08-19,MLB,Cleveland Guardians,San Francisco Giants,moneyline,draftkings,141,-162,,,
2026-08-20T00:02:12,2026-08-19,MLB,Cleveland Guardians,San Francisco Giants,spread,draftkings,-271,200,,,
2026-08-20T00:02:12,2026-08-19,MLB,Cleveland Guardians,San Francisco Giants,total,draftkings,,,109,-142,3.5
2026-08-20T00:02:12,2026-08-19,MLB,Cleveland Guardians,San Francisco Giants,moneyline,betmgm,135,-170,,,
2026-08-20T00:02:12,2026-08-19,MLB,Cleveland Guardians,San Francisco Giants,spread,betmgm,-275,210,,,
2026-08-20T00:02:12,2026-08-19,MLB,Cleveland Guardians,San Francisco Giants,total,betmgm,,,100,-130,3.5
2026-08-20T00:02:12,2026-08-19,MLB,Kansas City Royals,Athletics,moneyline,fanduel,130,-145,,,
2026-08-20T00:02:12,2026-08-19,MLB,Kansas City Royals,Athletics,spread,fanduel,-138,104,,,
2026-08-20T00:02:12,2026-08-19,MLB,Kansas City Royals,Athletics,total,fanduel,,,106,-140,9.5
2026-08-20T00:02:12,2026-08-19,MLB,Kansas City Royals,Athletics,moneyline,draftkings,133,-153,,,
2026-08-20T00:02:12,2026-08-19,MLB,Kansas City Royals,Athletics,spread,draftkings,-138,106,,,
2026-08-20T00:02:12,2026-08-19,MLB,Kansas City Royals,Athletics,total,draftkings,,,-103,-126,9.5
2026-08-20T00:02:12,2026-08-19,MLB,Kansas City Royals,Athletics,moneyline,betmgm,140,-175,,,
2026-08-20T00:02:12,2026-08-19,MLB,Kansas City Royals,Athletics,spread,betmgm,-135,105,,,
2026-08-20T00:02:12,2026-08-19,MLB,Kansas City Royals,Athletics,total,betmgm,,,110,-140,9.5
2026-08-20T00:02:12,2026-08-20,MLB,Texas Rangers,Washington Nationals,moneyline,draftkings,-119,111,,,
2026-08-20T00:02:12,2026-08-20,MLB,Texas Rangers,Washington Nationals,spread,draftkings,164,-201,,,
2026-08-20T00:02:12,2026-08-20,MLB,Texas Rangers,Washington Nationals,total,draftkings,,,-114,-105,7.5
2026-08-20T00:02:12,2026-08-20,MLB,Texas Rangers,Washington Nationals,moneyline,betmgm,-125,105,,,
2026-08-20T00:02:12,2026-08-20,MLB,Texas Rangers,Washington Nationals,spread,betmgm,165,-200,,,
2026-08-20T00:02:12,2026-08-20,MLB,Texas Rangers,Washington Nationals,total,betmgm,,,-115,-105,7.5
2026-08-20T17:14:08,2026-08-20,MLB,Cincinnati Reds,St. Louis Cardinals,moneyline,fanduel,150,-170,,,
2026-08-20T17:14:08,2026-08-20,MLB,Cincinnati Reds,St. Louis Cardinals,spread,fanduel,-128,-102,,,
2026-08-20T17:14:08,2026-08-20,MLB,Cincinnati Reds,St. Louis Cardinals,total,fanduel,,,-104,-128,7.5
2026-08-20T17:14:08,2026-08-20,MLB,Cincinnati Reds,St. Louis Cardinals,moneyline,draftkings,160,-185,,,
2026-08-20T17:14:08,2026-08-20,MLB,Cincinnati Reds,St. Louis Cardinals,spread,draftkings,-119,-109,,,
2026-08-20T17:14:08,2026-08-20,MLB,Cincinnati Reds,St. Louis Cardinals,total,draftkings,,,-118,-110,7.5
2026-08-20T17:14:08,2026-08-20,MLB,Cincinnati Reds,St. Louis Cardinals,moneyline,betmgm,160,-200,,,
2026-08-20T17:14:08,2026-08-20,MLB,Cincinnati Reds,St. Louis Cardinals,spread,betmgm,-110,-118,,,
2026-08-20T17:14:08,2026-08-20,MLB,Cincinnati Reds,St. Louis Cardinals,total,betmgm,,,-120,-105,7.5
2026-08-20T17:14:08,2026-08-20,MLB,Cleveland Guardians,San Francisco Giants,moneyline,fanduel,-230,200,,,
2026-08-20T17:14:08,2026-08-20,MLB,Cleveland Guardians,San Francisco Giants,spread,fanduel,-106,-125,,,
2026-08-20T17:14:08,2026-08-20,MLB,Cleveland Guardians,San Francisco Giants,total,fanduel,,,-114,-114,6.5
2026-08-20T17:14:08,2026-08-20,MLB,Cleveland Guardians,San Francisco Giants,moneyline,draftkings,-242,207,,,
2026-08-20T17:14:08,2026-08-20,MLB,Cleveland Guardians,San Francisco Giants,spread,draftkings,-105,-124,,,
2026-08-20T17:14:08,2026-08-20,MLB,Cleveland Guardians,San Francisco Giants,total,draftkings,,,-124,-104,6.5
2026-08-20T17:14:08,2026-08-20,MLB,Cleveland Guardians,San Francisco Giants,moneyline,betmgm,-220,175,,,
2026-08-20T17:14:08,2026-08-20,MLB,Cleveland Guardians,San Francisco Giants,spread,betmgm,105,-135,,,
2026-08-20T17:14:08,2026-08-20,MLB,Cleveland Guardians,San Francisco Giants,total,betmgm,,,-125,-102,6.5
2026-08-20T17:14:08,2026-08-20,MLB,Tampa Bay Rays,Toronto Blue Jays,moneyline,fanduel,-195,170,,,
2026-08-20T17:14:08,2026-08-20,MLB,Tampa Bay Rays,Toronto Blue Jays,spread,fanduel,106,-140,,,
2026-08-20T17:14:08,2026-08-20,MLB,Tampa Bay Rays,Toronto Blue Jays,total,fanduel,,,-138,104,6.5
2026-08-20T17:14:08,2026-08-20,MLB,Tampa Bay Rays,Toronto Blue Jays,moneyline,draftkings,-195,168,,,
2026-08-20T17:14:08,2026-08-20,MLB,Tampa Bay Rays,Toronto Blue Jays,spread,draftkings,111,-144,,,
2026-08-20T17:14:08,2026-08-20,MLB,Tampa Bay Rays,Toronto Blue Jays,total,draftkings,,,-146,112,6.5
2026-08-20T17:14:08,2026-08-20,MLB,Tampa Bay Rays,Toronto Blue Jays,moneyline,betmgm,-200,155,,,
2026-08-20T17:14:08,2026-08-20,MLB,Tampa Bay Rays,Toronto Blue Jays,spread,betmgm,110,-140,,,
2026-08-20T17:14:08,2026-08-20,MLB,Tampa Bay Rays,Toronto Blue Jays,total,betmgm,,,110,-145,7.5
2026-08-20T17:14:08,2026-08-20,MLB,Chicago White Sox,Atlanta Braves,moneyline,draftkings,-104,-103,,,
2026-08-20T17:14:08,2026-08-20,MLB,Chicago White Sox,Atlanta Braves,spread,draftkings,-187,153,,,
2026-08-20T17:14:08,2026-08-20,MLB,Chicago White Sox,Atlanta Braves,total,draftkings,,,-117,-103,8.5
2026-08-20T17:14:08,2026-08-20,MLB,Chicago White Sox,Atlanta Braves,moneyline,fanduel,-104,-104,,,
2026-08-20T17:14:08,2026-08-20,MLB,Chicago White Sox,Atlanta Braves,spread,fanduel,-184,152,,,
2026-08-20T17:14:08,2026-08-20,MLB,Chicago White Sox,Atlanta Braves,total,fanduel,,,-115,-105,8.5
2026-08-20T17:14:08,2026-08-20,MLB,Kansas City Royals,Athletics,moneyline,fanduel,-128,120,,,
2026-08-20T17:14:08,2026-08-20,MLB,Kansas City Royals,Athletics,spread,fanduel,150,-182,,,
2026-08-20T17:14:08,2026-08-20,MLB,Kansas City Royals,Athletics,total,fanduel,,,102,-124,8.5
2026-08-20T17:14:08,2026-08-20,MLB,Kansas City Royals,Athletics,moneyline,draftkings,-129,120,,,
2026-08-20T17:14:08,2026-08-20,MLB,Kansas City Royals,Athletics,spread,draftkings,150,-182,,,
2026-08-20T17:14:08,2026-08-20,MLB,Kansas City Royals,Athletics,total,draftkings,,,-115,-105,8.0
2026-08-20T17:14:08,2026-08-20,MLB,Kansas City Royals,Athletics,moneyline,betmgm,-140,115,,,
2026-08-20T17:14:08,2026-08-20,MLB,Kansas City Royals,Athletics,spread,betmgm,150,-185,,,
2026-08-20T17:14:08,2026-08-20,MLB,Kansas City Royals,Athletics,total,betmgm,,,-115,-105,8.0
2026-08-20T17:14:08,2026-08-20,MLB,Milwaukee Brewers,Seattle Mariners,moneyline,fanduel,-138,126,,,
2026-08-20T17:14:08,2026-08-20,MLB,Milwaukee Brewers,Seattle Mariners,spread,fanduel,146,-178,,,
2026-08-20T17:14:08,2026-08-20,MLB,Milwaukee Brewers,Seattle Mariners,total,fanduel,,,-118,-104,7.5
2026-08-20T17:14:08,2026-08-20,MLB,Milwaukee Brewers,Seattle Mariners,moneyline,draftkings,-141,131,,,
2026-08-20T17:14:08,2026-08-20,MLB,Milwaukee Brewers,Seattle Mariners,spread,draftkings,149,-181,,,
2026-08-20T17:14:08,2026-08-20,MLB,Milwaukee Brewers,Seattle Mariners,total,draftkings,,,-103,-117,8.0
2026-08-20T17:14:08,2026-08-20,MLB,Milwaukee Brewers,Seattle Mariners,moneyline,betmgm,-150,125,,,
2026-08-20T17:14:08,2026-08-20,MLB,Milwaukee Brewers,Seattle Mariners,spread,betmgm,145,-180,,,
2026-08-20T17:14:08,2026-08-20,MLB,Milwaukee Brewers,Seattle Mariners,total,betmgm,,,-105,-115,8.0
2026-08-20T17:14:08,2026-08-20,MLB,Baltimore Orioles,New York Yankees,moneyline,fanduel,100,-108,,,
2026-08-20T17:14:08,2026-08-20,MLB,Baltimore Orioles,New York Yankees,spread,fanduel,-172,142,,,
2026-08-20T17:14:08,2026-08-20,MLB,Baltimore Orioles,New York Yankees,total,fanduel,,,-112,-108,7.5
2026-08-20T17:14:08,2026-08-20,MLB,Baltimore Orioles,New York Yankees,moneyline,draftkings,-101,-106,,,
2026-08-20T17:14:08,2026-08-20,MLB,Baltimore Orioles,New York Yankees,spread,draftkings,-175,144,,,
2026-08-20T17:14:08,2026-08-20,MLB,Baltimore Orioles,New York Yankees,total,draftkings,,,-112,-108,7.5
2026-08-20T17:14:08,2026-08-20,MLB,Baltimore Orioles,New York Yankees,moneyline,betmgm,-105,-115,,,
2026-08-20T17:14:08,2026-08-20,MLB,Baltimore Orioles,New York Yankees,spread,betmgm,-185,150,,,
2026-08-20T17:14:08,2026-08-20,MLB,Baltimore Orioles,New York Yankees,total,betmgm,,,-110,-110,7.5
2026-08-20T17:14:08,2026-08-21,MLB,Texas Rangers,Washington Nationals,moneyline,fanduel,-172,158,,,
2026-08-20T17:14:08,2026-08-21,MLB,Texas Rangers,Washington Nationals,spread,fanduel,126,-152,,,
2026-08-20T17:14:08,2026-08-21,MLB,Texas Rangers,Washington Nationals,total,fanduel,,,-102,-120,7.5
2026-08-20T17:14:08,2026-08-21,MLB,Texas Rangers,Washington Nationals,moneyline,draftkings,-165,153,,,
2026-08-20T17:14:08,2026-08-21,MLB,Texas Rangers,Washington Nationals,spread,draftkings,123,-148,,,
2026-08-20T17:14:08,2026-08-21,MLB,Texas Rangers,Washington Nationals,total,draftkings,,,-108,-112,7.5
2026-08-20T17:14:08,2026-08-21,MLB,Texas Rangers,Washington Nationals,moneyline,betmgm,-185,150,,,
2026-08-20T17:14:08,2026-08-21,MLB,Texas Rangers,Washington Nationals,spread,betmgm,125,-150,,,
2026-08-20T17:14:08,2026-08-21,MLB,Texas Rangers,Washington Nationals,total,betmgm,,,-110,-110,7.5
2026-08-20T17:14:08,2026-08-21,MLB,Houston Astros,Los Angeles Angels,moneyline,fanduel,-178,164,,,
2026-08-20T17:14:08,2026-08-21,MLB,Houston Astros,Los Angeles Angels,spread,fanduel,114,-137,,,
2026-08-20T17:14:08,2026-08-21,MLB,Houston Astros,Los Angeles Angels,total,fanduel,,,-105,-115,8.5
2026-08-20T17:14:08,2026-08-21,MLB,Houston Astros,Los Angeles Angels,moneyline,draftkings,-176,163,,,
2026-08-20T17:14:08,2026-08-21,MLB,Houston Astros,Los Angeles Angels,spread,draftkings,113,-136,,,
2026-08-20T17:14:08,2026-08-21,MLB,Houston Astros,Los Angeles Angels,total,draftkings,,,-105,-115,8.5
2026-08-20T17:14:08,2026-08-21,MLB,Houston Astros,Los Angeles Angels,moneyline,betmgm,-190,155,,,
2026-08-20T17:14:08,2026-08-21,MLB,Houston Astros,Los Angeles Angels,spread,betmgm,105,-130,,,
2026-08-20T17:14:08,2026-08-21,MLB,Houston Astros,Los Angeles Angels,total,betmgm,,,-105,-115,8.5
2026-08-20T17:14:08,2026-08-20,MLB,Chicago White Sox,Atlanta Braves,moneyline,betmgm,-110,-110,,,
2026-08-20T17:14:08,2026-08-20,MLB,Chicago White Sox,Atlanta Braves,spread,betmgm,-190,154,,,
2026-08-20T17:14:08,2026-08-20,MLB,Chicago White Sox,Atlanta Braves,total,betmgm,,,-115,-105,8.5
2026-09-01T02:05:04,2026-08-31,MLB,Chicago Cubs,Milwaukee Brewers,spread,fanduel,-235,172,,,
2026-09-01T02:05:04,2026-08-31,MLB,Chicago Cubs,Milwaukee Brewers,total,fanduel,,,-114,-114,18.5
2026-09-01T02:05:04,2026-08-31,MLB,Chicago Cubs,Milwaukee Brewers,spread,betmgm,-115,-110,,,
2026-09-01T02:05:04,2026-08-31,MLB,Chicago Cubs,Milwaukee Brewers,total,betmgm,,,-145,110,17.5
2026-09-01T02:05:04,2026-08-31,MLB,Chicago Cubs,Milwaukee Brewers,spread,draftkings,133,-175,,,
2026-09-01T02:05:04,2026-08-31,MLB,Chicago Cubs,Milwaukee Brewers,total,draftkings,,,-116,-112,18.5
2026-09-01T02:05:04,2026-08-31,MLB,Minnesota Twins,Detroit Tigers,spread,fanduel,-500,320,,,
2026-09-01T02:05:04,2026-08-31,MLB,Minnesota Twins,Detroit Tigers,total,fanduel,,,350,-550,12.5
2026-09-01T02:05:04,2026-08-31,MLB,Minnesota Twins,Detroit Tigers,spread,betmgm,-425,300,,,
2026-09-01T02:05:04,2026-08-31,MLB,Minnesota Twins,Detroit Tigers,total,betmgm,,,300,-425,12.5
2026-09-01T02:05:04,2026-08-31,MLB,Minnesota Twins,Detroit Tigers,spread,draftkings,-443,303,,,
2026-09-01T02:05:04,2026-08-31,MLB,Minnesota Twins,Detroit Tigers,total,draftkings,,,303,-443,12.5
2026-09-01T02:05:04,2026-09-01,MLB,Texas Rangers,Athletics,spread,fanduel,-320,225,,,
2026-09-01T02:05:04,2026-09-01,MLB,Texas Rangers,Athletics,total,fanduel,,,-136,102,7.5
2026-09-01T02:05:04,2026-09-01,MLB,Texas Rangers,Athletics,spread,betmgm,-300,225,,,
2026-09-01T02:05:04,2026-09-01,MLB,Texas Rangers,Athletics,total,betmgm,,,-125,-102,7.5
2026-09-01T02:05:04,2026-09-01,MLB,Texas Rangers,Athletics,spread,draftkings,-247,183,,,
2026-09-01T02:05:04,2026-09-01,MLB,Texas Rangers,Athletics,total,draftkings,,,-149,114,7.5
2026-09-01T02:05:04,2026-09-01,MLB,Houston Astros,Chicago White Sox,moneyline,fanduel,-2400,1700,,,
2026-09-01T02:05:04,2026-09-01,MLB,Houston Astros,Chicago White Sox,spread,fanduel,106,-140,,,
2026-09-01T02:05:04,2026-09-01,MLB,Houston Astros,Chicago White Sox,total,fanduel,,,-130,-102,11.5
2026-09-01T02:05:04,2026-09-01,MLB,Houston Astros,Chicago White Sox,moneyline,betmgm,-2500,1000,,,
2026-09-01T02:05:04,2026-09-01,MLB,Houston Astros,Chicago White Sox,spread,betmgm,125,-160,,,
2026-09-01T02:05:04,2026-09-01,MLB,Houston Astros,Chicago White Sox,total,betmgm,,,-110,-115,11.5
2026-09-01T02:05:04,2026-09-01,MLB,Houston Astros,Chicago White Sox,moneyline,draftkings,-1720,1040,,,
2026-09-01T02:05:04,2026-09-01,MLB,Houston Astros,Chicago White Sox,spread,draftkings,-137,106,,,
2026-09-01T02:05:04,2026-09-01,MLB,Houston Astros,Chicago White Sox,total,draftkings,,,113,-147,11.5
2026-09-01T02:05:04,2026-09-01,MLB,Colorado Rockies,Baltimore Orioles,moneyline,fanduel,105,-120,,,
2026-09-01T02:05:04,2026-09-01,MLB,Colorado Rockies,Baltimore Orioles,spread,fanduel,-210,154,,,
2026-09-01T02:05:04,2026-09-01,MLB,Colorado Rockies,Baltimore Orioles,total,fanduel,,,-122,-108,6.5
2026-09-01T02:05:04,2026-09-01,MLB,Colorado Rockies,Baltimore Orioles,moneyline,draftkings,102,-117,,,
2026-09-01T02:05:04,2026-09-01,MLB,Colorado Rockies,Baltimore Orioles,spread,draftkings,-202,153,,,
2026-09-01T02:05:04,2026-09-01,MLB,Colorado Rockies,Baltimore Orioles,total,draftkings,,,-125,-104,6.5
2026-09-01T02:05:04,2026-09-01,MLB,Colorado Rockies,Baltimore Orioles,moneyline,betmgm,105,-135,,,
2026-09-01T02:05:04,2026-09-01,MLB,Colorado Rockies,Baltimore Orioles,spread,betmgm,-220,170,,,
2026-09-01T02:05:04,2026-09-01,MLB,Colorado Rockies,Baltimore Orioles,total,betmgm,,,-110,-118,6.5
2026-09-01T02:05:04,2026-09-01,MLB,Los Angeles Angels,New York Yankees,moneyline,fanduel,115,-130,,,
2026-09-01T02:05:04,2026-09-01,MLB,Los Angeles Angels,New York Yankees,spread,fanduel,-186,138,,,
2026-09-01T02:05:04,2026-09-01,MLB,Los Angeles Angels,New York Yankees,total,fanduel,,,-138,104,5.5
2026-09-01T02:05:04,2026-09-01,MLB,Los Angeles Angels,New York Yankees,moneyline,draftkings,110,-126,,,
2026-09-01T02:05:04,2026-09-01,MLB,Los Angeles Angels,New York Yankees,spread,draftkings,-176,134,,,
2026-09-01T02:05:04,2026-09-01,MLB,Los Angeles Angels,New York Yankees,total,draftkings,,,-102,-128,6.5
2026-09-01T02:05:04,2026-09-01,MLB,Los Angeles Angels,New York Yankees,moneyline,betmgm,110,-140,,,
2026-09-01T02:05:04,2026-09-01,MLB,Los Angeles Angels,New York Yankees,spread,betmgm,-175,135,,,
2026-09-01T02:05:04,2026-09-01,MLB,Los Angeles Angels,New York Yankees,total,betmgm,,,-140,110,5.5
2026-09-01T02:05:04,2026-09-01,MLB,Arizona Diamondbacks,Philadelphia Phillies,moneyline,fanduel,130,-145,,,
2026-09-01T02:05:04,2026-09-01,MLB,Arizona Diamondbacks,Philadelphia Phillies,spread,fanduel,-158,118,,,
2026-09-01T02:05:04,2026-09-01,MLB,Arizona Diamondbacks,Philadelphia Phillies,total,fanduel,,,-114,-114,7.5
2026-09-01T02:05:04,2026-09-01,MLB,Arizona Diamondbacks,Philadelphia Phillies,moneyline,draftkings,138,-159,,,
2026-09-01T02:05:04,2026-09-01,MLB,Arizona Diamondbacks,Philadelphia Phillies,spread,draftkings,-140,107,,,
2026-09-01T02:05:04,2026-09-01,MLB,Arizona Diamondbacks,Philadelphia Phillies,total,draftkings,,,-101,-129,7.5
2026-09-01T02:05:04,2026-09-01,MLB,Arizona Diamondbacks,Philadelphia Phillies,moneyline,betmgm,130,-160,,,
2026-09-01T02:05:04,2026-09-01,MLB,Arizona Diamondbacks,Philadelphia Phillies,spread,betmgm,-160,125,,,
2026-09-01T02:05:04,2026-09-01,MLB,Arizona Diamondbacks,Philadelphia Phillies,total,betmgm,,,-115,-110,7.5
2026-09-02T01:28:06,2026-09-01,MLB,Cincinnati Reds,San Diego Padres,moneyline,fanduel,-20000,2500,,,
2026-09-02T01:28:06,2026-09-01,MLB,Cincinnati Reds,San Diego Padres,spread,fanduel,-1400,630,,,
2026-09-02T01:28:06,2026-09-01,MLB,Cincinnati Reds,San Diego Padres,total,fanduel,,,580,-1200,6.5
2026-09-01T19:38:32,2026-09-01,MLB,Cincinnati Reds,San Diego Padres,moneyline,draftkings,119,-143,,,
2026-09-01T19:38:32,2026-09-01,MLB,Cincinnati Reds,San Diego Padres,spread,draftkings,-136,113,,,
2026-09-02T01:28:06,2026-09-01,MLB,Cincinnati Reds,San Diego Padres,total,draftkings,,,1040,-4300,7.5
2026-09-02T01:28:06,2026-09-01,MLB,Cincinnati Reds,San Diego Padres,moneyline,betmgm,-10000,3300,,,
2026-09-02T01:28:06,2026-09-01,MLB,Cincinnati Reds,San Diego Padres,spread,betmgm,-2000,850,,,
2026-09-02T01:28:06,2026-09-01,MLB,Cincinnati Reds,San Diego Padres,total,betmgm,,,825,-2000,6.5
2026-09-01T19:38:32,2026-09-01,MLB,Cleveland Guardians,Toronto Blue Jays,moneyline,fanduel,-184,154,,,
2026-09-01T19:38:32,2026-09-01,MLB,Cleveland Guardians,Toronto Blue Jays,spread,fanduel,120,-144,,,
2026-09-01T19:38:32,2026-09-01,MLB,Cleveland Guardians,Toronto Blue Jays,total,fanduel,,,-124,102,7.5
2026-09-01T19:38:32,2026-09-01,MLB,Cleveland Guardians,Toronto Blue Jays,moneyline,draftkings,-186,153,,,
2026-09-01T19:38:32,2026-09-01,MLB,Cleveland Guardians,Toronto Blue Jays,spread,draftkings,119,-144,,,
2026-09-01T19:38:32,2026-09-01,MLB,Cleveland Guardians,Toronto Blue Jays,total,draftkings,,,-106,-113,8.0
2026-09-01T19:38:32,2026-09-01,MLB,Cleveland Guardians,Toronto Blue Jays,moneyline,betmgm,-185,150,,,
2026-09-01T19:38:32,2026-09-01,MLB,Cleveland Guardians,Toronto Blue Jays,spread,betmgm,120,-145,,,
2026-09-01T19:38:32,2026-09-01,MLB,Cleveland Guardians,Toronto Blue Jays,total,betmgm,,,-102,-118,8.0
2026-09-01T19:38:32,2026-09-01,MLB,Tampa Bay Rays,New York Mets,moneyline,fanduel,-136,116,,,
2026-09-01T19:38:32,2026-09-01,MLB,Tampa Bay Rays,New York Mets,spread,fanduel,150,-182,,,
2026-09-01T19:38:32,2026-09-01,MLB,Tampa Bay Rays,New York Mets,total,fanduel,,,-122,100,7.5
2026-09-01T19:38:32,2026-09-01,MLB,Tampa Bay Rays,New York Mets,moneyline,draftkings,-143,119,,,
2026-09-01T19:38:32,2026-09-01,MLB,Tampa Bay Rays,New York Mets,spread,draftkings,153,-186,,,
2026-09-01T19:38:32,2026-09-01,MLB,Tampa Bay Rays,New York Mets,total,draftkings,,,-102,-119,8.0
2026-09-01T19:38:32,2026-09-01,MLB,Tampa Bay Rays,New York Mets,moneyline,betmgm,-145,118,,,
2026-09-01T19:38:32,2026-09-01,MLB,Tampa Bay Rays,New York Mets,spread,betmgm,154,-190,,,
2026-09-01T19:38:32,2026-09-01,MLB,Tampa Bay Rays,New York Mets,total,betmgm,,,-105,-115,8.0
2026-09-02T01:28:06,2026-09-01,MLB,Pittsburgh Pirates,San Francisco Giants,moneyline,fanduel,-50000,3000,,,
2026-09-02T01:28:06,2026-09-01,MLB,Pittsburgh Pirates,San Francisco Giants,spread,fanduel,-210,154,,,
2026-09-02T01:28:06,2026-09-01,MLB,Pittsburgh Pirates,San Francisco Giants,total,fanduel,,,-180,134,19.5
2026-09-01T19:38:32,2026-09-01,MLB,Pittsburgh Pirates,San Francisco Giants,moneyline,draftkings,-171,141,,,
2026-09-02T01:28:06,2026-09-01,MLB,Pittsburgh Pirates,San Francisco Giants,spread,draftkings,-203,153,,,
2026-09-02T01:28:06,2026-09-01,MLB,Pittsburgh Pirates,San Francisco Giants,total,draftkings,,,-166,127,19.5
2026-09-02T01:28:06,2026-09-01,MLB,Pittsburgh Pirates,San Francisco Giants,moneyline,betmgm,-10000,3300,,,
2026-09-02T01:28:06,2026-09-01,MLB,Pittsburgh Pirates,San Francisco Giants,spread,betmgm,-200,155,,,
2026-09-02T01:28:06,2026-09-01,MLB,Pittsburgh Pirates,San Francisco Giants,total,betmgm,,,-175,135,19.5
2026-09-01T19:38:32,2026-09-01,MLB,Washington Nationals,Atlanta Braves,moneyline,fanduel,138,-164,,,
2026-09-02T01:28:06,2026-09-01,MLB,Washington Nationals,Atlanta Braves,spread,fanduel,-670,400,,,
2026-09-02T01:28:06,2026-09-01,MLB,Washington Nationals,Atlanta Braves,total,fanduel,,,450,-800,14.5
2026-09-01T19:38:32,2026-09-01,MLB,Washington Nationals,Atlanta Braves,moneyline,draftkings,134,-163,,,
2026-09-02T01:28:06,2026-09-01,MLB,Washington Nationals,Atlanta Braves,spread,draftkings,-1140,592,,,
2026-09-02T01:28:06,2026-09-01,MLB,Washington Nationals,Atlanta Braves,total,draftkings,,,592,-1140,14.5
2026-09-02T01:28:06,2026-09-01,MLB,Washington Nationals,Atlanta Braves,moneyline,betmgm,-10000,3300,,,
2026-09-02T01:28:06,2026-09-01,MLB,Washington Nationals,Atlanta Braves,spread,betmgm,-235,180,,,
2026-09-02T01:28:06,2026-09-01,MLB,Washington Nationals,Atlanta Braves,total,betmgm,,,180,-235,14.5
2026-09-01T19:38:32,2026-09-01,MLB,Boston Red Sox,Seattle Mariners,moneyline,fanduel,-122,104,,,
2026-09-02T01:28:06,2026-09-01,MLB,Boston Red Sox,Seattle Mariners,spread,fanduel,126,-168,,,
2026-09-02T01:28:06,2026-09-01,MLB,Boston Red Sox,Seattle Mariners,total,fanduel,,,-152,114,12.5
2026-09-01T19:38:32,2026-09-01,MLB,Boston Red Sox,Seattle Mariners,moneyline,draftkings,-137,114,,,
2026-09-02T01:28:06,2026-09-01,MLB,Boston Red Sox,Seattle Mariners,spread,draftkings,109,-141,,,
2026-09-02T01:28:06,2026-09-01,MLB,Boston Red Sox,Seattle Mariners,total,draftkings,,,-155,119,12.5
2026-09-01T19:38:32,2026-09-01,MLB,Boston Red Sox,Seattle Mariners,moneyline,betmgm,-125,105,,,
2026-09-02T01:28:06,2026-09-01,MLB,Boston Red Sox,Seattle Mariners,spread,betmgm,170,-220,,,
2026-09-02T01:28:06,2026-09-01,MLB,Boston Red Sox,Seattle Mariners,total,betmgm,,,-130,100,12.5
2026-09-02T01:28:06,2026-09-01,MLB,Chicago Cubs,Milwaukee Brewers,moneyline,fanduel,-150,118,,,
2026-09-02T01:28:06,2026-09-01,MLB,Chicago Cubs,Milwaukee Brewers,spread,fanduel,194,-270,,,
2026-09-02T01:28:06,2026-09-01,MLB,Chicago Cubs,Milwaukee Brewers,total,fanduel,,,-106,-125,9.5
2026-09-02T01:28:06,2026-09-01,MLB,Chicago Cubs,Milwaukee Brewers,moneyline,draftkings,-188,143,,,
2026-09-02T01:28:06,2026-09-01,MLB,Chicago Cubs,Milwaukee Brewers,spread,draftkings,149,-197,,,
2026-09-02T01:28:06,2026-09-01,MLB,Chicago Cubs,Milwaukee Brewers,total,draftkings,,,-149,115,8.5
2026-09-02T01:28:06,2026-09-01,MLB,Chicago Cubs,Milwaukee Brewers,moneyline,betmgm,-145,115,,,
2026-09-02T01:28:06,2026-09-01,MLB,Chicago Cubs,Milwaukee Brewers,spread,betmgm,210,-275,,,
2026-09-02T01:28:06,2026-09-01,MLB,Chicago Cubs,Milwaukee Brewers,total,betmgm,,,105,-135,9.5
2026-09-02T01:28:06,2026-09-01,MLB,Minnesota Twins,Detroit Tigers,moneyline,fanduel,-50000,3500,,,
2026-09-02T01:28:06,2026-09-01,MLB,Minnesota Twins,Detroit Tigers,spread,fanduel,148,-200,,,
2026-09-02T01:28:06,2026-09-01,MLB,Minnesota Twins,Detroit Tigers,total,fanduel,,,102,-136,10.5
2026-09-01T19:38:32,2026-09-01,MLB,Minnesota Twins,Detroit Tigers,moneyline,draftkings,-113,-107,,,
2026-09-02T01:28:06,2026-09-01,MLB,Minnesota Twins,Detroit Tigers,spread,draftkings,-188,143,,,
2026-09-02T01:28:06,2026-09-01,MLB,Minnesota Twins,Detroit Tigers,total,draftkings,,,105,-136,10.5
2026-09-02T01:28:06,2026-09-01,MLB,Minnesota Twins,Detroit Tigers,moneyline,betmgm,-10000,3300,,,
2026-09-02T01:28:06,2026-09-01,MLB,Minnesota Twins,Detroit Tigers,total,betmgm,,,110,-140,10.5
2026-09-01T19:38:32,2026-09-01,MLB,Kansas City Royals,Miami Marlins,moneyline,fanduel,-120,102,,,
2026-09-02T01:28:06,2026-09-01,MLB,Kansas City Royals,Miami Marlins,spread,fanduel,-210,154,,,
2026-09-02T01:28:06,2026-09-01,MLB,Kansas City Royals,Miami Marlins,total,fanduel,,,-144,108,7.5
2026-09-01T19:38:32,2026-09-01,MLB,Kansas City Royals,Miami Marlins,moneyline,draftkings,-120,100,,,
2026-09-02T01:28:06,2026-09-01,MLB,Kansas City Royals,Miami Marlins,spread,draftkings,-214,161,,,
2026-09-02T01:28:06,2026-09-01,MLB,Kansas City Royals,Miami Marlins,total,draftkings,,,-139,107,7.5
2026-09-01T19:38:32,2026-09-01,MLB,Kansas City Royals,Miami Marlins,moneyline,betmgm,-120,100,,,
2026-09-02T01:28:06,2026-09-01,MLB,Kansas City Royals,Miami Marlins,spread,betmgm,-210,160,,,
2026-09-02T01:28:06,2026-09-01,MLB,Kansas City Royals,Miami Marlins,total,betmgm,,,-135,105,7.5
2026-09-02T19:31:19,2026-09-02,MLB,Texas Rangers,Athletics,moneyline,fanduel,-106,-120,,,
2026-09-02T19:31:19,2026-09-02,MLB,Texas Rangers,Athletics,spread,fanduel,-215,158,,,
2026-09-02T19:31:19,2026-09-02,MLB,Texas Rangers,Athletics,total,fanduel,,,-140,106,10.5
2026-09-02T19:31:19,2026-09-02,MLB,Texas Rangers,Athletics,moneyline,draftkings,-101,-129,,,
2026-09-02T19:31:19,2026-09-02,MLB,Texas Rangers,Athletics,spread,draftkings,-191,145,,,
2026-09-02T19:31:19,2026-09-02,MLB,Texas Rangers,Athletics,total,draftkings,,,-146,112,10.5
2026-09-02T19:31:19,2026-09-02,MLB,Texas Rangers,Athletics,moneyline,betmgm,105,-135,,,
2026-09-02T19:31:19,2026-09-02,MLB,Texas Rangers,Athletics,spread,betmgm,-190,145,,,
2026-09-02T19:31:19,2026-09-02,MLB,Texas Rangers,Athletics,total,betmgm,,,-130,100,10.5
2026-09-02T19:31:19,2026-09-02,MLB,Colorado Rockies,Baltimore Orioles,moneyline,fanduel,124,-158,,,
2026-09-02T19:31:19,2026-09-02,MLB,Colorado Rockies,Baltimore Orioles,spread,fanduel,-136,102,,,
2026-09-02T19:31:19,2026-09-02,MLB,Colorado Rockies,Baltimore Orioles,total,fanduel,,,-106,-125,9.5
2026-09-02T19:31:19,2026-09-02,MLB,Colorado Rockies,Baltimore Orioles,moneyline,draftkings,118,-154,,,
2026-09-02T19:31:19,2026-09-02,MLB,Colorado Rockies,Baltimore Orioles,spread,draftkings,-128,-101,,,
2026-09-02T19:31:19,2026-09-02,MLB,Colorado Rockies,Baltimore Orioles,total,draftkings,,,-110,-118,9.5
2026-09-02T19:31:19,2026-09-02,MLB,Colorado Rockies,Baltimore Orioles,moneyline,betmgm,120,-150,,,
2026-09-02T19:31:19,2026-09-02,MLB,Colorado Rockies,Baltimore Orioles,spread,betmgm,-135,105,,,
2026-09-02T19:31:19,2026-09-02,MLB,Colorado Rockies,Baltimore Orioles,total,betmgm,,,-102,-125,9.5
2026-09-02T01:28:06,2026-09-02,MLB,Los Angeles Angels,New York Yankees,moneyline,fanduel,162,-194,,,
2026-09-02T01:28:06,2026-09-02,MLB,Los Angeles Angels,New York Yankees,spread,fanduel,-111,-108,,,
2026-09-02T01:28:06,2026-09-02,MLB,Los Angeles Angels,New York Yankees,total,fanduel,,,-102,-120,7.5
2026-09-02T01:28:06,2026-09-02,MLB,Los Angeles Angels,New York Yankees,moneyline,draftkings,153,-187,,,
2026-09-02T01:28:06,2026-09-02,MLB,Los Angeles Angels,New York Yankees,spread,draftkings,-115,-104,,,
2026-09-02T01:28:06,2026-09-02,MLB,Los Angeles Angels,New York Yankees,total,draftkings,,,-122,102,7.0
2026-09-02T01:28:06,2026-09-02,MLB,Los Angeles Angels,New York Yankees,moneyline,betmgm,154,-190,,,
2026-09-02T01:28:06,2026-09-02,MLB,Los Angeles Angels,New York Yankees,spread,betmgm,-115,-105,,,
2026-09-02T01:28:06,2026-09-02,MLB,Los Angeles Angels,New York Yankees,total,betmgm,,,105,-125,7.5
2026-09-02T19:31:19,2026-09-02,MLB,Arizona Diamondbacks,Philadelphia Phillies,moneyline,fanduel,110,-130,,,
2026-09-02T19:31:19,2026-09-02,MLB,Arizona Diamondbacks,Philadelphia Phillies,spread,fanduel,-152,126,,,
2026-09-02T19:31:19,2026-09-02,MLB,Arizona Diamondbacks,Philadelphia Phillies,total,fanduel,,,-118,-104,8.5
2026-09-02T19:31:19,2026-09-02,MLB,Arizona Diamondbacks,Philadelphia Phillies,moneyline,draftkings,109,-131,,,
2026-09-02T19:31:19,2026-09-02,MLB,Arizona Diamondbacks,Philadelphia Phillies,spread,draftkings,-149,123,,,
2026-09-02T19:31:19,2026-09-02,MLB,Arizona Diamondbacks,Philadelphia Phillies,total,draftkings,,,-121,101,8.5
2026-09-02T19:31:19,2026-09-02,MLB,Arizona Diamondbacks,Philadelphia Phillies,moneyline,betmgm,110,-130,,,
2026-09-02T19:31:19,2026-09-02,MLB,Arizona Diamondbacks,Philadelphia Phillies,spread,betmgm,-150,125,,,
2026-09-02T19:31:19,2026-09-02,MLB,Arizona Diamondbacks,Philadelphia Phillies,total,betmgm,,,-118,-102,8.5
2026-09-02T01:28:06,2026-09-02,MLB,Los Angeles Dodgers,St. Louis Cardinals,moneyline,fanduel,-196,164,,,
2026-09-02T01:28:06,2026-09-02,MLB,Los Angeles Dodgers,St. Louis Cardinals,spread,fanduel,110,-132,,,
2026-09-02T01:28:06,2026-09-02,MLB,Los Angeles Dodgers,St. Louis Cardinals,total,fanduel,,,-122,100,8.5
2026-09-02T01:28:06,2026-09-02,MLB,Los Angeles Dodgers,St. Louis Cardinals,moneyline,draftkings,-204,167,,,
2026-09-02T01:28:06,2026-09-02,MLB,Los Angeles Dodgers,St. Louis Cardinals,spread,draftkings,104,-126,,,
2026-09-02T01:28:06,2026-09-02,MLB,Los Angeles Dodgers,St. Louis Cardinals,total,draftkings,,,-102,-118,9.0
2026-09-02T01:28:06,2026-09-02,MLB,Los Angeles Dodgers,St. Louis Cardinals,moneyline,betmgm,-200,165,,,
2026-09-02T01:28:06,2026-09-02,MLB,Los Angeles Dodgers,St. Louis Cardinals,spread,betmgm,105,-125,,,
2026-09-02T01:28:06,2026-09-02,MLB,Los Angeles Dodgers,St. Louis Cardinals,total,betmgm,,,-120,100,8.5
2026-09-03T19:28:50,2026-09-10,NFL,Seattle Seahawks,New England Patriots,moneyline,draftkings,-180,150,,,
2026-09-03T19:28:50,2026-09-10,NFL,Seattle Seahawks,New England Patriots,spread,draftkings,-105,-115,,,
2026-09-03T19:28:50,2026-09-10,NFL,Seattle Seahawks,New England Patriots,total,draftkings,,,-105,-115,44.5
2026-09-03T19:28:50,2026-09-10,NFL,Seattle Seahawks,New England Patriots,moneyline,fanduel,-198,166,,,
2026-09-03T19:28:50,2026-09-10,NFL,Seattle Seahawks,New England Patriots,spread,fanduel,-112,-108,,,
2026-09-03T19:28:50,2026-09-10,NFL,Seattle Seahawks,New England Patriots,total,fanduel,,,-110,-110,44.5
2026-09-03T19:28:50,2026-09-10,NFL,Seattle Seahawks,New England Patriots,moneyline,betmgm,-200,160,,,
2026-09-03T19:28:50,2026-09-10,NFL,Seattle Seahawks,New England Patriots,spread,betmgm,-110,-110,,,
2026-09-03T19:28:50,2026-09-10,NFL,Seattle Seahawks,New England Patriots,total,betmgm,,,-108,-110,44.5
2026-09-03T19:28:50,2026-09-11,NFL,Los Angeles Rams,San Francisco 49ers,moneyline,draftkings,-205,170,,,
2026-09-03T19:28:50,2026-09-11,NFL,Los Angeles Rams,San Francisco 49ers,spread,draftkings,-112,-108,,,
2026-09-03T19:28:50,2026-09-11,NFL,Los Angeles Rams,San Francisco 49ers,total,draftkings,,,-105,-115,48.5
2026-09-03T19:28:50,2026-09-11,NFL,Los Angeles Rams,San Francisco 49ers,moneyline,betmgm,-210,170,,,
2026-09-03T19:28:50,2026-09-11,NFL,Los Angeles Rams,San Francisco 49ers,spread,betmgm,-105,-112,,,
2026-09-03T19:28:50,2026-09-11,NFL,Los Angeles Rams,San Francisco 49ers,total,betmgm,,,-110,-108,48.5
2026-09-03T19:28:50,2026-09-11,NFL,Los Angeles Rams,San Francisco 49ers,moneyline,fanduel,-198,166,,,
2026-09-03T19:28:50,2026-09-11,NFL,Los Angeles Rams,San Francisco 49ers,spread,fanduel,-115,-105,,,
2026-09-03T19:28:50,2026-09-11,NFL,Los Angeles Rams,San Francisco 49ers,total,fanduel,,,-105,-115,48.5
2026-09-03T19:28:50,2026-09-13,NFL,Pittsburgh Steelers,Atlanta Falcons,moneyline,draftkings,-185,154,,,
2026-09-03T19:28:50,2026-09-13,NFL,Pittsburgh Steelers,Atlanta Falcons,spread,draftkings,-102,-118,,,
2026-09-03T19:28:50,2026-09-13,NFL,Pittsburgh Steelers,Atlanta Falcons,total,draftkings,,,-105,-115,42.5
2026-09-03T19:28:50,2026-09-13,NFL,Pittsburgh Steelers,Atlanta Falcons,moneyline,fanduel,-176,148,,,
2026-09-03T19:28:50,2026-09-13,NFL,Pittsburgh Steelers,Atlanta Falcons,spread,fanduel,-120,-102,,,
2026-09-03T19:28:50,2026-09-13,NFL,Pittsburgh Steelers,Atlanta Falcons,total,fanduel,,,-104,-118,42.5
2026-09-03T19:28:50,2026-09-13,NFL,Pittsburgh Steelers,Atlanta Falcons,moneyline,betmgm,-175,150,,,
2026-09-03T19:28:50,2026-09-13,NFL,Pittsburgh Steelers,Atlanta Falcons,spread,betmgm,-120,100,,,
2026-09-03T19:28:50,2026-09-13,NFL,Pittsburgh Steelers,Atlanta Falcons,total,betmgm,,,-110,-108,42.0
2026-09-03T19:28:50,2026-09-13,NFL,Indianapolis Colts,Baltimore Ravens,moneyline,draftkings,145,-175,,,
2026-09-03T19:28:50,2026-09-13,NFL,Indianapolis Colts,Baltimore Ravens,spread,draftkings,-112,-108,,,
2026-09-03T19:28:50,2026-09-13,NFL,Indianapolis Colts,Baltimore Ravens,total,draftkings,,,-105,-115,48.5
2026-09-03T19:28:50,2026-09-13,NFL,Indianapolis Colts,Baltimore Ravens,moneyline,fanduel,150,-178,,,
2026-09-03T19:28:50,2026-09-13,NFL,Indianapolis Colts,Baltimore Ravens,spread,fanduel,-115,-105,,,
2026-09-03T19:28:50,2026-09-13,NFL,Indianapolis Colts,Baltimore Ravens,total,fanduel,,,-112,-108,47.5
2026-09-03T19:28:50,2026-09-13,NFL,Indianapolis Colts,Baltimore Ravens,moneyline,betmgm,150,-185,,,
2026-09-03T19:28:50,2026-09-13,NFL,Indianapolis Colts,Baltimore Ravens,spread,betmgm,-115,-102,,,
2026-09-03T19:28:50,2026-09-13,NFL,Indianapolis Colts,Baltimore Ravens,total,betmgm,,,-108,-110,48.0
2026-09-03T19:28:50,2026-09-13,NFL,Houston Texans,Buffalo Bills,moneyline,draftkings,-102,-118,,,
2026-09-03T19:28:50,2026-09-13,NFL,Houston Texans,Buffalo Bills,spread,draftkings,-115,-105,,,
2026-09-03T19:28:50,2026-09-13,NFL,Houston Texans,Buffalo Bills,total,draftkings,,,-110,-110,44.5
2026-09-03T19:28:50,2026-09-13,NFL,Houston Texans,Buffalo Bills,moneyline,fanduel,-108,-108,,,
2026-09-03T19:28:50,2026-09-13,NFL,Houston Texans,Buffalo Bills,spread,fanduel,-122,100,,,
2026-09-03T19:28:50,2026-09-13,NFL,Houston Texans,Buffalo Bills,total,fanduel,,,-112,-108,44.5
2026-09-03T19:28:50,2026-09-13,NFL,Houston Texans,Buffalo Bills,moneyline,betmgm,-102,-118,,,
2026-09-03T19:28:50,2026-09-13,NFL,Houston Texans,Buffalo Bills,spread,betmgm,-110,-108,,,
2026-09-03T19:28:50,2026-09-13,NFL,Houston Texans,Buffalo Bills,total,betmgm,,,-110,-108,44.5
2026-09-03T19:28:50,2026-09-13,NFL,Carolina Panthers,Chicago Bears,moneyline,draftkings,130,-155,,,
2026-09-03T19:28:50,2026-09-13,NFL,Carolina Panthers,Chicago Bears,spread,draftkings,-102,-118,,,
2026-09-03T19:28:50,2026-09-13,NFL,Carolina Panthers,Chicago Bears,total,draftkings,,,-110,-110,47.5
2026-09-03T19:28:50,2026-09-13,NFL,Carolina Panthers,Chicago Bears,moneyline,fanduel,132,-156,,,
2026-09-03T19:28:50,2026-09-13,NFL,Carolina Panthers,Chicago Bears,spread,fanduel,102,-124,,,
2026-09-03T19:28:50,2026-09-13,NFL,Carolina Panthers,Chicago Bears,total,fanduel,,,-105,-115,47.5
2026-09-03T19:28:50,2026-09-13,NFL,Carolina Panthers,Chicago Bears,moneyline,betmgm,130,-160,,,
2026-09-03T19:28:50,2026-09-13,NFL,Carolina Panthers,Chicago Bears,spread,betmgm,-118,-102,,,
2026-09-03T19:28:50,2026-09-13,NFL,Carolina Panthers,Chicago Bears,total,betmgm,,,-105,-112,47.5
2026-09-03T19:28:50,2026-09-13,NFL,Cincinnati Bengals,Tampa Bay Buccaneers,moneyline,draftkings,-192,160,,,
2026-09-03T19:28:50,2026-09-13,NFL,Cincinnati Bengals,Tampa Bay Buccaneers,spread,draftkings,-115,-105,,,
2026-09-03T19:28:50,2026-09-13,NFL,Cincinnati Bengals,Tampa Bay Buccaneers,total,draftkings,,,-120,100,50.5
2026-09-03T19:28:50,2026-09-13,NFL,Cincinnati Bengals,Tampa Bay Buccaneers,moneyline,fanduel,-205,172,,,
2026-09-03T19:28:50,2026-09-13,NFL,Cincinnati Bengals,Tampa Bay Buccaneers,spread,fanduel,-115,-105,,,
2026-09-03T19:28:50,2026-09-13,NFL,Cincinnati Bengals,Tampa Bay Buccaneers,total,fanduel,,,-112,-108,50.5
2026-09-03T19:28:50,2026-09-13,NFL,Cincinnati Bengals,Tampa Bay Buccaneers,moneyline,betmgm,-210,165,,,
2026-09-03T19:28:50,2026-09-13,NFL,Cincinnati Bengals,Tampa Bay Buccaneers,spread,betmgm,-110,-108,,,
2026-09-03T19:28:50,2026-09-13,NFL,Cincinnati Bengals,Tampa Bay Buccaneers,total,betmgm,,,-112,-105,50.5
2026-09-03T19:28:50,2026-09-13,NFL,Jacksonville Jaguars,Cleveland Browns,moneyline,draftkings,-395,310,,,
2026-09-03T19:28:50,2026-09-13,NFL,Jacksonville Jaguars,Cleveland Browns,spread,draftkings,-110,-110,,,
2026-09-03T19:28:50,2026-09-13,NFL,Jacksonville Jaguars,Cleveland Browns,total,draftkings,,,-110,-110,40.5
2026-09-03T19:28:50,2026-09-13,NFL,Jacksonville Jaguars,Cleveland Browns,moneyline,fanduel,-400,315,,,
2026-09-03T19:28:50,2026-09-13,NFL,Jacksonville Jaguars,Cleveland Browns,spread,fanduel,-115,-105,,,
2026-09-03T19:28:50,2026-09-13,NFL,Jacksonville Jaguars,Cleveland Browns,total,fanduel,,,-110,-110,40.5
2026-09-03T19:28:50,2026-09-13,NFL,Jacksonville Jaguars,Cleveland Browns,moneyline,betmgm,-400,310,,,
2026-09-03T19:28:50,2026-09-13,NFL,Jacksonville Jaguars,Cleveland Browns,spread,betmgm,-115,-105,,,
2026-09-03T19:28:50,2026-09-13,NFL,Jacksonville Jaguars,Cleveland Browns,total,betmgm,,,-110,-108,40.5
2026-09-03T19:28:50,2026-09-13,NFL,Detroit Lions,New Orleans Saints,moneyline,draftkings,-305,245,,,
2026-09-03T19:28:50,2026-09-13,NFL,Detroit Lions,New Orleans Saints,spread,draftkings,-110,-110,,,
2026-09-03T19:28:50,2026-09-13,NFL,Detroit Lions,New Orleans Saints,total,draftkings,,,-115,-105,49.5
2026-09-03T19:28:50,2026-09-13,NFL,Detroit Lions,New Orleans Saints,moneyline,fanduel,-335,270,,,
2026-09-03T19:28:50,2026-09-13,NFL,Detroit Lions,New Orleans Saints,spread,fanduel,-122,100,,,
2026-09-03T19:28:50,2026-09-13,NFL,Detroit Lions,New Orleans Saints,total,fanduel,,,-115,-105,49.5
2026-09-03T19:28:50,2026-09-13,NFL,Detroit Lions,New Orleans Saints,moneyline,betmgm,-300,250,,,
2026-09-03T19:28:50,2026-09-13,NFL,Detroit Lions,New Orleans Saints,spread,betmgm,-108,-110,,,
2026-09-03T19:28:50,2026-09-13,NFL,Detroit Lions,New Orleans Saints,total,betmgm,,,-108,-110,50.0
2026-09-03T19:28:50,2026-09-13,NFL,Tennessee Titans,New York Jets,moneyline,draftkings,-130,110,,,
2026-09-03T19:28:50,2026-09-13,NFL,Tennessee Titans,New York Jets,spread,draftkings,-115,-105,,,
2026-09-03T19:28:50,2026-09-13,NFL,Tennessee Titans,New York Jets,total,draftkings,,,-115,-105,38.5
2026-09-03T19:28:50,2026-09-13,NFL,Tennessee Titans,New York Jets,moneyline,fanduel,-132,112,,,
2026-09-03T19:28:50,2026-09-13,NFL,Tennessee Titans,New York Jets,spread,fanduel,-105,-115,,,
2026-09-03T19:28:50,2026-09-13,NFL,Tennessee Titans,New York Jets,total,fanduel,,,-110,-110,39.5
2026-09-03T19:28:50,2026-09-13,NFL,Tennessee Titans,New York Jets,moneyline,betmgm,-130,110,,,
2026-09-03T19:28:50,2026-09-13,NFL,Tennessee Titans,New York Jets,spread,betmgm,-108,-110,,,
2026-09-03T19:28:50,2026-09-13,NFL,Tennessee Titans,New York Jets,total,betmgm,,,-105,-112,39.5
2026-09-03T19:28:50,2026-09-13,NFL,Los Angeles Chargers,Arizona Cardinals,moneyline,draftkings,-550,410,,,
2026-09-03T19:28:50,2026-09-13,NFL,Los Angeles Chargers,Arizona Cardinals,spread,draftkings,-110,-110,,,
2026-09-03T19:28:50,2026-09-13,NFL,Los Angeles Chargers,Arizona Cardinals,total,draftkings,,,-115,-105,46.5
2026-09-03T19:28:50,2026-09-13,NFL,Los Angeles Chargers,Arizona Cardinals,moneyline,fanduel,-590,430,,,
2026-09-03T19:28:50,2026-09-13,NFL,Los Angeles Chargers,Arizona Cardinals,spread,fanduel,-118,-104,,,
2026-09-03T19:28:50,2026-09-13,NFL,Los Angeles Chargers,Arizona Cardinals,total,fanduel,,,-102,-120,47.5
2026-09-03T19:28:50,2026-09-13,NFL,Los Angeles Chargers,Arizona Cardinals,moneyline,betmgm,-550,425,,,
2026-09-03T19:28:50,2026-09-13,NFL,Los Angeles Chargers,Arizona Cardinals,spread,betmgm,-108,-110,,,
2026-09-03T19:28:50,2026-09-13,NFL,Los Angeles Chargers,Arizona Cardinals,total,betmgm,,,-110,-108,47.0
2026-09-03T19:28:50,2026-09-13,NFL,Minnesota Vikings,Green Bay Packers,moneyline,draftkings,-118,-102,,,
2026-09-03T19:28:50,2026-09-13,NFL,Minnesota Vikings,Green Bay Packers,spread,draftkings,-102,-118,,,
2026-09-03T19:28:50,2026-09-13,NFL,Minnesota Vikings,Green Bay Packers,total,draftkings,,,-110,-110,45.5
2026-09-03T19:28:50,2026-09-13,NFL,Minnesota Vikings,Green Bay Packers,moneyline,fanduel,-118,100,,,
2026-09-03T19:28:50,2026-09-13,NFL,Minnesota Vikings,Green Bay Packers,spread,fanduel,-105,-115,,,
2026-09-03T19:28:50,2026-09-13,NFL,Minnesota Vikings,Green Bay Packers,total,fanduel,,,-110,-110,46.5
2026-09-03T19:28:50,2026-09-13,NFL,Minnesota Vikings,Green Bay Packers,moneyline,betmgm,-120,100,,,
2026-09-03T19:28:50,2026-09-13,NFL,Minnesota Vikings,Green Bay Packers,spread,betmgm,-108,-110,,,
2026-09-03T19:28:50,2026-09-13,NFL,Minnesota Vikings,Green Bay Packers,total,betmgm,,,-108,-110,46.5
2026-09-03T19:28:50,2026-09-13,NFL,Las Vegas Raiders,Miami Dolphins,moneyline,draftkings,-198,164,,,
2026-09-03T19:28:50,2026-09-13,NFL,Las Vegas Raiders,Miami Dolphins,spread,draftkings,-110,-110,,,
2026-09-03T19:28:50,2026-09-13,NFL,Las Vegas Raiders,Miami Dolphins,total,draftkings,,,-110,-110,40.5
2026-09-03T19:28:50,2026-09-13,NFL,Las Vegas Raiders,Miami Dolphins,moneyline,fanduel,-176,148,,,
2026-09-03T19:28:50,2026-09-13,NFL,Las Vegas Raiders,Miami Dolphins,spread,fanduel,-104,-118,,,
2026-09-03T19:28:50,2026-09-13,NFL,Las Vegas Raiders,Miami Dolphins,total,fanduel,,,-120,-102,39.5
2026-09-03T19:28:50,2026-09-13,NFL,Las Vegas Raiders,Miami Dolphins,moneyline,betmgm,-190,155,,,
2026-09-03T19:28:50,2026-09-13,NFL,Las Vegas Raiders,Miami Dolphins,spread,betmgm,-108,-110,,,
2026-09-03T19:28:50,2026-09-13,NFL,Las Vegas Raiders,Miami Dolphins,total,betmgm,,,-108,-110,40.5
2026-09-03T19:28:50,2026-09-13,NFL,Philadelphia Eagles,Washington Commanders,moneyline,draftkings,-218,180,,,
2026-09-03T19:28:50,2026-09-13,NFL,Philadelphia Eagles,Washington Commanders,spread,draftkings,-105,-115,,,
2026-09-03T19:28:50,2026-09-13,NFL,Philadelphia Eagles,Washington Commanders,total,draftkings,,,-108,-112,45.5
2026-09-03T19:28:50,2026-09-13,NFL,Philadelphia Eagles,Washington Commanders,moneyline,fanduel,-240,198,,,
2026-09-03T19:28:50,2026-09-13,NFL,Philadelphia Eagles,Washington Commanders,spread,fanduel,-105,-115,,,
2026-09-03T19:28:50,2026-09-13,NFL,Philadelphia Eagles,Washington Commanders,total,fanduel,,,-105,-115,45.5
2026-09-03T19:28:50,2026-09-13,NFL,Philadelphia Eagles,Washington Commanders,moneyline,betmgm,-235,190,,,
2026-09-03T19:28:50,2026-09-13,NFL,Philadelphia Eagles,Washington Commanders,spread,betmgm,-108,-110,,,
2026-09-03T19:28:50,2026-09-13,NFL,Philadelphia Eagles,Washington Commanders,total,betmgm,,,-108,-110,45.5
2026-09-03T19:28:50,2026-09-14,NFL,New York Giants,Dallas Cowboys,moneyline,draftkings,124,-148,,,
2026-09-03T19:28:50,2026-09-14,NFL,New York Giants,Dallas Cowboys,spread,draftkings,-105,-115,,,
2026-09-03T19:28:50,2026-09-14,NFL,New York Giants,Dallas Cowboys,total,draftkings,,,-110,-110,48.5
2026-09-03T19:28:50,2026-09-14,NFL,New York Giants,Dallas Cowboys,moneyline,fanduel,128,-152,,,
2026-09-03T19:28:50,2026-09-14,NFL,New York Giants,Dallas Cowboys,spread,fanduel,-102,-120,,,
2026-09-03T19:28:50,2026-09-14,NFL,New York Giants,Dallas Cowboys,total,fanduel,,,-110,-110,48.5
2026-09-03T19:28:50,2026-09-14,NFL,New York Giants,Dallas Cowboys,moneyline,betmgm,130,-155,,,
2026-09-03T19:28:50,2026-09-14,NFL,New York Giants,Dallas Cowboys,spread,betmgm,-115,-105,,,
2026-09-03T19:28:50,2026-09-14,NFL,New York Giants,Dallas Cowboys,total,betmgm,,,-108,-110,48.5
2026-09-03T19:28:50,2026-09-15,NFL,Kansas City Chiefs,Denver Broncos,moneyline,draftkings,-148,124,,,
2026-09-03T19:28:50,2026-09-15,NFL,Kansas City Chiefs,Denver Broncos,spread,draftkings,100,-120,,,
2026-09-03T19:28:50,2026-09-15,NFL,Kansas City Chiefs,Denver Broncos,total,draftkings,,,-110,-110,42.5
2026-09-03T19:28:50,2026-09-15,NFL,Kansas City Chiefs,Denver Broncos,moneyline,fanduel,-144,122,,,
2026-09-03T19:28:50,2026-09-15,NFL,Kansas City Chiefs,Denver Broncos,spread,fanduel,-115,-105,,,
2026-09-03T19:28:50,2026-09-15,NFL,Kansas City Chiefs,Denver Broncos,total,fanduel,,,-104,-118,43.5
2026-09-03T19:28:50,2026-09-15,NFL,Kansas City Chiefs,Denver Broncos,moneyline,betmgm,-145,120,,,
2026-09-03T19:28:50,2026-09-15,NFL,Kansas City Chiefs,Denver Broncos,spread,betmgm,-118,-102,,,
2026-09-03T19:28:50,2026-09-15,NFL,Kansas City Chiefs,Denver Broncos,total,betmgm,,,-105,-112,43.5
2026-09-03T19:28:50,2026-09-18,NFL,Buffalo Bills,Detroit Lions,moneyline,draftkings,-162,136,,,
2026-09-03T19:28:50,2026-09-18,NFL,Buffalo Bills,Detroit Lions,spread,draftkings,-110,-110,,,
2026-09-03T19:28:50,2026-09-18,NFL,Buffalo Bills,Detroit Lions,total,draftkings,,,-110,-110,52.5
2026-09-03T19:28:50,2026-09-20,NFL,Atlanta Falcons,Carolina Panthers,moneyline,draftkings,-125,105,,,
2026-09-03T19:28:50,2026-09-20,NFL,Atlanta Falcons,Carolina Panthers,spread,draftkings,-110,-110,,,
2026-09-03T19:28:50,2026-09-20,NFL,Atlanta Falcons,Carolina Panthers,total,draftkings,,,-102,-118,44.5
2026-09-03T19:28:50,2026-09-20,NFL,Baltimore Ravens,New Orleans Saints,moneyline,draftkings,-345,275,,,
2026-09-03T19:28:50,2026-09-20,NFL,Baltimore Ravens,New Orleans Saints,spread,draftkings,-110,-110,,,
2026-09-03T19:28:50,2026-09-20,NFL,Baltimore Ravens,New Orleans Saints,total,draftkings,,,-110,-110,46.5
2026-09-03T19:28:50,2026-09-20,NFL,Chicago Bears,Minnesota Vikings,moneyline,draftkings,-192,160,,,
2026-09-03T19:28:50,2026-09-20,NFL,Chicago Bears,Minnesota Vikings,spread,draftkings,-105,-115,,,
2026-09-03T19:28:50,2026-09-20,NFL,Chicago Bears,Minnesota Vikings,total,draftkings,,,-110,-110,45.5
2026-09-03T19:28:50,2026-09-20,NFL,Houston Texans,Cincinnati Bengals,moneyline,draftkings,-135,114,,,
2026-09-03T19:28:50,2026-09-20,NFL,Houston Texans,Cincinnati Bengals,spread,draftkings,-110,-110,,,
2026-09-03T19:28:50,2026-09-20,NFL,Houston Texans,Cincinnati Bengals,total,draftkings,,,-110,-110,46.5
2026-09-03T19:28:50,2026-09-20,NFL,Tampa Bay Buccaneers,Cleveland Browns,moneyline,draftkings,-285,230,,,
2026-09-03T19:28:50,2026-09-20,NFL,Tampa Bay Buccaneers,Cleveland Browns,spread,draftkings,-110,-110,,,
2026-09-03T19:28:50,2026-09-20,NFL,Tampa Bay Buccaneers,Cleveland Browns,total,draftkings,,,-110,-110,42.5
2026-09-03T19:28:50,2026-09-20,NFL,New York Jets,Green Bay Packers,moneyline,draftkings,200,-245,,,
2026-09-03T19:28:50,2026-09-20,NFL,New York Jets,Green Bay Packers,spread,draftkings,-110,-110,,,
2026-09-03T19:28:50,2026-09-20,NFL,New York Jets,Green Bay Packers,total,draftkings,,,-110,-110,42.5
2026-09-03T19:28:50,2026-09-20,NFL,New England Patriots,Pittsburgh Steelers,moneyline,draftkings,-218,180,,,
2026-09-03T19:28:50,2026-09-20,NFL,New England Patriots,Pittsburgh Steelers,spread,draftkings,-110,-110,,,
2026-09-03T19:28:50,2026-09-20,NFL,New England Patriots,Pittsburgh Steelers,total,draftkings,,,-110,-110,43.5
2026-09-03T19:28:50,2026-09-20,NFL,Tennessee Titans,Philadelphia Eagles,moneyline,draftkings,180,-218,,,
2026-09-03T19:28:50,2026-09-20,NFL,Tennessee Titans,Philadelphia Eagles,spread,draftkings,-110,-110,,,
2026-09-03T19:28:50,2026-09-20,NFL,Tennessee Titans,Philadelphia Eagles,total,draftkings,,,-110,-110,42.5
2026-09-03T19:28:50,2026-09-20,NFL,Denver Broncos,Jacksonville Jaguars,moneyline,draftkings,-155,130,,,
2026-09-03T19:28:50,2026-09-20,NFL,Denver Broncos,Jacksonville Jaguars,spread,draftkings,-110,-110,,,
2026-09-03T19:28:50,2026-09-20,NFL,Denver Broncos,Jacksonville Jaguars,total,draftkings,,,-110,-110,43.5
2026-09-03T19:28:50,2026-09-20,NFL,Los Angeles Chargers,Las Vegas Raiders,moneyline,draftkings,-360,285,,,
2026-09-03T19:28:50,2026-09-20,NFL,Los Angeles Chargers,Las Vegas Raiders,spread,draftkings,-110,-110,,,
2026-09-03T19:28:50,2026-09-20,NFL,Los Angeles Chargers,Las Vegas Raiders,total,draftkings,,,-110,-110,42.5
2026-09-03T19:28:50,2026-09-20,NFL,Arizona Cardinals,Seattle Seahawks,moneyline,draftkings,400,-535,,,
2026-09-03T19:28:50,2026-09-20,NFL,Arizona Cardinals,Seattle Seahawks,spread,draftkings,-110,-110,,,
2026-09-03T19:28:50,2026-09-20,NFL,Arizona Cardinals,Seattle Seahawks,total,draftkings,,,-110,-110,44.5
2026-09-03T19:28:50,2026-09-20,NFL,Dallas Cowboys,Washington Commanders,moneyline,draftkings,-205,170,,,
2026-09-03T19:28:50,2026-09-20,NFL,Dallas Cowboys,Washington Commanders,spread,draftkings,-105,-115,,,
2026-09-03T19:28:50,2026-09-20,NFL,Dallas Cowboys,Washington Commanders,total,draftkings,,,-110,-110,51.5
2026-09-03T19:28:50,2026-09-20,NFL,San Francisco 49ers,Miami Dolphins,moneyline,draftkings,-675,490,,,
2026-09-03T19:28:50,2026-09-20,NFL,San Francisco 49ers,Miami Dolphins,spread,draftkings,-110,-110,,,
2026-09-03T19:28:50,2026-09-20,NFL,San Francisco 49ers,Miami Dolphins,total,draftkings,,,-110,-110,46.5
2026-09-03T19:28:50,2026-09-21,NFL,Kansas City Chiefs,Indianapolis Colts,moneyline,draftkings,-340,270,,,
2026-09-03T19:28:50,2026-09-21,NFL,Kansas City Chiefs,Indianapolis Colts,spread,draftkings,-110,-110,,,
2026-09-03T19:28:50,2026-09-21,NFL,Kansas City Chiefs,Indianapolis Colts,total,draftkings,,,-110,-110,47.5
2026-09-03T19:28:50,2026-09-22,NFL,Los Angeles Rams,New York Giants,moneyline,draftkings,-380,300,,,
2026-09-03T19:28:50,2026-09-22,NFL,Los Angeles Rams,New York Giants,spread,draftkings,-110,-110,,,
2026-09-03T19:28:50,2026-09-22,NFL,Los Angeles Rams,New York Giants,total,draftkings,,,-110,-110,48.5
2026-09-03T19:28:50,2026-09-25,NFL,Green Bay Packers,Atlanta Falcons,moneyline,draftkings,-375,295,,,
2026-09-03T19:28:50,2026-09-25,NFL,Green Bay Packers,Atlanta Falcons,spread,draftkings,-110,-110,,,
2026-09-03T19:28:50,2026-09-25,NFL,Green Bay Packers,Atlanta Falcons,total,draftkings,,,-110,-110,46.5
2026-09-03T19:28:50,2026-09-27,NFL,Buffalo Bills,Los Angeles Chargers,moneyline,draftkings,-162,136,,,
2026-09-03T19:28:50,2026-09-27,NFL,Buffalo Bills,Los Angeles Chargers,spread,draftkings,-110,-110,,,
2026-09-03T19:28:50,2026-09-27,NFL,Buffalo Bills,Los Angeles Chargers,total,draftkings,,,-110,-110,48.5
2026-09-03T19:28:50,2026-09-27,NFL,Cleveland Browns,Carolina Panthers,moneyline,draftkings,102,-122,,,
2026-09-03T19:28:50,2026-09-27,NFL,Cleveland Browns,Carolina Panthers,spread,draftkings,-110,-110,,,
2026-09-03T19:28:50,2026-09-27,NFL,Cleveland Browns,Carolina Panthers,total,draftkings,,,-110,-110,39.5
2026-09-03T19:28:50,2026-09-27,NFL,Pittsburgh Steelers,Cincinnati Bengals,moneyline,draftkings,105,-125,,,
2026-09-03T19:28:50,2026-09-27,NFL,Pittsburgh Steelers,Cincinnati Bengals,spread,draftkings,-110,-110,,,
2026-09-03T19:28:50,2026-09-27,NFL,Pittsburgh Steelers,Cincinnati Bengals,total,draftkings,,,-118,-102,46.5
2026-09-03T19:28:50,2026-09-27,NFL,Detroit Lions,New York Jets,moneyline,draftkings,-425,330,,,
2026-09-03T19:28:50,2026-09-27,NFL,Detroit Lions,New York Jets,spread,draftkings,-110,-110,,,
2026-09-03T19:28:50,2026-09-27,NFL,Detroit Lions,New York Jets,total,draftkings,,,-110,-110,45.5
2026-09-03T19:28:50,2026-09-27,NFL,Indianapolis Colts,Houston Texans,moneyline,draftkings,105,-125,,,
2026-09-03T19:28:50,2026-09-27,NFL,Indianapolis Colts,Houston Texans,spread,draftkings,-110,-110,,,
2026-09-03T19:28:50,2026-09-27,NFL,Indianapolis Colts,Houston Texans,total,draftkings,,,-110,-110,45.5
2026-09-03T19:28:50,2026-09-27,NFL,Jacksonville Jaguars,New England Patriots,moneyline,draftkings,-118,-102,,,
2026-09-03T19:28:50,2026-09-27,NFL,Jacksonville Jaguars,New England Patriots,spread,draftkings,-105,-115,,,
2026-09-03T19:28:50,2026-09-27,NFL,Jacksonville Jaguars,New England Patriots,total,draftkings,,,-110,-110,45.5
2026-09-03T19:28:50,2026-09-27,NFL,Miami Dolphins,Kansas City Chiefs,moneyline,draftkings,340,-440,,,
2026-09-03T19:28:50,2026-09-27,NFL,Miami Dolphins,Kansas City Chiefs,spread,draftkings,-110,-110,,,
2026-09-03T19:28:50,2026-09-27,NFL,Miami Dolphins,Kansas City Chiefs,total,draftkings,,,-110,-110,44.5
2026-09-03T19:28:50,2026-09-27,NFL,New York Giants,Tennessee Titans,moneyline,draftkings,-166,140,,,
2026-09-03T19:28:50,2026-09-27,NFL,New York Giants,Tennessee Titans,spread,draftkings,-115,-105,,,
2026-09-03T19:28:50,2026-09-27,NFL,New York Giants,Tennessee Titans,total,draftkings,,,-110,-110,44.5
2026-09-03T19:28:50,2026-09-27,NFL,Washington Commanders,Seattle Seahawks,moneyline,draftkings,154,-185,,,
2026-09-03T19:28:50,2026-09-27,NFL,Washington Commanders,Seattle Seahawks,spread,draftkings,-110,-110,,,
2026-09-03T19:28:50,2026-09-27,NFL,Washington Commanders,Seattle Seahawks,total,draftkings,,,-110,-110,46.5
2026-09-03T19:28:50,2026-09-27,NFL,San Francisco 49ers,Arizona Cardinals,moneyline,draftkings,-675,490,,,
2026-09-03T19:28:50,2026-09-27,NFL,San Francisco 49ers,Arizona Cardinals,spread,draftkings,-110,-110,,,
2026-09-03T19:28:50,2026-09-27,NFL,San Francisco 49ers,Arizona Cardinals,total,draftkings,,,-110,-110,46.5
2026-09-03T19:28:50,2026-09-27,NFL,Tampa Bay Buccaneers,Minnesota Vikings,moneyline,draftkings,-125,105,,,
2026-09-03T19:28:50,2026-09-27,NFL,Tampa Bay Buccaneers,Minnesota Vikings,spread,draftkings,-110,-110,,,
2026-09-03T19:28:50,2026-09-27,NFL,Tampa Bay Buccaneers,Minnesota Vikings,total,draftkings,,,-110,-110,44.5
2026-09-03T19:28:50,2026-09-27,NFL,Dallas Cowboys,Baltimore Ravens,moneyline,draftkings,114,-135,,,
2026-09-03T19:28:50,2026-09-27,NFL,Dallas Cowboys,Baltimore Ravens,spread,draftkings,-110,-110,,,
2026-09-03T19:28:50,2026-09-27,NFL,Dallas Cowboys,Baltimore Ravens,total,draftkings,,,-110,-110,51.5
2026-09-03T19:28:50,2026-09-27,NFL,New Orleans Saints,Las Vegas Raiders,moneyline,draftkings,-192,160,,,
2026-09-03T19:28:50,2026-09-27,NFL,New Orleans Saints,Las Vegas Raiders,spread,draftkings,-110,-110,,,
2026-09-03T19:28:50,2026-09-27,NFL,New Orleans Saints,Las Vegas Raiders,total,draftkings,,,-110,-110,42.5
2026-09-03T19:28:50,2026-09-28,NFL,Denver Broncos,Los Angeles Rams,moneyline,draftkings,130,-155,,,
2026-09-03T19:28:50,2026-09-28,NFL,Denver Broncos,Los Angeles Rams,spread,draftkings,-110,-110,,,
2026-09-03T19:28:50,2026-09-28,NFL,Denver Broncos,Los Angeles Rams,total,draftkings,,,-110,-110,45.5
2026-09-03T19:28:50,2026-09-29,NFL,Chicago Bears,Philadelphia Eagles,moneyline,draftkings,-118,-102,,,
2026-09-03T19:28:50,2026-09-29,NFL,Chicago Bears,Philadelphia Eagles,spread,draftkings,-105,-115,,,
2026-09-03T19:28:50,2026-09-29,NFL,Chicago Bears,Philadelphia Eagles,total,draftkings,,,-110,-110,46.5
2026-09-03T19:28:50,2026-10-02,NFL,Cleveland Browns,Pittsburgh Steelers,moneyline,draftkings,114,-135,,,
2026-09-03T19:28:50,2026-10-02,NFL,Cleveland Browns,Pittsburgh Steelers,spread,draftkings,-110,-110,,,
2026-09-03T19:28:50,2026-10-02,NFL,Cleveland Browns,Pittsburgh Steelers,total,draftkings,,,-110,-110,40.5
2026-09-03T19:28:50,2026-10-04,NFL,Washington Commanders,Indianapolis Colts,moneyline,draftkings,-118,-102,,,
2026-09-03T19:28:50,2026-10-04,NFL,Washington Commanders,Indianapolis Colts,spread,draftkings,-105,-115,,,
2026-09-03T19:28:50,2026-10-04,NFL,Washington Commanders,Indianapolis Colts,total,draftkings,,,-110,-110,50.5
2026-09-03T19:28:50,2026-10-04,NFL,Washington Commanders,Indianapolis Colts,moneyline,fanduel,-102,-116,,,
2026-09-03T19:28:50,2026-10-04,NFL,Washington Commanders,Indianapolis Colts,spread,fanduel,-115,-105,,,
2026-09-03T19:28:50,2026-10-04,NFL,Washington Commanders,Indianapolis Colts,total,fanduel,,,-110,-110,49.5
2026-09-03T19:28:50,2026-10-04,NFL,New York Giants,Arizona Cardinals,moneyline,draftkings,-325,260,,,
2026-09-03T19:28:50,2026-10-04,NFL,New York Giants,Arizona Cardinals,spread,draftkings,-110,-110,,,
2026-09-03T19:28:50,2026-10-04,NFL,New York Giants,Arizona Cardinals,total,draftkings,,,-110,-110,45.5
2026-09-03T19:28:50,2026-10-04,NFL,Baltimore Ravens,Tennessee Titans,moneyline,draftkings,-395,310,,,
2026-09-03T19:28:50,2026-10-04,NFL,Baltimore Ravens,Tennessee Titans,spread,draftkings,-110,-110,,,
2026-09-03T19:28:50,2026-10-04,NFL,Baltimore Ravens,Tennessee Titans,total,draftkings,,,-110,-110,47.5
2026-09-03T19:28:50,2026-10-04,NFL,Buffalo Bills,New England Patriots,moneyline,draftkings,-166,140,,,
2026-09-03T19:28:50,2026-10-04,NFL,Buffalo Bills,New England Patriots,spread,draftkings,-110,-110,,,
2026-09-03T19:28:50,2026-10-04,NFL,Buffalo Bills,New England Patriots,total,draftkings,,,-110,-110,49.5
2026-09-03T19:28:50,2026-10-04,NFL,Chicago Bears,New York Jets,moneyline,draftkings,-425,330,,,
2026-09-03T19:28:50,2026-10-04,NFL,Chicago Bears,New York Jets,spread,draftkings,-110,-110,,,
2026-09-03T19:28:50,2026-10-04,NFL,Chicago Bears,New York Jets,total,draftkings,,,-110,-110,45.5
2026-09-03T19:28:50,2026-10-04,NFL,Cincinnati Bengals,Jacksonville Jaguars,moneyline,draftkings,-135,114,,,
2026-09-03T19:28:50,2026-10-04,NFL,Cincinnati Bengals,Jacksonville Jaguars,spread,draftkings,-110,-110,,,
2026-09-03T19:28:50,2026-10-04,NFL,Cincinnati Bengals,Jacksonville Jaguars,total,draftkings,,,-110,-110,51.5
2026-09-03T19:28:50,2026-10-04,NFL,Houston Texans,Dallas Cowboys,moneyline,draftkings,-135,114,,,
2026-09-03T19:28:50,2026-10-04,NFL,Houston Texans,Dallas Cowboys,spread,draftkings,-110,-110,,,
2026-09-03T19:28:50,2026-10-04,NFL,Houston Texans,Dallas Cowboys,total,draftkings,,,-110,-110,47.5
2026-09-03T19:28:50,2026-10-04,NFL,Tampa Bay Buccaneers,Green Bay Packers,moneyline,draftkings,105,-125,,,
2026-09-03T19:28:50,2026-10-04,NFL,Tampa Bay Buccaneers,Green Bay Packers,spread,draftkings,-110,-110,,,
2026-09-03T19:28:50,2026-10-04,NFL,Tampa Bay Buccaneers,Green Bay Packers,total,draftkings,,,-110,-110,47.5
2026-09-03T19:28:50,2026-10-04,NFL,Philadelphia Eagles,Los Angeles Rams,moneyline,draftkings,105,-125,,,
2026-09-03T19:28:50,2026-10-04,NFL,Philadelphia Eagles,Los Angeles Rams,spread,draftkings,-110,-110,,,
2026-09-03T19:28:50,2026-10-04,NFL,Philadelphia Eagles,Los Angeles Rams,total,draftkings,,,-110,-110,47.5
2026-09-03T19:28:50,2026-10-04,NFL,Minnesota Vikings,Miami Dolphins,moneyline,draftkings,-410,320,,,
2026-09-03T19:28:50,2026-10-04,NFL,Minnesota Vikings,Miami Dolphins,spread,draftkings,-110,-110,,,
2026-09-03T19:28:50,2026-10-04,NFL,Minnesota Vikings,Miami Dolphins,total,draftkings,,,-110,-110,43.5
2026-09-03T19:28:50,2026-10-04,NFL,San Francisco 49ers,Denver Broncos,moneyline,draftkings,-142,120,,,
2026-09-03T19:28:50,2026-10-04,NFL,San Francisco 49ers,Denver Broncos,spread,draftkings,-110,-110,,,
2026-09-03T19:28:50,2026-10-04,NFL,San Francisco 49ers,Denver Broncos,total,draftkings,,,-110,-110,46.5
2026-09-03T19:28:50,2026-10-04,NFL,Las Vegas Raiders,Kansas City Chiefs,moneyline,draftkings,205,-250,,,
2026-09-03T19:28:50,2026-10-04,NFL,Las Vegas Raiders,Kansas City Chiefs,spread,draftkings,-110,-110,,,
2026-09-03T19:28:50,2026-10-04,NFL,Las Vegas Raiders,Kansas City Chiefs,total,draftkings,,,-110,-110,43.5
2026-09-03T19:28:50,2026-10-04,NFL,Seattle Seahawks,Los Angeles Chargers,moneyline,draftkings,-175,145,,,
2026-09-03T19:28:50,2026-10-04,NFL,Seattle Seahawks,Los Angeles Chargers,spread,draftkings,-115,-105,,,
2026-09-03T19:28:50,2026-10-04,NFL,Seattle Seahawks,Los Angeles Chargers,total,draftkings,,,-110,-110,45.5
2026-09-03T19:28:50,2026-10-05,NFL,Carolina Panthers,Detroit Lions,moneyline,draftkings,136,-162,,,
2026-09-03T19:28:50,2026-10-05,NFL,Carolina Panthers,Detroit Lions,spread,draftkings,-110,-110,,,
2026-09-03T19:28:50,2026-10-05,NFL,Carolina Panthers,Detroit Lions,total,draftkings,,,-110,-110,47.5
2026-09-03T19:28:50,2026-10-06,NFL,New Orleans Saints,Atlanta Falcons,moneyline,draftkings,-135,114,,,
2026-09-03T19:28:50,2026-10-06,NFL,New Orleans Saints,Atlanta Falcons,spread,draftkings,-110,-110,,,
2026-09-03T19:28:50,2026-10-06,NFL,New Orleans Saints,Atlanta Falcons,total,draftkings,,,-115,-105,45.5
2026-09-03T19:28:50,2026-10-09,NFL,Dallas Cowboys,Tampa Bay Buccaneers,moneyline,draftkings,-205,170,,,
2026-09-03T19:28:50,2026-10-09,NFL,Dallas Cowboys,Tampa Bay Buccaneers,spread,draftkings,-110,-110,,,
2026-09-03T19:28:50,2026-10-09,NFL,Dallas Cowboys,Tampa Bay Buccaneers,total,draftkings,,,-110,-110,52.5
2026-09-03T19:28:50,2026-10-11,NFL,Jacksonville Jaguars,Philadelphia Eagles,moneyline,draftkings,105,-125,,,
2026-09-03T19:28:50,2026-10-11,NFL,Jacksonville Jaguars,Philadelphia Eagles,spread,draftkings,-110,-110,,,
2026-09-03T19:28:50,2026-10-11,NFL,Jacksonville Jaguars,Philadelphia Eagles,total,draftkings,,,-110,-110,45.5
2026-09-03T19:28:50,2026-10-11,NFL,Jacksonville Jaguars,Philadelphia Eagles,moneyline,fanduel,102,-120,,,
2026-09-03T19:28:50,2026-10-11,NFL,Jacksonville Jaguars,Philadelphia Eagles,spread,fanduel,-112,-108,,,
2026-09-03T19:28:50,2026-10-11,NFL,Jacksonville Jaguars,Philadelphia Eagles,total,fanduel,,,-104,-118,44.5
2026-09-03T19:28:50,2026-10-11,NFL,Miami Dolphins,Cincinnati Bengals,moneyline,draftkings,225,-278,,,
2026-09-03T19:28:50,2026-10-11,NFL,Miami Dolphins,Cincinnati Bengals,spread,draftkings,-110,-110,,,
2026-09-03T19:28:50,2026-10-11,NFL,Miami Dolphins,Cincinnati Bengals,total,draftkings,,,-110,-110,49.5
2026-09-03T19:28:50,2026-10-11,NFL,New York Jets,Cleveland Browns,moneyline,draftkings,-130,110,,,
2026-09-03T19:28:50,2026-10-11,NFL,New York Jets,Cleveland Browns,spread,draftkings,-115,-105,,,
2026-09-03T19:28:50,2026-10-11,NFL,New York Jets,Cleveland Browns,total,draftkings,,,-110,-110,39.5
2026-09-03T19:28:50,2026-10-11,NFL,Tennessee Titans,Houston Texans,moneyline,draftkings,154,-185,,,
2026-09-03T19:28:50,2026-10-11,NFL,Tennessee Titans,Houston Texans,spread,draftkings,-110,-110,,,
2026-09-03T19:28:50,2026-10-11,NFL,Tennessee Titans,Houston Texans,total,draftkings,,,-110,-110,43.5
2026-09-03T19:28:50,2026-10-11,NFL,Pittsburgh Steelers,Indianapolis Colts,moneyline,draftkings,-142,120,,,
2026-09-03T19:28:50,2026-10-11,NFL,Pittsburgh Steelers,Indianapolis Colts,spread,draftkings,-110,-110,,,
2026-09-03T19:28:50,2026-10-11,NFL,Pittsburgh Steelers,Indianapolis Colts,total,draftkings,,,-110,-110,47.5
2026-09-03T19:28:50,2026-10-11,NFL,New England Patriots,Las Vegas Raiders,moneyline,draftkings,-395,310,,,
2026-09-03T19:28:50,2026-10-11,NFL,New England Patriots,Las Vegas Raiders,spread,draftkings,-110,-110,,,
2026-09-03T19:28:50,2026-10-11,NFL,New England Patriots,Las Vegas Raiders,total,draftkings,,,-110,-110,44.5
2026-09-03T19:28:50,2026-10-11,NFL,New Orleans Saints,Minnesota Vikings,moneyline,draftkings,105,-125,,,
2026-09-03T19:28:50,2026-10-11,NFL,New Orleans Saints,Minnesota Vikings,spread,draftkings,-110,-110,,,
2026-09-03T19:28:50,2026-10-11,NFL,New Orleans Saints,Minnesota Vikings,total,draftkings,,,-110,-110,44.5
2026-09-03T19:28:50,2026-10-11,NFL,Washington Commanders,New York Giants,moneyline,draftkings,-130,110,,,
2026-09-03T19:28:50,2026-10-11,NFL,Washington Commanders,New York Giants,spread,draftkings,-115,-105,,,
2026-09-03T19:28:50,2026-10-11,NFL,Washington Commanders,New York Giants,total,draftkings,,,-110,-110,48.5
2026-09-03T19:28:50,2026-10-11,NFL,Los Angeles Chargers,Denver Broncos,moneyline,draftkings,-135,114,,,
2026-09-03T19:28:50,2026-10-11,NFL,Los Angeles Chargers,Denver Broncos,spread,draftkings,-110,-110,,,
2026-09-03T19:28:50,2026-10-11,NFL,Los Angeles Chargers,Denver Broncos,total,draftkings,,,-110,-110,44.5
2026-09-03T19:28:50,2026-10-11,NFL,Arizona Cardinals,Detroit Lions,moneyline,draftkings,300,-380,,,
2026-09-03T19:28:50,2026-10-11,NFL,Arizona Cardinals,Detroit Lions,spread,draftkings,-110,-110,,,
2026-09-03T19:28:50,2026-10-11,NFL,Arizona Cardinals,Detroit Lions,total,draftkings,,,-110,-110,48.5
2026-09-03T19:28:50,2026-10-11,NFL,Green Bay Packers,Chicago Bears,moneyline,draftkings,-166,140,,,
2026-09-03T19:28:50,2026-10-11,NFL,Green Bay Packers,Chicago Bears,spread,draftkings,-110,-110,,,
2026-09-03T19:28:50,2026-10-11,NFL,Green Bay Packers,Chicago Bears,total,draftkings,,,-110,-110,49.5
2026-09-03T19:28:50,2026-10-11,NFL,Seattle Seahawks,San Francisco 49ers,moneyline,draftkings,-205,170,,,
2026-09-03T19:28:50,2026-10-11,NFL,Seattle Seahawks,San Francisco 49ers,spread,draftkings,-110,-110,,,
2026-09-03T19:28:50,2026-10-11,NFL,Seattle Seahawks,San Francisco 49ers,total,draftkings,,,-110,-110,48.5
2026-09-03T19:28:50,2026-10-12,NFL,Atlanta Falcons,Baltimore Ravens,moneyline,draftkings,170,-205,,,
2026-09-03T19:28:50,2026-10-12,NFL,Atlanta Falcons,Baltimore Ravens,spread,draftkings,-110,-110,,,
2026-09-03T19:28:50,2026-10-12,NFL,Atlanta Falcons,Baltimore Ravens,total,draftkings,,,-110,-110,48.5
2026-09-03T19:28:50,2026-10-13,NFL,Los Angeles Rams,Buffalo Bills,moneyline,draftkings,-166,140,,,
2026-09-03T19:28:50,2026-10-13,NFL,Los Angeles Rams,Buffalo Bills,spread,draftkings,-110,-110,,,
2026-09-03T19:28:50,2026-10-13,NFL,Los Angeles Rams,Buffalo Bills,total,draftkings,,,-110,-110,53.5
2026-09-03T19:28:50,2026-10-16,NFL,Denver Broncos,Seattle Seahawks,moneyline,draftkings,110,-130,,,
2026-09-03T19:28:50,2026-10-16,NFL,Denver Broncos,Seattle Seahawks,spread,draftkings,-115,-105,,,
2026-09-03T19:28:50,2026-10-16,NFL,Denver Broncos,Seattle Seahawks,total,draftkings,,,-110,-110,43.5
2026-09-03T19:28:50,2026-10-18,NFL,Jacksonville Jaguars,Houston Texans,moneyline,draftkings,-112,-108,,,
2026-09-03T19:28:50,2026-10-18,NFL,Jacksonville Jaguars,Houston Texans,spread,draftkings,102,-122,,,
2026-09-03T19:28:50,2026-10-18,NFL,Jacksonville Jaguars,Houston Texans,total,draftkings,,,-110,-110,42.5
2026-09-03T19:28:50,2026-10-18,NFL,Jacksonville Jaguars,Houston Texans,moneyline,fanduel,-104,-112,,,
2026-09-03T19:28:50,2026-10-18,NFL,Jacksonville Jaguars,Houston Texans,spread,fanduel,-118,-104,,,
2026-09-03T19:28:50,2026-10-18,NFL,Jacksonville Jaguars,Houston Texans,total,fanduel,,,-115,-105,40.5
2026-09-03T19:28:50,2026-10-18,NFL,Atlanta Falcons,Chicago Bears,moneyline,draftkings,130,-155,,,
2026-09-03T19:28:50,2026-10-18,NFL,Atlanta Falcons,Chicago Bears,spread,draftkings,-110,-110,,,
2026-09-03T19:28:50,2026-10-18,NFL,Atlanta Falcons,Chicago Bears,total,draftkings,,,-110,-110,47.5
2026-09-03T19:28:50,2026-10-18,NFL,Cleveland Browns,Baltimore Ravens,moneyline,draftkings,205,-250,,,
2026-09-03T19:28:50,2026-10-18,NFL,Cleveland Browns,Baltimore Ravens,spread,draftkings,-110,-110,,,
2026-09-03T19:28:50,2026-10-18,NFL,Cleveland Browns,Baltimore Ravens,total,draftkings,,,-110,-110,44.5
2026-09-03T19:28:50,2026-10-18,NFL,Philadelphia Eagles,Carolina Panthers,moneyline,draftkings,-278,225,,,
2026-09-03T19:28:50,2026-10-18,NFL,Philadelphia Eagles,Carolina Panthers,spread,draftkings,-110,-110,,,
2026-09-03T19:28:50,2026-10-18,NFL,Philadelphia Eagles,Carolina Panthers,total,draftkings,,,-110,-110,43.5
2026-09-03T19:28:50,2026-10-18,NFL,Indianapolis Colts,Tennessee Titans,moneyline,draftkings,-192,160,,,
2026-09-03T19:28:50,2026-10-18,NFL,Indianapolis Colts,Tennessee Titans,spread,draftkings,-110,-110,,,
2026-09-03T19:28:50,2026-10-18,NFL,Indianapolis Colts,Tennessee Titans,total,draftkings,,,-110,-110,47.5
2026-09-03T19:28:50,2026-10-18,NFL,New England Patriots,New York Jets,moneyline,draftkings,-455,350,,,
2026-09-03T19:28:50,2026-10-18,NFL,New England Patriots,New York Jets,spread,draftkings,-110,-110,,,
2026-09-03T19:28:50,2026-10-18,NFL,New England Patriots,New York Jets,total,draftkings,,,-110,-110,42.5
2026-09-03T19:28:50,2026-10-18,NFL,New York Giants,New Orleans Saints,moneyline,draftkings,-142,120,,,
2026-09-03T19:28:50,2026-10-18,NFL,New York Giants,New Orleans Saints,spread,draftkings,-110,-110,,,
2026-09-03T19:28:50,2026-10-18,NFL,New York Giants,New Orleans Saints,total,draftkings,,,-110,-110,44.5
2026-09-03T19:28:50,2026-10-18,NFL,Tampa Bay Buccaneers,Pittsburgh Steelers,moneyline,draftkings,-125,105,,,
2026-09-03T19:28:50,2026-10-18,NFL,Tampa Bay Buccaneers,Pittsburgh Steelers,spread,draftkings,-110,-110,,,
2026-09-03T19:28:50,2026-10-18,NFL,Tampa Bay Buccaneers,Pittsburgh Steelers,total,draftkings,,,-110,-110,45.5
2026-09-03T19:28:50,2026-10-18,NFL,Los Angeles Rams,Arizona Cardinals,moneyline,draftkings,-800,550,,,
2026-09-03T19:28:50,2026-10-18,NFL,Los Angeles Rams,Arizona Cardinals,spread,draftkings,-112,-108,,,
2026-09-03T19:28:50,2026-10-18,NFL,Los Angeles Rams,Arizona Cardinals,total,draftkings,,,-110,-110,47.5
2026-09-03T19:28:50,2026-10-18,NFL,Las Vegas Raiders,Buffalo Bills,moneyline,draftkings,215,-265,,,
2026-09-03T19:28:50,2026-10-18,NFL,Las Vegas Raiders,Buffalo Bills,spread,draftkings,-110,-110,,,
2026-09-03T19:28:50,2026-10-18,NFL,Las Vegas Raiders,Buffalo Bills,total,draftkings,,,-110,-110,47.5
2026-09-03T19:28:50,2026-10-18,NFL,Kansas City Chiefs,Los Angeles Chargers,moneyline,draftkings,-142,120,,,
2026-09-03T19:28:50,2026-10-18,NFL,Kansas City Chiefs,Los Angeles Chargers,spread,draftkings,-110,-110,,,
2026-09-03T19:28:50,2026-10-18,NFL,Kansas City Chiefs,Los Angeles Chargers,total,draftkings,,,-110,-110,46.5
2026-09-03T19:28:50,2026-10-19,NFL,Green Bay Packers,Dallas Cowboys,moneyline,draftkings,-166,140,,,
2026-09-03T19:28:50,2026-10-19,NFL,Green Bay Packers,Dallas Cowboys,spread,draftkings,-110,-110,,,
2026-09-03T19:28:50,2026-10-19,NFL,Green Bay Packers,Dallas Cowboys,total,draftkings,,,-110,-110,51.5
2026-09-03T19:28:50,2026-10-20,NFL,San Francisco 49ers,Washington Commanders,moneyline,draftkings,-250,205,,,
2026-09-03T19:28:50,2026-10-20,NFL,San Francisco 49ers,Washington Commanders,spread,draftkings,-110,-110,,,
2026-09-03T19:28:50,2026-10-20,NFL,San Francisco 49ers,Washington Commanders,total,draftkings,,,-110,-110,50.5
2026-09-03T19:28:50,2026-10-23,NFL,Chicago Bears,New England Patriots,moneyline,draftkings,-125,105,,,
2026-09-03T19:28:50,2026-10-23,NFL,Chicago Bears,New England Patriots,spread,draftkings,-110,-110,,,
2026-09-03T19:28:50,2026-10-23,NFL,Chicago Bears,New England Patriots,total,draftkings,,,-110,-110,47.5
2026-09-03T19:28:50,2026-10-25,NFL,New Orleans Saints,Pittsburgh Steelers,moneyline,draftkings,120,-142,,,
2026-09-03T19:28:50,2026-10-25,NFL,New Orleans Saints,Pittsburgh Steelers,spread,draftkings,-110,-110,,,
2026-09-03T19:28:50,2026-10-25,NFL,New Orleans Saints,Pittsburgh Steelers,total,draftkings,,,-110,-110,42.5
2026-09-03T19:28:50,2026-10-25,NFL,New Orleans Saints,Pittsburgh Steelers,moneyline,fanduel,110,-130,,,
2026-09-03T19:28:50,2026-10-25,NFL,New Orleans Saints,Pittsburgh Steelers,spread,fanduel,-105,-115,,,
2026-09-03T19:28:50,2026-10-25,NFL,New Orleans Saints,Pittsburgh Steelers,total,fanduel,,,-118,-104,40.5
2026-09-03T19:28:50,2026-10-25,NFL,Atlanta Falcons,San Francisco 49ers,moneyline,draftkings,180,-218,,,
2026-09-03T19:28:50,2026-10-25,NFL,Atlanta Falcons,San Francisco 49ers,spread,draftkings,-110,-110,,,
2026-09-03T19:28:50,2026-10-25,NFL,Atlanta Falcons,San Francisco 49ers,total,draftkings,,,-110,-110,47.5
2026-09-03T19:28:50,2026-10-25,NFL,Baltimore Ravens,Cincinnati Bengals,moneyline,draftkings,-185,154,,,
2026-09-03T19:28:50,2026-10-25,NFL,Baltimore Ravens,Cincinnati Bengals,spread,draftkings,-110,-110,,,
2026-09-03T19:28:50,2026-10-25,NFL,Baltimore Ravens,Cincinnati Bengals,total,draftkings,,,-110,-110,51.5
2026-09-03T19:28:50,2026-10-25,NFL,Carolina Panthers,Tampa Bay Buccaneers,moneyline,draftkings,105,-125,,,
2026-09-03T19:28:50,2026-10-25,NFL,Carolina Panthers,Tampa Bay Buccaneers,spread,draftkings,-110,-110,,,
2026-09-03T19:28:50,2026-10-25,NFL,Carolina Panthers,Tampa Bay Buccaneers,total,draftkings,,,-110,-110,45.5
2026-09-03T19:28:50,2026-10-25,NFL,Tennessee Titans,Cleveland Browns,moneyline,draftkings,-135,114,,,
2026-09-03T19:28:50,2026-10-25,NFL,Tennessee Titans,Cleveland Browns,spread,draftkings,-110,-110,,,
2026-09-03T19:28:50,2026-10-25,NFL,Tennessee Titans,Cleveland Browns,total,draftkings,,,-110,-110,40.5
2026-09-03T19:28:50,2026-10-25,NFL,Houston Texans,New York Giants,moneyline,draftkings,-245,200,,,
2026-09-03T19:28:50,2026-10-25,NFL,Houston Texans,New York Giants,spread,draftkings,-110,-110,,,
2026-09-03T19:28:50,2026-10-25,NFL,Houston Texans,New York Giants,total,draftkings,,,-110,-110,43.5
2026-09-03T19:28:50,2026-10-25,NFL,Minnesota Vikings,Indianapolis Colts,moneyline,draftkings,-142,120,,,
2026-09-03T19:28:50,2026-10-25,NFL,Minnesota Vikings,Indianapolis Colts,spread,draftkings,-110,-110,,,
2026-09-03T19:28:50,2026-10-25,NFL,Minnesota Vikings,Indianapolis Colts,total,draftkings,,,-110,-110,46.5
2026-09-03T19:28:50,2026-10-25,NFL,New York Jets,Miami Dolphins,moneyline,draftkings,-135,114,,,
2026-09-03T19:28:50,2026-10-25,NFL,New York Jets,Miami Dolphins,spread,draftkings,-110,-110,,,
2026-09-03T19:28:50,2026-10-25,NFL,New York Jets,Miami Dolphins,total,draftkings,,,-110,-110,41.5
2026-09-03T19:28:50,2026-10-25,NFL,Arizona Cardinals,Denver Broncos,moneyline,draftkings,285,-360,,,
2026-09-03T19:28:50,2026-10-25,NFL,Arizona Cardinals,Denver Broncos,spread,draftkings,-110,-110,,,
2026-09-03T19:28:50,2026-10-25,NFL,Arizona Cardinals,Denver Broncos,total,draftkings,,,-110,-110,43.5
2026-09-03T19:28:50,2026-10-25,NFL,Detroit Lions,Green Bay Packers,moneyline,draftkings,-142,120,,,
2026-09-03T19:28:50,2026-10-25,NFL,Detroit Lions,Green Bay Packers,spread,draftkings,-110,-110,,,
2026-09-03T19:28:50,2026-10-25,NFL,Detroit Lions,Green Bay Packers,total,draftkings,,,-110,-110,50.5
2026-09-03T19:28:50,2026-10-25,NFL,Las Vegas Raiders,Los Angeles Rams,moneyline,draftkings,275,-345,,,
2026-09-03T19:28:50,2026-10-25,NFL,Las Vegas Raiders,Los Angeles Rams,spread,draftkings,-110,-110,,,
2026-09-03T19:28:50,2026-10-25,NFL,Las Vegas Raiders,Los Angeles Rams,total,draftkings,,,-110,-110,46.5
2026-09-03T19:28:50,2026-10-26,NFL,Seattle Seahawks,Kansas City Chiefs,moneyline,draftkings,-175,145,,,
2026-09-03T19:28:50,2026-10-26,NFL,Seattle Seahawks,Kansas City Chiefs,spread,draftkings,-110,-110,,,
2026-09-03T19:28:50,2026-10-26,NFL,Seattle Seahawks,Kansas City Chiefs,total,draftkings,,,-110,-110,45.5
2026-09-03T19:28:50,2026-10-27,NFL,Philadelphia Eagles,Dallas Cowboys,moneyline,draftkings,-162,136,,,
2026-09-03T19:28:50,2026-10-27,NFL,Philadelphia Eagles,Dallas Cowboys,spread,draftkings,-110,-110,,,
2026-09-03T19:28:50,2026-10-27,NFL,Philadelphia Eagles,Dallas Cowboys,total,draftkings,,,-110,-110,48.5
2026-09-03T19:28:50,2026-10-30,NFL,Green Bay Packers,Carolina Panthers,moneyline,draftkings,-340,270,,,
2026-09-03T19:28:50,2026-10-30,NFL,Green Bay Packers,Carolina Panthers,spread,draftkings,-110,-110,,,
2026-09-03T19:28:50,2026-10-30,NFL,Green Bay Packers,Carolina Panthers,total,draftkings,,,-110,-110,45.5
2026-09-03T19:28:50,2026-11-01,NFL,Dallas Cowboys,Arizona Cardinals,moneyline,draftkings,-500,380,,,
2026-09-03T19:28:50,2026-11-01,NFL,Dallas Cowboys,Arizona Cardinals,spread,draftkings,-110,-110,,,
2026-09-03T19:28:50,2026-11-01,NFL,Dallas Cowboys,Arizona Cardinals,total,draftkings,,,-110,-110,47.5
2026-09-03T19:28:50,2026-11-01,NFL,Tampa Bay Buccaneers,Atlanta Falcons,moneyline,draftkings,-218,180,,,
2026-09-03T19:28:50,2026-11-01,NFL,Tampa Bay Buccaneers,Atlanta Falcons,spread,draftkings,-110,-110,,,
2026-09-03T19:28:50,2026-11-01,NFL,Tampa Bay Buccaneers,Atlanta Falcons,total,draftkings,,,-110,-110,46.5
2026-09-03T19:28:50,2026-11-01,NFL,Buffalo Bills,Baltimore Ravens,moneyline,draftkings,-135,114,,,
2026-09-03T19:28:50,2026-11-01,NFL,Buffalo Bills,Baltimore Ravens,spread,draftkings,-110,-110,,,
2026-09-03T19:28:50,2026-11-01,NFL,Buffalo Bills,Baltimore Ravens,total,draftkings,,,-110,-110,51.5
2026-09-03T19:28:50,2026-11-01,NFL,Cincinnati Bengals,Tennessee Titans,moneyline,draftkings,-298,240,,,
2026-09-03T19:28:50,2026-11-01,NFL,Cincinnati Bengals,Tennessee Titans,spread,draftkings,-110,-110,,,
2026-09-03T19:28:50,2026-11-01,NFL,Cincinnati Bengals,Tennessee Titans,total,draftkings,,,-110,-110,49.5
2026-09-03T19:28:50,2026-11-01,NFL,Pittsburgh Steelers,Cleveland Browns,moneyline,draftkings,-258,210,,,
2026-09-03T19:28:50,2026-11-01,NFL,Pittsburgh Steelers,Cleveland Browns,spread,draftkings,-110,-110,,,
2026-09-03T19:28:50,2026-11-01,NFL,Pittsburgh Steelers,Cleveland Browns,total,draftkings,,,-110,-110,39.5
2026-09-03T19:28:50,2026-11-01,NFL,Detroit Lions,Minnesota Vikings,moneyline,draftkings,-225,185,,,
2026-09-03T19:28:50,2026-11-01,NFL,Detroit Lions,Minnesota Vikings,spread,draftkings,-110,-110,,,
2026-09-03T19:28:50,2026-11-01,NFL,Detroit Lions,Minnesota Vikings,total,draftkings,,,-110,-110,47.5
2026-09-03T19:28:50,2026-11-01,NFL,Jacksonville Jaguars,Indianapolis Colts,moneyline,draftkings,-225,185,,,
2026-09-03T19:28:50,2026-11-01,NFL,Jacksonville Jaguars,Indianapolis Colts,spread,draftkings,-110,-110,,,
2026-09-03T19:28:50,2026-11-01,NFL,Jacksonville Jaguars,Indianapolis Colts,total,draftkings,,,-110,-110,49.5
2026-09-03T19:28:50,2026-11-01,NFL,New York Jets,Las Vegas Raiders,moneyline,draftkings,-122,102,,,
2026-09-03T19:28:50,2026-11-01,NFL,New York Jets,Las Vegas Raiders,spread,draftkings,-110,-110,,,
2026-09-03T19:28:50,2026-11-01,NFL,New York Jets,Las Vegas Raiders,total,draftkings,,,-110,-110,40.5
2026-09-03T19:28:50,2026-11-01,NFL,Los Angeles Rams,Los Angeles Chargers,moneyline,draftkings,-192,160,,,
2026-09-03T19:28:50,2026-11-01,NFL,Los Angeles Rams,Los Angeles Chargers,spread,draftkings,-115,-105,,,
2026-09-03T19:28:50,2026-11-01,NFL,Los Angeles Rams,Los Angeles Chargers,total,draftkings,,,-110,-110,48.5
2026-09-03T19:28:50,2026-11-01,NFL,Denver Broncos,Kansas City Chiefs,moneyline,draftkings,-125,105,,,
2026-09-03T19:28:50,2026-11-01,NFL,Denver Broncos,Kansas City Chiefs,spread,draftkings,-110,-110,,,
2026-09-03T19:28:50,2026-11-01,NFL,Denver Broncos,Kansas City Chiefs,total,draftkings,,,-110,-110,43.5
2026-09-03T19:28:50,2026-11-01,NFL,Miami Dolphins,New England Patriots,moneyline,draftkings,280,-355,,,
2026-09-03T19:28:50,2026-11-01,NFL,Miami Dolphins,New England Patriots,spread,draftkings,-110,-110,,,
2026-09-03T19:28:50,2026-11-01,NFL,Miami Dolphins,New England Patriots,total,draftkings,,,-110,-110,45.5
2026-09-03T19:28:50,2026-11-02,NFL,Washington Commanders,Philadelphia Eagles,moneyline,draftkings,105,-125,,,
2026-09-03T19:28:50,2026-11-02,NFL,Washington Commanders,Philadelphia Eagles,spread,draftkings,-110,-110,,,
2026-09-03T19:28:50,2026-11-02,NFL,Washington Commanders,Philadelphia Eagles,total,draftkings,,,-110,-110,46.5
2026-09-03T19:28:50,2026-11-03,NFL,Seattle Seahawks,Chicago Bears,moneyline,draftkings,-225,185,,,
2026-09-03T19:28:50,2026-11-03,NFL,Seattle Seahawks,Chicago Bears,spread,draftkings,-110,-110,,,
2026-09-03T19:28:50,2026-11-03,NFL,Seattle Seahawks,Chicago Bears,total,draftkings,,,-110,-110,47.5
2026-09-03T19:28:50,2026-11-06,NFL,Baltimore Ravens,Jacksonville Jaguars,moneyline,draftkings,-205,170,,,
2026-09-03T19:28:50,2026-11-06,NFL,Baltimore Ravens,Jacksonville Jaguars,spread,draftkings,-110,-110,,,
2026-09-03T19:28:50,2026-11-06,NFL,Baltimore Ravens,Jacksonville Jaguars,total,draftkings,,,-110,-110,49.5
2026-09-03T19:28:50,2026-11-08,NFL,Atlanta Falcons,Cincinnati Bengals,moneyline,draftkings,190,-230,,,
2026-09-03T19:28:50,2026-11-08,NFL,Atlanta Falcons,Cincinnati Bengals,spread,draftkings,-110,-110,,,
2026-09-03T19:28:50,2026-11-08,NFL,Atlanta Falcons,Cincinnati Bengals,total,draftkings,,,-110,-110,49.5
2026-09-03T19:28:50,2026-11-08,NFL,Atlanta Falcons,Cincinnati Bengals,moneyline,fanduel,180,-215,,,
2026-09-03T19:28:50,2026-11-08,NFL,Atlanta Falcons,Cincinnati Bengals,spread,fanduel,-118,-104,,,
2026-09-03T19:28:50,2026-11-08,NFL,Atlanta Falcons,Cincinnati Bengals,total,fanduel,,,-105,-115,49.5
2026-09-03T19:28:50,2026-11-08,NFL,Carolina Panthers,Denver Broncos,moneyline,draftkings,136,-162,,,
2026-09-03T19:28:50,2026-11-08,NFL,Carolina Panthers,Denver Broncos,spread,draftkings,-110,-110,,,
2026-09-03T19:28:50,2026-11-08,NFL,Carolina Panthers,Denver Broncos,total,draftkings,,,-110,-110,42.5
2026-09-03T19:28:50,2026-11-08,NFL,New Orleans Saints,Cleveland Browns,moneyline,draftkings,-205,170,,,
2026-09-03T19:28:50,2026-11-08,NFL,New Orleans Saints,Cleveland Browns,spread,draftkings,-115,-105,,,
2026-09-03T19:28:50,2026-11-08,NFL,New Orleans Saints,Cleveland Browns,total,draftkings,,,-110,-110,41.5
2026-09-03T19:28:50,2026-11-08,NFL,Indianapolis Colts,Dallas Cowboys,moneyline,draftkings,105,-125,,,
2026-09-03T19:28:50,2026-11-08,NFL,Indianapolis Colts,Dallas Cowboys,spread,draftkings,-110,-110,,,
2026-09-03T19:28:50,2026-11-08,NFL,Indianapolis Colts,Dallas Cowboys,total,draftkings,,,-110,-110,52.5
2026-09-03T19:28:50,2026-11-08,NFL,Miami Dolphins,Detroit Lions,moneyline,draftkings,225,-278,,,
2026-09-03T19:28:50,2026-11-08,NFL,Miami Dolphins,Detroit Lions,spread,draftkings,-110,-110,,,
2026-09-03T19:28:50,2026-11-08,NFL,Miami Dolphins,Detroit Lions,total,draftkings,,,-110,-110,47.5
2026-09-03T19:28:50,2026-11-08,NFL,Kansas City Chiefs,New York Jets,moneyline,draftkings,-455,350,,,
2026-09-03T19:28:50,2026-11-08,NFL,Kansas City Chiefs,New York Jets,spread,draftkings,-110,-110,,,
2026-09-03T19:28:50,2026-11-08,NFL,Kansas City Chiefs,New York Jets,total,draftkings,,,-110,-110,41.5
2026-09-03T19:28:50,2026-11-08,NFL,Washington Commanders,Los Angeles Rams,moneyline,draftkings,180,-218,,,
2026-09-03T19:28:50,2026-11-08,NFL,Washington Commanders,Los Angeles Rams,spread,draftkings,-115,-105,,,
2026-09-03T19:28:50,2026-11-08,NFL,Washington Commanders,Los Angeles Rams,total,draftkings,,,-110,-110,50.5
2026-09-03T19:28:50,2026-11-08,NFL,Philadelphia Eagles,New York Giants,moneyline,draftkings,-238,195,,,
2026-09-03T19:28:50,2026-11-08,NFL,Philadelphia Eagles,New York Giants,spread,draftkings,-110,-110,,,
2026-09-03T19:28:50,2026-11-08,NFL,Philadelphia Eagles,New York Giants,total,draftkings,,,-110,-110,44.5
2026-09-03T19:28:50,2026-11-08,NFL,Los Angeles Chargers,Houston Texans,moneyline,draftkings,-142,120,,,
2026-09-03T19:28:50,2026-11-08,NFL,Los Angeles Chargers,Houston Texans,spread,draftkings,-110,-110,,,
2026-09-03T19:28:50,2026-11-08,NFL,Los Angeles Chargers,Houston Texans,total,draftkings,,,-110,-110,43.5
2026-09-03T19:28:50,2026-11-08,NFL,San Francisco 49ers,Las Vegas Raiders,moneyline,draftkings,-440,340,,,
2026-09-03T19:28:50,2026-11-08,NFL,San Francisco 49ers,Las Vegas Raiders,spread,draftkings,-110,-110,,,
2026-09-03T19:28:50,2026-11-08,NFL,San Francisco 49ers,Las Vegas Raiders,total,draftkings,,,-110,-110,46.5
2026-09-03T19:28:50,2026-11-08,NFL,Seattle Seahawks,Arizona Cardinals,moneyline,draftkings,-850,575,,,
2026-09-03T19:28:50,2026-11-08,NFL,Seattle Seahawks,Arizona Cardinals,spread,draftkings,-110,-110,,,
2026-09-03T19:28:50,2026-11-08,NFL,Seattle Seahawks,Arizona Cardinals,total,draftkings,,,-110,-110,45.5
2026-09-03T19:28:50,2026-11-08,NFL,New England Patriots,Green Bay Packers,moneyline,draftkings,-125,105,,,
2026-09-03T19:28:50,2026-11-08,NFL,New England Patriots,Green Bay Packers,spread,draftkings,-110,-110,,,
2026-09-03T19:28:50,2026-11-08,NFL,New England Patriots,Green Bay Packers,total,draftkings,,,-110,-110,46.5
2026-09-03T19:28:50,2026-11-09,NFL,Chicago Bears,Tampa Bay Buccaneers,moneyline,draftkings,-198,164,,,
2026-09-03T19:28:50,2026-11-09,NFL,Chicago Bears,Tampa Bay Buccaneers,spread,draftkings,-110,-110,,,
2026-09-03T19:28:50,2026-11-09,NFL,Chicago Bears,Tampa Bay Buccaneers,total,draftkings,,,-110,-110,48.5
2026-09-03T19:28:50,2026-11-10,NFL,Minnesota Vikings,Buffalo Bills,moneyline,draftkings,142,-170,,,
2026-09-03T19:28:50,2026-11-10,NFL,Minnesota Vikings,Buffalo Bills,spread,draftkings,-110,-110,,,
2026-09-03T19:28:50,2026-11-10,NFL,Minnesota Vikings,Buffalo Bills,total,draftkings,,,-110,-110,48.5
2026-09-03T19:28:50,2026-11-13,NFL,New York Giants,Washington Commanders,moneyline,draftkings,-125,105,,,
2026-09-03T19:28:50,2026-11-13,NFL,New York Giants,Washington Commanders,spread,draftkings,-110,-110,,,
2026-09-03T19:28:50,2026-11-13,NFL,New York Giants,Washington Commanders,total,draftkings,,,-110,-110,47.5
2026-09-03T19:28:50,2026-11-15,NFL,Detroit Lions,New England Patriots,moneyline,draftkings,-125,105,,,
2026-09-03T19:28:50,2026-11-15,NFL,Detroit Lions,New England Patriots,spread,draftkings,-112,-108,,,
2026-09-03T19:28:50,2026-11-15,NFL,Detroit Lions,New England Patriots,total,draftkings,,,-112,-108,48.5
2026-09-03T19:28:50,2026-11-15,NFL,Detroit Lions,New England Patriots,moneyline,fanduel,100,-118,,,
2026-09-03T19:28:50,2026-11-15,NFL,Detroit Lions,New England Patriots,spread,fanduel,-115,-105,,,
2026-09-03T19:28:50,2026-11-15,NFL,Detroit Lions,New England Patriots,total,fanduel,,,-115,-105,49.5
2026-09-03T19:28:50,2026-11-15,NFL,Atlanta Falcons,Kansas City Chiefs,moneyline,draftkings,190,-230,,,
2026-09-03T19:28:50,2026-11-15,NFL,Atlanta Falcons,Kansas City Chiefs,spread,draftkings,-110,-110,,,
2026-09-03T19:28:50,2026-11-15,NFL,Atlanta Falcons,Kansas City Chiefs,total,draftkings,,,-110,-110,45.5
2026-09-03T19:28:50,2026-11-15,NFL,New York Jets,Buffalo Bills,moneyline,draftkings,270,-340,,,
2026-09-03T19:28:50,2026-11-15,NFL,New York Jets,Buffalo Bills,spread,draftkings,-105,-115,,,
2026-09-03T19:28:50,2026-11-15,NFL,New York Jets,Buffalo Bills,total,draftkings,,,-110,-110,46.5
2026-09-03T19:28:50,2026-11-15,NFL,New Orleans Saints,Carolina Panthers,moneyline,draftkings,-118,-102,,,
2026-09-03T19:28:50,2026-11-15,NFL,New Orleans Saints,Carolina Panthers,spread,draftkings,-105,-115,,,
2026-09-03T19:28:50,2026-11-15,NFL,New Orleans Saints,Carolina Panthers,total,draftkings,,,-110,-110,43.5
2026-09-03T19:28:50,2026-11-15,NFL,Cleveland Browns,Houston Texans,moneyline,draftkings,170,-205,,,
2026-09-03T19:28:50,2026-11-15,NFL,Cleveland Browns,Houston Texans,spread,draftkings,-110,-110,,,
2026-09-03T19:28:50,2026-11-15,NFL,Cleveland Browns,Houston Texans,total,draftkings,,,-110,-110,38.5
2026-09-03T19:28:50,2026-11-15,NFL,Green Bay Packers,Minnesota Vikings,moneyline,draftkings,-245,200,,,
2026-09-03T19:28:50,2026-11-15,NFL,Green Bay Packers,Minnesota Vikings,spread,draftkings,-110,-110,,,
2026-09-03T19:28:50,2026-11-15,NFL,Green Bay Packers,Minnesota Vikings,total,draftkings,,,-110,-110,45.5
2026-09-03T19:28:50,2026-11-15,NFL,Indianapolis Colts,Miami Dolphins,moneyline,draftkings,-305,245,,,
2026-09-03T19:28:50,2026-11-15,NFL,Indianapolis Colts,Miami Dolphins,spread,draftkings,-110,-110,,,
2026-09-03T19:28:50,2026-11-15,NFL,Indianapolis Colts,Miami Dolphins,total,draftkings,,,-110,-110,47.5
2026-09-03T19:28:50,2026-11-15,NFL,Tennessee Titans,Jacksonville Jaguars,moneyline,draftkings,114,-135,,,
2026-09-03T19:28:50,2026-11-15,NFL,Tennessee Titans,Jacksonville Jaguars,spread,draftkings,-110,-110,,,
2026-09-03T19:28:50,2026-11-15,NFL,Tennessee Titans,Jacksonville Jaguars,total,draftkings,,,-110,-110,45.5
2026-09-03T19:28:50,2026-11-15,NFL,Arizona Cardinals,Los Angeles Rams,moneyline,draftkings,360,-470,,,
2026-09-03T19:28:50,2026-11-15,NFL,Arizona Cardinals,Los Angeles Rams,spread,draftkings,-110,-110,,,
2026-09-03T19:28:50,2026-11-15,NFL,Arizona Cardinals,Los Angeles Rams,total,draftkings,,,-110,-110,47.5
2026-09-03T19:28:50,2026-11-15,NFL,Las Vegas Raiders,Seattle Seahawks,moneyline,draftkings,250,-310,,,
2026-09-03T19:28:50,2026-11-15,NFL,Las Vegas Raiders,Seattle Seahawks,spread,draftkings,-110,-110,,,
2026-09-03T19:28:50,2026-11-15,NFL,Las Vegas Raiders,Seattle Seahawks,total,draftkings,,,-110,-110,43.5
2026-09-03T19:28:50,2026-11-15,NFL,Dallas Cowboys,San Francisco 49ers,moneyline,draftkings,-120,100,,,
2026-09-03T19:28:50,2026-11-15,NFL,Dallas Cowboys,San Francisco 49ers,spread,draftkings,-105,-115,,,
2026-09-03T19:28:50,2026-11-15,NFL,Dallas Cowboys,San Francisco 49ers,total,draftkings,,,-110,-110,52.5
2026-09-03T19:28:50,2026-11-16,NFL,Cincinnati Bengals,Pittsburgh Steelers,moneyline,draftkings,-192,160,,,
2026-09-03T19:28:50,2026-11-16,NFL,Cincinnati Bengals,Pittsburgh Steelers,spread,draftkings,-110,-110,,,
2026-09-03T19:28:50,2026-11-16,NFL,Cincinnati Bengals,Pittsburgh Steelers,total,draftkings,,,-110,-110,47.5
2026-09-03T19:28:50,2026-11-17,NFL,Baltimore Ravens,Los Angeles Chargers,moneyline,draftkings,-185,154,,,
2026-09-03T19:28:50,2026-11-17,NFL,Baltimore Ravens,Los Angeles Chargers,spread,draftkings,-110,-110,,,
2026-09-03T19:28:50,2026-11-17,NFL,Baltimore Ravens,Los Angeles Chargers,total,draftkings,,,-110,-110,47.5
2026-09-03T19:28:50,2026-11-20,NFL,Houston Texans,Indianapolis Colts,moneyline,draftkings,-245,200,,,
2026-09-03T19:28:50,2026-11-20,NFL,Houston Texans,Indianapolis Colts,spread,draftkings,-110,-110,,,
2026-09-03T19:28:50,2026-11-20,NFL,Houston Texans,Indianapolis Colts,total,draftkings,,,-110,-110,45.5
2026-09-03T19:28:50,2026-11-22,NFL,Kansas City Chiefs,Arizona Cardinals,moneyline,draftkings,-600,440,,,
2026-09-03T19:28:50,2026-11-22,NFL,Kansas City Chiefs,Arizona Cardinals,spread,draftkings,-110,-110,,,
2026-09-03T19:28:50,2026-11-22,NFL,Kansas City Chiefs,Arizona Cardinals,total,draftkings,,,-110,-110,44.5
2026-09-03T19:28:50,2026-11-22,NFL,Carolina Panthers,Baltimore Ravens,moneyline,draftkings,170,-205,,,
2026-09-03T19:28:50,2026-11-22,NFL,Carolina Panthers,Baltimore Ravens,spread,draftkings,-110,-110,,,
2026-09-03T19:28:50,2026-11-22,NFL,Carolina Panthers,Baltimore Ravens,total,draftkings,,,-110,-110,46.5
2026-09-03T19:28:50,2026-11-22,NFL,Buffalo Bills,Miami Dolphins,moneyline,draftkings,-650,470,,,
2026-09-03T19:28:50,2026-11-22,NFL,Buffalo Bills,Miami Dolphins,spread,draftkings,-110,-110,,,
2026-09-03T19:28:50,2026-11-22,NFL,Buffalo Bills,Miami Dolphins,total,draftkings,,,-110,-110,47.5
2026-09-03T19:28:50,2026-11-22,NFL,Chicago Bears,New Orleans Saints,moneyline,draftkings,-285,230,,,
2026-09-03T19:28:50,2026-11-22,NFL,Chicago Bears,New Orleans Saints,spread,draftkings,-110,-110,,,
2026-09-03T19:28:50,2026-11-22,NFL,Chicago Bears,New Orleans Saints,total,draftkings,,,-110,-110,46.5
2026-09-03T19:28:50,2026-11-22,NFL,Dallas Cowboys,Tennessee Titans,moneyline,draftkings,-285,230,,,
2026-09-03T19:28:50,2026-11-22,NFL,Dallas Cowboys,Tennessee Titans,spread,draftkings,-110,-110,,,
2026-09-03T19:28:50,2026-11-22,NFL,Dallas Cowboys,Tennessee Titans,total,draftkings,,,-110,-110,48.5
2026-09-03T19:28:50,2026-11-22,NFL,Detroit Lions,Tampa Bay Buccaneers,moneyline,draftkings,-225,185,,,
2026-09-03T19:28:50,2026-11-22,NFL,Detroit Lions,Tampa Bay Buccaneers,spread,draftkings,-110,-110,,,
2026-09-03T19:28:50,2026-11-22,NFL,Detroit Lions,Tampa Bay Buccaneers,total,draftkings,,,-110,-110,49.5
2026-09-03T19:28:50,2026-11-22,NFL,New York Giants,Jacksonville Jaguars,moneyline,draftkings,102,-122,,,
2026-09-03T19:28:50,2026-11-22,NFL,New York Giants,Jacksonville Jaguars,spread,draftkings,-110,-110,,,
2026-09-03T19:28:50,2026-11-22,NFL,New York Giants,Jacksonville Jaguars,total,draftkings,,,-110,-110,46.5
2026-09-03T19:28:50,2026-11-22,NFL,Los Angeles Chargers,New York Jets,moneyline,draftkings,-425,330,,,
2026-09-03T19:28:50,2026-11-22,NFL,Los Angeles Chargers,New York Jets,spread,draftkings,-110,-110,,,
2026-09-03T19:28:50,2026-11-22,NFL,Los Angeles Chargers,New York Jets,total,draftkings,,,-110,-110,41.5
2026-09-03T19:28:50,2026-11-22,NFL,Denver Broncos,Las Vegas Raiders,moneyline,draftkings,-340,270,,,
2026-09-03T19:28:50,2026-11-22,NFL,Denver Broncos,Las Vegas Raiders,spread,draftkings,-110,-110,,,
2026-09-03T19:28:50,2026-11-22,NFL,Denver Broncos,Las Vegas Raiders,total,draftkings,,,-110,-110,41.5
2026-09-03T19:28:50,2026-11-22,NFL,Philadelphia Eagles,Pittsburgh Steelers,moneyline,draftkings,-238,195,,,
2026-09-03T19:28:50,2026-11-22,NFL,Philadelphia Eagles,Pittsburgh Steelers,spread,draftkings,-110,-110,,,
2026-09-03T19:28:50,2026-11-22,NFL,Philadelphia Eagles,Pittsburgh Steelers,total,draftkings,,,-110,-110,42.5
2026-09-03T19:28:50,2026-11-23,NFL,San Francisco 49ers,Minnesota Vikings,moneyline,draftkings,-192,160,,,
2026-09-03T19:28:50,2026-11-23,NFL,San Francisco 49ers,Minnesota Vikings,spread,draftkings,-110,-110,,,
2026-09-03T19:28:50,2026-11-23,NFL,San Francisco 49ers,Minnesota Vikings,total,draftkings,,,-110,-110,46.5
2026-09-03T19:28:50,2026-11-23,NFL,San Francisco 49ers,Minnesota Vikings,moneyline,fanduel,-210,176,,,
2026-09-03T19:28:50,2026-11-23,NFL,San Francisco 49ers,Minnesota Vikings,spread,fanduel,-105,-115,,,
2026-09-03T19:28:50,2026-11-23,NFL,San Francisco 49ers,Minnesota Vikings,total,fanduel,,,-105,-115,47.5
2026-09-03T19:28:50,2026-11-24,NFL,Washington Commanders,Cincinnati Bengals,moneyline,draftkings,102,-122,,,
2026-09-03T19:28:50,2026-11-24,NFL,Washington Commanders,Cincinnati Bengals,spread,draftkings,-110,-110,,,
2026-09-03T19:28:50,2026-11-24,NFL,Washington Commanders,Cincinnati Bengals,total,draftkings,,,-110,-110,52.5
2026-09-03T19:28:50,2026-11-26,NFL,Los Angeles Rams,Green Bay Packers,moneyline,draftkings,-225,185,,,
2026-09-03T19:28:50,2026-11-26,NFL,Los Angeles Rams,Green Bay Packers,spread,draftkings,-115,-105,,,
2026-09-03T19:28:50,2026-11-26,NFL,Los Angeles Rams,Green Bay Packers,total,draftkings,,,-110,-110,48.5
2026-09-03T19:28:50,2026-11-26,NFL,Los Angeles Rams,Green Bay Packers,moneyline,fanduel,-240,198,,,
2026-09-03T19:28:50,2026-11-26,NFL,Los Angeles Rams,Green Bay Packers,spread,fanduel,-105,-115,,,
2026-09-03T19:28:50,2026-11-26,NFL,Los Angeles Rams,Green Bay Packers,total,fanduel,,,-105,-115,48.5
2026-09-03T19:28:50,2026-11-26,NFL,Detroit Lions,Chicago Bears,moneyline,draftkings,-142,120,,,
2026-09-03T19:28:50,2026-11-26,NFL,Detroit Lions,Chicago Bears,spread,draftkings,-115,-105,,,
2026-09-03T19:28:50,2026-11-26,NFL,Detroit Lions,Chicago Bears,total,draftkings,,,-110,-110,52.5
2026-09-03T19:28:50,2026-11-26,NFL,Detroit Lions,Chicago Bears,moneyline,fanduel,-130,110,,,
2026-09-03T19:28:50,2026-11-26,NFL,Detroit Lions,Chicago Bears,spread,fanduel,-110,-110,,,
2026-09-03T19:28:50,2026-11-26,NFL,Detroit Lions,Chicago Bears,total,fanduel,,,-115,-105,53.5
2026-09-03T19:28:50,2026-11-26,NFL,Dallas Cowboys,Philadelphia Eagles,moneyline,draftkings,-125,105,,,
2026-09-03T19:28:50,2026-11-26,NFL,Dallas Cowboys,Philadelphia Eagles,spread,draftkings,-110,-110,,,
2026-09-03T19:28:50,2026-11-26,NFL,Dallas Cowboys,Philadelphia Eagles,total,draftkings,,,-110,-110,49.5
2026-09-03T19:28:50,2026-11-26,NFL,Dallas Cowboys,Philadelphia Eagles,moneyline,fanduel,-126,108,,,
2026-09-03T19:28:50,2026-11-26,NFL,Dallas Cowboys,Philadelphia Eagles,spread,fanduel,-110,-110,,,
2026-09-03T19:28:50,2026-11-26,NFL,Dallas Cowboys,Philadelphia Eagles,total,fanduel,,,-115,-105,49.5
2026-09-03T19:28:50,2026-11-27,NFL,Buffalo Bills,Kansas City Chiefs,moneyline,draftkings,-148,124,,,
2026-09-03T19:28:50,2026-11-27,NFL,Buffalo Bills,Kansas City Chiefs,spread,draftkings,-115,-105,,,
2026-09-03T19:28:50,2026-11-27,NFL,Buffalo Bills,Kansas City Chiefs,total,draftkings,,,-110,-110,50.5
2026-09-03T19:28:50,2026-11-27,NFL,Buffalo Bills,Kansas City Chiefs,moneyline,fanduel,-154,130,,,
2026-09-03T19:28:50,2026-11-27,NFL,Buffalo Bills,Kansas City Chiefs,spread,fanduel,-118,-104,,,
2026-09-03T19:28:50,2026-11-27,NFL,Buffalo Bills,Kansas City Chiefs,total,fanduel,,,-104,-118,50.5
2026-09-03T19:28:50,2026-11-27,NFL,Pittsburgh Steelers,Denver Broncos,moneyline,draftkings,105,-125,,,
2026-09-03T19:28:50,2026-11-27,NFL,Pittsburgh Steelers,Denver Broncos,spread,draftkings,-110,-110,,,
2026-09-03T19:28:50,2026-11-27,NFL,Pittsburgh Steelers,Denver Broncos,total,draftkings,,,-110,-110,39.5
2026-09-03T19:28:50,2026-11-27,NFL,Pittsburgh Steelers,Denver Broncos,moneyline,fanduel,112,-132,,,
2026-09-03T19:28:50,2026-11-27,NFL,Pittsburgh Steelers,Denver Broncos,spread,fanduel,-104,-118,,,
2026-09-03T19:28:50,2026-11-27,NFL,Pittsburgh Steelers,Denver Broncos,total,fanduel,,,-110,-110,39.5
2026-09-03T19:28:50,2026-11-29,NFL,Minnesota Vikings,Atlanta Falcons,moneyline,draftkings,-218,180,,,
2026-09-03T19:28:50,2026-11-29,NFL,Minnesota Vikings,Atlanta Falcons,spread,draftkings,-110,-110,,,
2026-09-03T19:28:50,2026-11-29,NFL,Minnesota Vikings,Atlanta Falcons,total,draftkings,,,-110,-110,43.5
2026-09-03T19:28:50,2026-11-29,NFL,Houston Texans,Baltimore Ravens,moneyline,draftkings,-122,102,,,
2026-09-03T19:28:50,2026-11-29,NFL,Houston Texans,Baltimore Ravens,spread,draftkings,-110,-110,,,
2026-09-03T19:28:50,2026-11-29,NFL,Houston Texans,Baltimore Ravens,total,draftkings,,,-110,-110,45.5
2026-09-03T19:28:50,2026-11-29,NFL,Cincinnati Bengals,New Orleans Saints,moneyline,draftkings,-290,235,,,
2026-09-03T19:28:50,2026-11-29,NFL,Cincinnati Bengals,New Orleans Saints,spread,draftkings,-110,-110,,,
2026-09-03T19:28:50,2026-11-29,NFL,Cincinnati Bengals,New Orleans Saints,total,draftkings,,,-110,-110,48.5
2026-09-03T19:28:50,2026-11-29,NFL,Cleveland Browns,Las Vegas Raiders,moneyline,draftkings,-125,105,,,
2026-09-03T19:28:50,2026-11-29,NFL,Cleveland Browns,Las Vegas Raiders,spread,draftkings,-110,-110,,,
2026-09-03T19:28:50,2026-11-29,NFL,Cleveland Browns,Las Vegas Raiders,total,draftkings,,,-110,-110,39.5
2026-09-03T19:28:50,2026-11-29,NFL,Indianapolis Colts,New York Giants,moneyline,draftkings,-135,114,,,
2026-09-03T19:28:50,2026-11-29,NFL,Indianapolis Colts,New York Giants,spread,draftkings,-110,-110,,,
2026-09-03T19:28:50,2026-11-29,NFL,Indianapolis Colts,New York Giants,total,draftkings,,,-110,-110,47.5
2026-09-03T19:28:50,2026-11-29,NFL,Jacksonville Jaguars,Tennessee Titans,moneyline,draftkings,-230,190,,,
2026-09-03T19:28:50,2026-11-29,NFL,Jacksonville Jaguars,Tennessee Titans,spread,draftkings,-110,-110,,,
2026-09-03T19:28:50,2026-11-29,NFL,Jacksonville Jaguars,Tennessee Titans,total,draftkings,,,-110,-110,45.5
2026-09-03T19:28:50,2026-11-29,NFL,Miami Dolphins,New York Jets,moneyline,draftkings,-125,105,,,
2026-09-03T19:28:50,2026-11-29,NFL,Miami Dolphins,New York Jets,spread,draftkings,-110,-110,,,
2026-09-03T19:28:50,2026-11-29,NFL,Miami Dolphins,New York Jets,total,draftkings,,,-110,-110,40.5
2026-09-03T19:28:50,2026-11-29,NFL,Arizona Cardinals,Washington Commanders,moneyline,draftkings,180,-218,,,
2026-09-03T19:28:50,2026-11-29,NFL,Arizona Cardinals,Washington Commanders,spread,draftkings,-110,-110,,,
2026-09-03T19:28:50,2026-11-29,NFL,Arizona Cardinals,Washington Commanders,total,draftkings,,,-110,-110,47.5
2026-09-03T19:28:50,2026-11-29,NFL,San Francisco 49ers,Seattle Seahawks,moneyline,draftkings,-110,-110,,,
2026-09-03T19:28:50,2026-11-29,NFL,San Francisco 49ers,Seattle Seahawks,spread,draftkings,-125,105,,,
2026-09-03T19:28:50,2026-11-29,NFL,San Francisco 49ers,Seattle Seahawks,total,draftkings,,,-110,-110,46.5
2026-09-03T19:28:50,2026-11-30,NFL,Los Angeles Chargers,New England Patriots,moneyline,draftkings,-122,102,,,
2026-09-03T19:28:50,2026-11-30,NFL,Los Angeles Chargers,New England Patriots,spread,draftkings,-110,-110,,,
2026-09-03T19:28:50,2026-11-30,NFL,Los Angeles Chargers,New England Patriots,total,draftkings,,,-110,-110,45.5
2026-09-03T19:28:50,2026-12-01,NFL,Tampa Bay Buccaneers,Carolina Panthers,moneyline,draftkings,-192,160,,,
2026-09-03T19:28:50,2026-12-01,NFL,Tampa Bay Buccaneers,Carolina Panthers,spread,draftkings,-110,-110,,,
2026-09-03T19:28:50,2026-12-01,NFL,Tampa Bay Buccaneers,Carolina Panthers,total,draftkings,,,-110,-110,44.5
2026-09-03T19:28:50,2026-12-04,NFL,Los Angeles Rams,Kansas City Chiefs,moneyline,draftkings,-205,170,,,
2026-09-03T19:28:50,2026-12-04,NFL,Los Angeles Rams,Kansas City Chiefs,spread,draftkings,-102,-118,,,
2026-09-03T19:28:50,2026-12-04,NFL,Los Angeles Rams,Kansas City Chiefs,total,draftkings,,,-110,-110,47.5
2026-09-03T19:28:50,2026-12-06,NFL,Atlanta Falcons,Detroit Lions,moneyline,draftkings,154,-185,,,
2026-09-03T19:28:50,2026-12-06,NFL,Atlanta Falcons,Detroit Lions,spread,draftkings,-110,-110,,,
2026-09-03T19:28:50,2026-12-06,NFL,Atlanta Falcons,Detroit Lions,total,draftkings,,,-110,-110,48.5
2026-09-03T19:28:50,2026-12-06,NFL,Chicago Bears,Jacksonville Jaguars,moneyline,draftkings,-155,130,,,
2026-09-03T19:28:50,2026-12-06,NFL,Chicago Bears,Jacksonville Jaguars,spread,draftkings,-105,-115,,,
2026-09-03T19:28:50,2026-12-06,NFL,Chicago Bears,Jacksonville Jaguars,total,draftkings,,,-110,-110,47.5
2026-09-03T19:28:50,2026-12-06,NFL,Cleveland Browns,Cincinnati Bengals,moneyline,draftkings,185,-225,,,
2026-09-03T19:28:50,2026-12-06,NFL,Cleveland Browns,Cincinnati Bengals,spread,draftkings,-110,-110,,,
2026-09-03T19:28:50,2026-12-06,NFL,Cleveland Browns,Cincinnati Bengals,total,draftkings,,,-110,-110,45.5
2026-09-03T19:28:50,2026-12-06,NFL,Denver Broncos,Miami Dolphins,moneyline,draftkings,-470,360,,,
2026-09-03T19:28:50,2026-12-06,NFL,Denver Broncos,Miami Dolphins,spread,draftkings,-110,-110,,,
2026-09-03T19:28:50,2026-12-06,NFL,Denver Broncos,Miami Dolphins,total,draftkings,,,-110,-110,42.5
2026-09-03T19:28:50,2026-12-06,NFL,New Orleans Saints,Green Bay Packers,moneyline,draftkings,185,-225,,,
2026-09-03T19:28:50,2026-12-06,NFL,New Orleans Saints,Green Bay Packers,spread,draftkings,-110,-110,,,
2026-09-03T19:28:50,2026-12-06,NFL,New Orleans Saints,Green Bay Packers,total,draftkings,,,-110,-110,45.5
2026-09-03T19:28:50,2026-12-06,NFL,Tampa Bay Buccaneers,Los Angeles Chargers,moneyline,draftkings,114,-135,,,
2026-09-03T19:28:50,2026-12-06,NFL,Tampa Bay Buccaneers,Los Angeles Chargers,spread,draftkings,-110,-110,,,
2026-09-03T19:28:50,2026-12-06,NFL,Tampa Bay Buccaneers,Los Angeles Chargers,total,draftkings,,,-110,-110,46.5
2026-09-03T19:28:50,2026-12-06,NFL,New York Giants,San Francisco 49ers,moneyline,draftkings,140,-166,,,
2026-09-03T19:28:50,2026-12-06,NFL,New York Giants,San Francisco 49ers,spread,draftkings,-110,-110,,,
2026-09-03T19:28:50,2026-12-06,NFL,New York Giants,San Francisco 49ers,total,draftkings,,,-110,-110,47.5
2026-09-03T19:28:50,2026-12-06,NFL,Tennessee Titans,Washington Commanders,moneyline,draftkings,105,-125,,,
2026-09-03T19:28:50,2026-12-06,NFL,Tennessee Titans,Washington Commanders,spread,draftkings,-110,-110,,,
2026-09-03T19:28:50,2026-12-06,NFL,Tennessee Titans,Washington Commanders,total,draftkings,,,-110,-110,46.5
2026-09-03T19:28:50,2026-12-06,NFL,Arizona Cardinals,Philadelphia Eagles,moneyline,draftkings,310,-395,,,
2026-09-03T19:28:50,2026-12-06,NFL,Arizona Cardinals,Philadelphia Eagles,spread,draftkings,-110,-110,,,
2026-09-03T19:28:50,2026-12-06,NFL,Arizona Cardinals,Philadelphia Eagles,total,draftkings,,,-110,-110,43.5
2026-09-03T19:28:50,2026-12-06,NFL,New England Patriots,Buffalo Bills,moneyline,draftkings,-122,102,,,
2026-09-03T19:28:50,2026-12-06,NFL,New England Patriots,Buffalo Bills,spread,draftkings,-108,-112,,,
2026-09-03T19:28:50,2026-12-06,NFL,New England Patriots,Buffalo Bills,total,draftkings,,,-110,-110,48.5
2026-09-03T19:28:50,2026-12-06,NFL,Minnesota Vikings,Carolina Panthers,moneyline,draftkings,-192,160,,,
2026-09-03T19:28:50,2026-12-06,NFL,Minnesota Vikings,Carolina Panthers,spread,draftkings,-110,-110,,,
2026-09-03T19:28:50,2026-12-06,NFL,Minnesota Vikings,Carolina Panthers,total,draftkings,,,-110,-110,42.5
2026-09-03T19:28:50,2026-12-07,NFL,Pittsburgh Steelers,Houston Texans,moneyline,draftkings,102,-122,,,
2026-09-03T19:28:50,2026-12-07,NFL,Pittsburgh Steelers,Houston Texans,spread,draftkings,-110,-110,,,
2026-09-03T19:28:50,2026-12-07,NFL,Pittsburgh Steelers,Houston Texans,total,draftkings,,,-110,-110,41.5
2026-09-03T19:28:50,2026-12-08,NFL,Seattle Seahawks,Dallas Cowboys,moneyline,draftkings,-225,185,,,
2026-09-03T19:28:50,2026-12-08,NFL,Seattle Seahawks,Dallas Cowboys,spread,draftkings,-110,-110,,,
2026-09-03T19:28:50,2026-12-08,NFL,Seattle Seahawks,Dallas Cowboys,total,draftkings,,,-110,-110,48.5
2026-09-03T19:28:50,2026-12-11,NFL,New England Patriots,Minnesota Vikings,moneyline,draftkings,-218,180,,,
2026-09-03T19:28:50,2026-12-11,NFL,New England Patriots,Minnesota Vikings,spread,draftkings,-110,-110,,,
2026-09-03T19:28:50,2026-12-11,NFL,New England Patriots,Minnesota Vikings,total,draftkings,,,-110,-110,43.5
2026-09-03T19:28:50,2026-12-13,NFL,Cleveland Browns,Atlanta Falcons,moneyline,draftkings,-125,105,,,
2026-09-03T19:28:50,2026-12-13,NFL,Cleveland Browns,Atlanta Falcons,spread,draftkings,-110,-110,,,
2026-09-03T19:28:50,2026-12-13,NFL,Cleveland Browns,Atlanta Falcons,total,draftkings,,,-110,-110,40.5
2026-09-03T19:28:50,2026-12-13,NFL,Baltimore Ravens,Tampa Bay Buccaneers,moneyline,draftkings,-258,210,,,
2026-09-03T19:28:50,2026-12-13,NFL,Baltimore Ravens,Tampa Bay Buccaneers,spread,draftkings,-110,-110,,,
2026-09-03T19:28:50,2026-12-13,NFL,Baltimore Ravens,Tampa Bay Buccaneers,total,draftkings,,,-110,-110,48.5
2026-09-03T19:28:50,2026-12-13,NFL,Carolina Panthers,New Orleans Saints,moneyline,draftkings,-135,114,,,
2026-09-03T19:28:50,2026-12-13,NFL,Carolina Panthers,New Orleans Saints,spread,draftkings,-110,-110,,,
2026-09-03T19:28:50,2026-12-13,NFL,Carolina Panthers,New Orleans Saints,total,draftkings,,,-110,-110,43.5
2026-09-03T19:28:50,2026-12-13,NFL,Miami Dolphins,Chicago Bears,moneyline,draftkings,200,-245,,,
2026-09-03T19:28:50,2026-12-13,NFL,Miami Dolphins,Chicago Bears,spread,draftkings,-110,-110,,,
2026-09-03T19:28:50,2026-12-13,NFL,Miami Dolphins,Chicago Bears,total,draftkings,,,-110,-110,46.5
2026-09-03T19:28:50,2026-12-13,NFL,New York Jets,Denver Broncos,moneyline,draftkings,190,-230,,,
2026-09-03T19:28:50,2026-12-13,NFL,New York Jets,Denver Broncos,spread,draftkings,-110,-110,,,
2026-09-03T19:28:50,2026-12-13,NFL,New York Jets,Denver Broncos,total,draftkings,,,-110,-110,39.5
2026-09-03T19:28:50,2026-12-13,NFL,Detroit Lions,Tennessee Titans,moneyline,draftkings,-345,275,,,
2026-09-03T19:28:50,2026-12-13,NFL,Detroit Lions,Tennessee Titans,spread,draftkings,-110,-110,,,
2026-09-03T19:28:50,2026-12-13,NFL,Detroit Lions,Tennessee Titans,total,draftkings,,,-110,-110,47.5
2026-09-03T19:28:50,2026-12-13,NFL,Washington Commanders,Houston Texans,moneyline,draftkings,102,-122,,,
2026-09-03T19:28:50,2026-12-13,NFL,Washington Commanders,Houston Texans,spread,draftkings,-110,-110,,,
2026-09-03T19:28:50,2026-12-13,NFL,Washington Commanders,Houston Texans,total,draftkings,,,-110,-110,44.5
2026-09-03T19:28:50,2026-12-13,NFL,Philadelphia Eagles,Indianapolis Colts,moneyline,draftkings,-245,200,,,
2026-09-03T19:28:50,2026-12-13,NFL,Philadelphia Eagles,Indianapolis Colts,spread,draftkings,-110,-110,,,
2026-09-03T19:28:50,2026-12-13,NFL,Philadelphia Eagles,Indianapolis Colts,total,draftkings,,,-110,-110,46.5
2026-09-03T19:28:50,2026-12-13,NFL,Las Vegas Raiders,Los Angeles Chargers,moneyline,draftkings,190,-230,,,
2026-09-03T19:28:50,2026-12-13,NFL,Las Vegas Raiders,Los Angeles Chargers,spread,draftkings,-110,-110,,,
2026-09-03T19:28:50,2026-12-13,NFL,Las Vegas Raiders,Los Angeles Chargers,total,draftkings,,,-110,-110,43.5
2026-09-03T19:28:50,2026-12-13,NFL,Cincinnati Bengals,Kansas City Chiefs,moneyline,draftkings,-125,105,,,
2026-09-03T19:28:50,2026-12-13,NFL,Cincinnati Bengals,Kansas City Chiefs,spread,draftkings,-110,-110,,,
2026-09-03T19:28:50,2026-12-13,NFL,Cincinnati Bengals,Kansas City Chiefs,total,draftkings,,,-110,-110,48.5
2026-09-03T19:28:50,2026-12-13,NFL,San Francisco 49ers,Los Angeles Rams,moneyline,draftkings,110,-130,,,
2026-09-03T19:28:50,2026-12-13,NFL,San Francisco 49ers,Los Angeles Rams,spread,draftkings,-115,-105,,,
2026-09-03T19:28:50,2026-12-13,NFL,San Francisco 49ers,Los Angeles Rams,total,draftkings,,,-110,-110,49.5
2026-09-03T19:28:50,2026-12-13,NFL,Seattle Seahawks,New York Giants,moneyline,draftkings,-395,310,,,
2026-09-03T19:28:50,2026-12-13,NFL,Seattle Seahawks,New York Giants,spread,draftkings,-110,-110,,,
2026-09-03T19:28:50,2026-12-13,NFL,Seattle Seahawks,New York Giants,total,draftkings,,,-110,-110,45.5
2026-09-03T19:28:50,2026-12-14,NFL,Green Bay Packers,Buffalo Bills,moneyline,draftkings,-125,105,,,
2026-09-03T19:28:50,2026-12-14,NFL,Green Bay Packers,Buffalo Bills,spread,draftkings,-110,-110,,,
2026-09-03T19:28:50,2026-12-14,NFL,Green Bay Packers,Buffalo Bills,total,draftkings,,,-110,-110,49.5
2026-09-03T19:28:50,2026-12-15,NFL,Jacksonville Jaguars,Pittsburgh Steelers,moneyline,draftkings,-162,136,,,
2026-09-03T19:28:50,2026-12-15,NFL,Jacksonville Jaguars,Pittsburgh Steelers,spread,draftkings,-110,-110,,,
2026-09-03T19:28:50,2026-12-15,NFL,Jacksonville Jaguars,Pittsburgh Steelers,total,draftkings,,,-110,-110,44.5
2026-09-03T19:28:50,2026-12-18,NFL,Los Angeles Chargers,San Francisco 49ers,moneyline,draftkings,-142,120,,,
2026-09-03T19:28:50,2026-12-18,NFL,Los Angeles Chargers,San Francisco 49ers,spread,draftkings,-110,-110,,,
2026-09-03T19:28:50,2026-12-18,NFL,Los Angeles Chargers,San Francisco 49ers,total,draftkings,,,-110,-110,47.5
2026-09-03T19:28:50,2026-12-19,NFL,Philadelphia Eagles,Seattle Seahawks,moneyline,draftkings,-125,105,,,
2026-09-03T19:28:50,2026-12-19,NFL,Philadelphia Eagles,Seattle Seahawks,spread,draftkings,-110,-110,,,
2026-09-03T19:28:50,2026-12-19,NFL,Philadelphia Eagles,Seattle Seahawks,total,draftkings,,,-110,-110,43.5
2026-09-03T19:28:50,2026-12-20,NFL,Buffalo Bills,Chicago Bears,moneyline,draftkings,-185,154,,,
2026-09-03T19:28:50,2026-12-20,NFL,Buffalo Bills,Chicago Bears,spread,draftkings,-110,-110,,,
2026-09-03T19:28:50,2026-12-20,NFL,Buffalo Bills,Chicago Bears,total,draftkings,,,-110,-110,51.5
2026-09-03T19:28:50,2026-12-20,NFL,Washington Commanders,Atlanta Falcons,moneyline,draftkings,-180,150,,,
2026-09-03T19:28:50,2026-12-20,NFL,Washington Commanders,Atlanta Falcons,spread,draftkings,-110,-110,,,
2026-09-03T19:28:50,2026-12-20,NFL,Washington Commanders,Atlanta Falcons,total,draftkings,,,-110,-110,46.5
2026-09-03T19:28:50,2026-12-20,NFL,Pittsburgh Steelers,Baltimore Ravens,moneyline,draftkings,124,-148,,,
2026-09-03T19:28:50,2026-12-20,NFL,Pittsburgh Steelers,Baltimore Ravens,spread,draftkings,100,-120,,,
2026-09-03T19:28:50,2026-12-20,NFL,Pittsburgh Steelers,Baltimore Ravens,total,draftkings,,,-110,-110,46.5
2026-09-03T19:28:50,2026-12-20,NFL,Carolina Panthers,Cincinnati Bengals,moneyline,draftkings,124,-148,,,
2026-09-03T19:28:50,2026-12-20,NFL,Carolina Panthers,Cincinnati Bengals,spread,draftkings,100,-120,,,
2026-09-03T19:28:50,2026-12-20,NFL,Carolina Panthers,Cincinnati Bengals,total,draftkings,,,-110,-110,47.5
2026-09-03T19:28:50,2026-12-20,NFL,New York Giants,Cleveland Browns,moneyline,draftkings,-218,180,,,
2026-09-03T19:28:50,2026-12-20,NFL,New York Giants,Cleveland Browns,spread,draftkings,-110,-110,,,
2026-09-03T19:28:50,2026-12-20,NFL,New York Giants,Cleveland Browns,total,draftkings,,,-110,-110,40.5
2026-09-03T19:28:50,2026-12-20,NFL,Green Bay Packers,Miami Dolphins,moneyline,draftkings,-650,470,,,
2026-09-03T19:28:50,2026-12-20,NFL,Green Bay Packers,Miami Dolphins,spread,draftkings,-110,-110,,,
2026-09-03T19:28:50,2026-12-20,NFL,Green Bay Packers,Miami Dolphins,total,draftkings,,,-110,-110,45.5
2026-09-03T19:28:50,2026-12-20,NFL,Houston Texans,Jacksonville Jaguars,moneyline,draftkings,-155,130,,,
2026-09-03T19:28:50,2026-12-20,NFL,Houston Texans,Jacksonville Jaguars,spread,draftkings,-110,-110,,,
2026-09-03T19:28:50,2026-12-20,NFL,Houston Texans,Jacksonville Jaguars,total,draftkings,,,-110,-110,43.5
2026-09-03T19:28:50,2026-12-20,NFL,Tennessee Titans,Indianapolis Colts,moneyline,draftkings,105,-125,,,
2026-09-03T19:28:50,2026-12-20,NFL,Tennessee Titans,Indianapolis Colts,spread,draftkings,-110,-110,,,
2026-09-03T19:28:50,2026-12-20,NFL,Tennessee Titans,Indianapolis Colts,total,draftkings,,,-110,-110,47.5
2026-09-03T19:28:50,2026-12-20,NFL,Tampa Bay Buccaneers,New Orleans Saints,moneyline,draftkings,-198,164,,,
2026-09-03T19:28:50,2026-12-20,NFL,Tampa Bay Buccaneers,New Orleans Saints,spread,draftkings,-110,-110,,,
2026-09-03T19:28:50,2026-12-20,NFL,Tampa Bay Buccaneers,New Orleans Saints,total,draftkings,,,-110,-110,45.5
2026-09-03T19:28:50,2026-12-20,NFL,Arizona Cardinals,New York Jets,moneyline,draftkings,-110,-110,,,
2026-09-03T19:28:50,2026-12-20,NFL,Arizona Cardinals,New York Jets,spread,draftkings,102,-122,,,
2026-09-03T19:28:50,2026-12-20,NFL,Arizona Cardinals,New York Jets,total,draftkings,,,-110,-110,41.5
2026-09-03T19:28:50,2026-12-20,NFL,Los Angeles Rams,Dallas Cowboys,moneyline,draftkings,-245,200,,,
2026-09-03T19:28:50,2026-12-20,NFL,Los Angeles Rams,Dallas Cowboys,spread,draftkings,-110,-110,,,
2026-09-03T19:28:50,2026-12-20,NFL,Los Angeles Rams,Dallas Cowboys,total,draftkings,,,-110,-110,52.5
2026-09-03T19:28:50,2026-12-20,NFL,Las Vegas Raiders,Denver Broncos,moneyline,draftkings,170,-205,,,
2026-09-03T19:28:50,2026-12-20,NFL,Las Vegas Raiders,Denver Broncos,spread,draftkings,-110,-110,,,
2026-09-03T19:28:50,2026-12-20,NFL,Las Vegas Raiders,Denver Broncos,total,draftkings,,,-110,-110,41.5
2026-09-03T19:28:50,2026-12-21,NFL,Minnesota Vikings,Detroit Lions,moneyline,draftkings,105,-125,,,
2026-09-03T19:28:50,2026-12-21,NFL,Minnesota Vikings,Detroit Lions,spread,draftkings,-110,-110,,,
2026-09-03T19:28:50,2026-12-21,NFL,Minnesota Vikings,Detroit Lions,total,draftkings,,,-110,-110,46.5
2026-09-03T19:28:50,2026-12-22,NFL,Kansas City Chiefs,New England Patriots,moneyline,draftkings,-142,120,,,
2026-09-03T19:28:50,2026-12-22,NFL,Kansas City Chiefs,New England Patriots,spread,draftkings,-110,-110,,,
2026-09-03T19:28:50,2026-12-22,NFL,Kansas City Chiefs,New England Patriots,total,draftkings,,,-110,-110,45.5
2026-09-03T19:28:50,2026-12-25,NFL,Philadelphia Eagles,Houston Texans,moneyline,draftkings,-135,114,,,
2026-09-03T19:28:50,2026-12-25,NFL,Philadelphia Eagles,Houston Texans,spread,draftkings,-108,-112,,,
2026-09-03T19:28:50,2026-12-25,NFL,Philadelphia Eagles,Houston Texans,total,draftkings,,,-110,-110,37.5
2026-09-03T19:28:50,2026-12-25,NFL,Philadelphia Eagles,Houston Texans,moneyline,fanduel,-132,112,,,
2026-09-03T19:28:50,2026-12-25,NFL,Philadelphia Eagles,Houston Texans,spread,fanduel,-105,-115,,,
2026-09-03T19:28:50,2026-12-25,NFL,Philadelphia Eagles,Houston Texans,total,fanduel,,,-104,-118,38.5
2026-09-03T19:28:50,2026-12-25,NFL,Chicago Bears,Green Bay Packers,moneyline,draftkings,-118,-102,,,
2026-09-03T19:28:50,2026-12-25,NFL,Chicago Bears,Green Bay Packers,spread,draftkings,-105,-115,,,
2026-09-03T19:28:50,2026-12-25,NFL,Chicago Bears,Green Bay Packers,total,draftkings,,,-110,-110,47.5
2026-09-03T19:28:50,2026-12-25,NFL,Chicago Bears,Green Bay Packers,moneyline,fanduel,-118,100,,,
2026-09-03T19:28:50,2026-12-25,NFL,Chicago Bears,Green Bay Packers,spread,fanduel,-105,-115,,,
2026-09-03T19:28:50,2026-12-25,NFL,Chicago Bears,Green Bay Packers,total,fanduel,,,-115,-105,47.5
2026-09-03T19:28:50,2026-12-25,NFL,Denver Broncos,Buffalo Bills,moneyline,draftkings,110,-130,,,
2026-09-03T19:28:50,2026-12-25,NFL,Denver Broncos,Buffalo Bills,spread,draftkings,-105,-115,,,
2026-09-03T19:28:50,2026-12-25,NFL,Denver Broncos,Buffalo Bills,total,draftkings,,,-110,-110,46.5
2026-09-03T19:28:50,2026-12-25,NFL,Denver Broncos,Buffalo Bills,moneyline,fanduel,112,-132,,,
2026-09-03T19:28:50,2026-12-25,NFL,Denver Broncos,Buffalo Bills,spread,fanduel,-105,-115,,,
2026-09-03T19:28:50,2026-12-25,NFL,Denver Broncos,Buffalo Bills,total,fanduel,,,-115,-105,46.5
2026-09-03T19:28:50,2026-12-26,NFL,Seattle Seahawks,Los Angeles Rams,moneyline,draftkings,-130,110,,,
2026-09-03T19:28:50,2026-12-26,NFL,Seattle Seahawks,Los Angeles Rams,spread,draftkings,-115,-105,,,
2026-09-03T19:28:50,2026-12-26,NFL,Seattle Seahawks,Los Angeles Rams,total,draftkings,,,-110,-110,47.5
2026-09-03T19:28:50,2026-12-26,NFL,Seattle Seahawks,Los Angeles Rams,moneyline,fanduel,100,-118,,,
2026-09-03T19:28:50,2026-12-26,NFL,Seattle Seahawks,Los Angeles Rams,spread,fanduel,-115,-105,,,
2026-09-03T19:28:50,2026-12-26,NFL,Seattle Seahawks,Los Angeles Rams,total,fanduel,,,-110,-110,45.5
2026-09-03T19:28:50,2026-12-27,NFL,New Orleans Saints,Arizona Cardinals,moneyline,draftkings,-250,205,,,
2026-09-03T19:28:50,2026-12-27,NFL,New Orleans Saints,Arizona Cardinals,spread,draftkings,-110,-110,,,
2026-09-03T19:28:50,2026-12-27,NFL,New Orleans Saints,Arizona Cardinals,total,draftkings,,,-110,-110,44.5
2026-09-03T19:28:50,2026-12-27,NFL,Atlanta Falcons,Tampa Bay Buccaneers,moneyline,draftkings,105,-125,,,
2026-09-03T19:28:50,2026-12-27,NFL,Atlanta Falcons,Tampa Bay Buccaneers,spread,draftkings,-110,-110,,,
2026-09-03T19:28:50,2026-12-27,NFL,Atlanta Falcons,Tampa Bay Buccaneers,total,draftkings,,,-110,-110,45.5
2026-09-03T19:28:50,2026-12-27,NFL,Baltimore Ravens,Cleveland Browns,moneyline,draftkings,-425,330,,,
2026-09-03T19:28:50,2026-12-27,NFL,Baltimore Ravens,Cleveland Browns,spread,draftkings,-110,-110,,,
2026-09-03T19:28:50,2026-12-27,NFL,Baltimore Ravens,Cleveland Browns,total,draftkings,,,-110,-110,43.5
2026-09-03T19:28:50,2026-12-27,NFL,Pittsburgh Steelers,Carolina Panthers,moneyline,draftkings,-192,160,,,
2026-09-03T19:28:50,2026-12-27,NFL,Pittsburgh Steelers,Carolina Panthers,spread,draftkings,-110,-110,,,
2026-09-03T19:28:50,2026-12-27,NFL,Pittsburgh Steelers,Carolina Panthers,total,draftkings,,,-110,-110,41.5
2026-09-03T19:28:50,2026-12-27,NFL,Indianapolis Colts,Cincinnati Bengals,moneyline,draftkings,102,-122,,,
2026-09-03T19:28:50,2026-12-27,NFL,Indianapolis Colts,Cincinnati Bengals,spread,draftkings,-110,-110,,,
2026-09-03T19:28:50,2026-12-27,NFL,Indianapolis Colts,Cincinnati Bengals,total,draftkings,,,-110,-110,52.5
2026-09-03T19:28:50,2026-12-27,NFL,Las Vegas Raiders,Tennessee Titans,moneyline,draftkings,-125,105,,,
2026-09-03T19:28:50,2026-12-27,NFL,Las Vegas Raiders,Tennessee Titans,spread,draftkings,-110,-110,,,
2026-09-03T19:28:50,2026-12-27,NFL,Las Vegas Raiders,Tennessee Titans,total,draftkings,,,-110,-110,42.5
2026-09-03T19:28:50,2026-12-27,NFL,Miami Dolphins,Los Angeles Chargers,moneyline,draftkings,295,-375,,,
2026-09-03T19:28:50,2026-12-27,NFL,Miami Dolphins,Los Angeles Chargers,spread,draftkings,-108,-112,,,
2026-09-03T19:28:50,2026-12-27,NFL,Miami Dolphins,Los Angeles Chargers,total,draftkings,,,-110,-110,45.5
2026-09-03T19:28:50,2026-12-27,NFL,Minnesota Vikings,Washington Commanders,moneyline,draftkings,-142,120,,,
2026-09-03T19:28:50,2026-12-27,NFL,Minnesota Vikings,Washington Commanders,spread,draftkings,-110,-110,,,
2026-09-03T19:28:50,2026-12-27,NFL,Minnesota Vikings,Washington Commanders,total,draftkings,,,-110,-110,46.5
2026-09-03T19:28:50,2026-12-27,NFL,New York Jets,New England Patriots,moneyline,draftkings,225,-278,,,
2026-09-03T19:28:50,2026-12-27,NFL,New York Jets,New England Patriots,spread,draftkings,-110,-110,,,
2026-09-03T19:28:50,2026-12-27,NFL,New York Jets,New England Patriots,total,draftkings,,,-110,-110,40.5
2026-09-03T19:28:50,2026-12-27,NFL,Kansas City Chiefs,San Francisco 49ers,moneyline,draftkings,-162,136,,,
2026-09-03T19:28:50,2026-12-27,NFL,Kansas City Chiefs,San Francisco 49ers,spread,draftkings,100,-120,,,
2026-09-03T19:28:50,2026-12-27,NFL,Kansas City Chiefs,San Francisco 49ers,total,draftkings,,,-110,-110,46.5
2026-09-03T19:28:50,2026-12-28,NFL,Dallas Cowboys,Jacksonville Jaguars,moneyline,draftkings,-162,136,,,
2026-09-03T19:28:50,2026-12-28,NFL,Dallas Cowboys,Jacksonville Jaguars,spread,draftkings,-102,-118,,,
2026-09-03T19:28:50,2026-12-28,NFL,Dallas Cowboys,Jacksonville Jaguars,total,draftkings,,,-110,-110,51.5
2026-09-03T19:28:50,2026-12-29,NFL,Detroit Lions,New York Giants,moneyline,draftkings,-205,170,,,
2026-09-03T19:28:50,2026-12-29,NFL,Detroit Lions,New York Giants,spread,draftkings,-110,-110,,,
2026-09-03T19:28:50,2026-12-29,NFL,Detroit Lions,New York Giants,total,draftkings,,,-110,-110,49.5
2026-09-03T19:28:50,2027-01-01,NFL,Cincinnati Bengals,Baltimore Ravens,moneyline,draftkings,-135,114,,,
2026-09-03T19:28:50,2027-01-01,NFL,Cincinnati Bengals,Baltimore Ravens,spread,draftkings,-110,-110,,,
2026-09-03T19:28:50,2027-01-01,NFL,Cincinnati Bengals,Baltimore Ravens,total,draftkings,,,-110,-110,51.5
2026-09-03T19:28:50,2027-01-03,NFL,Atlanta Falcons,New Orleans Saints,moneyline,draftkings,-122,102,,,
2026-09-03T19:28:50,2027-01-03,NFL,Atlanta Falcons,New Orleans Saints,spread,draftkings,-110,-110,,,
2026-09-03T19:28:50,2027-01-03,NFL,Atlanta Falcons,New Orleans Saints,total,draftkings,,,-110,-110,44.5
2026-09-03T19:28:50,2027-01-03,NFL,Miami Dolphins,Buffalo Bills,moneyline,draftkings,295,-375,,,
2026-09-03T19:28:50,2027-01-03,NFL,Miami Dolphins,Buffalo Bills,spread,draftkings,-110,-110,,,
2026-09-03T19:28:50,2027-01-03,NFL,Miami Dolphins,Buffalo Bills,total,draftkings,,,-110,-110,47.5
2026-09-03T19:28:50,2027-01-03,NFL,Carolina Panthers,Seattle Seahawks,moneyline,draftkings,200,-245,,,
2026-09-03T19:28:50,2027-01-03,NFL,Carolina Panthers,Seattle Seahawks,spread,draftkings,-110,-110,,,
2026-09-03T19:28:50,2027-01-03,NFL,Carolina Panthers,Seattle Seahawks,total,draftkings,,,-110,-110,42.5
2026-09-03T19:28:50,2027-01-03,NFL,Cleveland Browns,Indianapolis Colts,moneyline,draftkings,114,-135,,,
2026-09-03T19:28:50,2027-01-03,NFL,Cleveland Browns,Indianapolis Colts,spread,draftkings,-110,-110,,,
2026-09-03T19:28:50,2027-01-03,NFL,Cleveland Browns,Indianapolis Colts,total,draftkings,,,-110,-110,43.5
2026-09-03T19:28:50,2027-01-03,NFL,Dallas Cowboys,New York Giants,moneyline,draftkings,-218,180,,,
2026-09-03T19:28:50,2027-01-03,NFL,Dallas Cowboys,New York Giants,spread,draftkings,-110,-110,,,
2026-09-03T19:28:50,2027-01-03,NFL,Dallas Cowboys,New York Giants,total,draftkings,,,-110,-110,49.5
2026-09-03T19:28:50,2027-01-03,NFL,New England Patriots,Denver Broncos,moneyline,draftkings,-135,114,,,
2026-09-03T19:28:50,2027-01-03,NFL,New England Patriots,Denver Broncos,spread,draftkings,-110,-110,,,
2026-09-03T19:28:50,2027-01-03,NFL,New England Patriots,Denver Broncos,total,draftkings,,,-110,-110,42.5
2026-09-03T19:28:50,2027-01-03,NFL,Jacksonville Jaguars,Washington Commanders,moneyline,draftkings,-192,160,,,
2026-09-03T19:28:50,2027-01-03,NFL,Jacksonville Jaguars,Washington Commanders,spread,draftkings,-110,-110,,,
2026-09-03T19:28:50,2027-01-03,NFL,Jacksonville Jaguars,Washington Commanders,total,draftkings,,,-110,-110,48.5
2026-09-03T19:28:50,2027-01-03,NFL,Tampa Bay Buccaneers,Los Angeles Rams,moneyline,draftkings,180,-218,,,
2026-09-03T19:28:50,2027-01-03,NFL,Tampa Bay Buccaneers,Los Angeles Rams,spread,draftkings,-110,-110,,,
2026-09-03T19:28:50,2027-01-03,NFL,Tampa Bay Buccaneers,Los Angeles Rams,total,draftkings,,,-110,-110,48.5
2026-09-03T19:28:50,2027-01-03,NFL,New York Jets,Minnesota Vikings,moneyline,draftkings,160,-192,,,
2026-09-03T19:28:50,2027-01-03,NFL,New York Jets,Minnesota Vikings,spread,draftkings,-110,-110,,,
2026-09-03T19:28:50,2027-01-03,NFL,New York Jets,Minnesota Vikings,total,draftkings,,,-110,-110,39.5
2026-09-03T19:28:50,2027-01-03,NFL,Tennessee Titans,Pittsburgh Steelers,moneyline,draftkings,102,-122,,,
2026-09-03T19:28:50,2027-01-03,NFL,Tennessee Titans,Pittsburgh Steelers,spread,draftkings,-110,-110,,,
2026-09-03T19:28:50,2027-01-03,NFL,Tennessee Titans,Pittsburgh Steelers,total,draftkings,,,-110,-110,42.5
2026-09-03T19:28:50,2027-01-03,NFL,Arizona Cardinals,Las Vegas Raiders,moneyline,draftkings,110,-130,,,
2026-09-03T19:28:50,2027-01-03,NFL,Arizona Cardinals,Las Vegas Raiders,spread,draftkings,-105,-115,,,
2026-09-03T19:28:50,2027-01-03,NFL,Arizona Cardinals,Las Vegas Raiders,total,draftkings,,,-110,-110,42.5
2026-09-03T19:28:50,2027-01-03,NFL,Chicago Bears,Detroit Lions,moneyline,draftkings,-122,102,,,
2026-09-03T19:28:50,2027-01-03,NFL,Chicago Bears,Detroit Lions,spread,draftkings,-110,-110,,,
2026-09-03T19:28:50,2027-01-03,NFL,Chicago Bears,Detroit Lions,total,draftkings,,,-110,-110,49.5
2026-09-03T19:28:50,2027-01-03,NFL,Los Angeles Chargers,Kansas City Chiefs,moneyline,draftkings,-125,105,,,
2026-09-03T19:28:50,2027-01-03,NFL,Los Angeles Chargers,Kansas City Chiefs,spread,draftkings,-110,-110,,,
2026-09-03T19:28:50,2027-01-03,NFL,Los Angeles Chargers,Kansas City Chiefs,total,draftkings,,,-110,-110,45.5
2026-09-03T19:28:50,2027-01-04,NFL,San Francisco 49ers,Philadelphia Eagles,moneyline,draftkings,-125,105,,,
2026-09-03T19:28:50,2027-01-04,NFL,San Francisco 49ers,Philadelphia Eagles,spread,draftkings,-110,-110,,,
2026-09-03T19:28:50,2027-01-04,NFL,San Francisco 49ers,Philadelphia Eagles,total,draftkings,,,-110,-110,45.5
2026-09-03T19:28:50,2027-01-05,NFL,Green Bay Packers,Houston Texans,moneyline,draftkings,-135,114,,,
2026-09-03T19:28:50,2027-01-05,NFL,Green Bay Packers,Houston Texans,spread,draftkings,-110,-110,,,
2026-09-03T19:28:50,2027-01-05,NFL,Green Bay Packers,Houston Texans,total,draftkings,,,-110,-110,42.5
2026-09-03T19:28:50,2027-01-10,NFL,Carolina Panthers,Atlanta Falcons,moneyline,draftkings,-135,114,,,
2026-09-03T19:28:50,2027-01-10,NFL,Carolina Panthers,Atlanta Falcons,spread,draftkings,-110,-110,,,
2026-09-03T19:28:50,2027-01-10,NFL,Carolina Panthers,Atlanta Falcons,total,draftkings,,,-110,-110,41.5
2026-09-03T19:28:50,2027-01-10,NFL,Baltimore Ravens,Pittsburgh Steelers,moneyline,draftkings,-238,195,,,
2026-09-03T19:28:50,2027-01-10,NFL,Baltimore Ravens,Pittsburgh Steelers,spread,draftkings,-110,-110,,,
2026-09-03T19:28:50,2027-01-10,NFL,Baltimore Ravens,Pittsburgh Steelers,total,draftkings,,,-110,-110,43.5
2026-09-03T19:28:50,2027-01-10,NFL,Buffalo Bills,New York Jets,moneyline,draftkings,-485,370,,,
2026-09-03T19:28:50,2027-01-10,NFL,Buffalo Bills,New York Jets,spread,draftkings,-110,-110,,,
2026-09-03T19:28:50,2027-01-10,NFL,Buffalo Bills,New York Jets,total,draftkings,,,-110,-110,43.5
2026-09-03T19:28:50,2027-01-10,NFL,Minnesota Vikings,Chicago Bears,moneyline,draftkings,-125,105,,,
2026-09-03T19:28:50,2027-01-10,NFL,Minnesota Vikings,Chicago Bears,spread,draftkings,-110,-110,,,
2026-09-03T19:28:50,2027-01-10,NFL,Minnesota Vikings,Chicago Bears,total,draftkings,,,-110,-110,43.5
2026-09-03T19:28:50,2027-01-10,NFL,Cincinnati Bengals,Cleveland Browns,moneyline,draftkings,-355,280,,,
2026-09-03T19:28:50,2027-01-10,NFL,Cincinnati Bengals,Cleveland Browns,spread,draftkings,-110,-110,,,
2026-09-03T19:28:50,2027-01-10,NFL,Cincinnati Bengals,Cleveland Browns,total,draftkings,,,-110,-110,43.5
2026-09-03T19:28:50,2027-01-10,NFL,Washington Commanders,Dallas Cowboys,moneyline,draftkings,102,-122,,,
2026-09-03T19:28:50,2027-01-10,NFL,Washington Commanders,Dallas Cowboys,spread,draftkings,-110,-110,,,
2026-09-03T19:28:50,2027-01-10,NFL,Washington Commanders,Dallas Cowboys,total,draftkings,,,-110,-110,49.5
2026-09-03T19:28:50,2027-01-10,NFL,Denver Broncos,Los Angeles Chargers,moneyline,draftkings,-125,105,,,
2026-09-03T19:28:50,2027-01-10,NFL,Denver Broncos,Los Angeles Chargers,spread,draftkings,-110,-110,,,
2026-09-03T19:28:50,2027-01-10,NFL,Denver Broncos,Los Angeles Chargers,total,draftkings,,,-110,-110,41.5
2026-09-03T19:28:50,2027-01-10,NFL,Green Bay Packers,Detroit Lions,moneyline,draftkings,-135,114,,,
2026-09-03T19:28:50,2027-01-10,NFL,Green Bay Packers,Detroit Lions,spread,draftkings,-110,-110,,,
2026-09-03T19:28:50,2027-01-10,NFL,Green Bay Packers,Detroit Lions,total,draftkings,,,-110,-110,47.5
2026-09-03T19:28:50,2027-01-10,NFL,Houston Texans,Tennessee Titans,moneyline,draftkings,-290,235,,,
2026-09-03T19:28:50,2027-01-10,NFL,Houston Texans,Tennessee Titans,spread,draftkings,-110,-110,,,
2026-09-03T19:28:50,2027-01-10,NFL,Houston Texans,Tennessee Titans,total,draftkings,,,-110,-110,39.5
2026-09-03T19:28:50,2027-01-10,NFL,Indianapolis Colts,Jacksonville Jaguars,moneyline,draftkings,-125,105,,,
2026-09-03T19:28:50,2027-01-10,NFL,Indianapolis Colts,Jacksonville Jaguars,spread,draftkings,-110,-110,,,
2026-09-03T19:28:50,2027-01-10,NFL,Indianapolis Colts,Jacksonville Jaguars,total,draftkings,,,-110,-110,46.5
2026-09-03T19:28:50,2027-01-10,NFL,Kansas City Chiefs,Las Vegas Raiders,moneyline,draftkings,-395,310,,,
2026-09-03T19:28:50,2027-01-10,NFL,Kansas City Chiefs,Las Vegas Raiders,spread,draftkings,-110,-110,,,
2026-09-03T19:28:50,2027-01-10,NFL,Kansas City Chiefs,Las Vegas Raiders,total,draftkings,,,-110,-110,40.5
2026-09-03T19:28:50,2027-01-10,NFL,New England Patriots,Miami Dolphins,moneyline,draftkings,-600,440,,,
2026-09-03T19:28:50,2027-01-10,NFL,New England Patriots,Miami Dolphins,spread,draftkings,-110,-110,,,
2026-09-03T19:28:50,2027-01-10,NFL,New England Patriots,Miami Dolphins,total,draftkings,,,-110,-110,42.5
2026-09-03T19:28:50,2027-01-10,NFL,New Orleans Saints,Tampa Bay Buccaneers,moneyline,draftkings,105,-125,,,
2026-09-03T19:28:50,2027-01-10,NFL,New Orleans Saints,Tampa Bay Buccaneers,spread,draftkings,-110,-110,,,
2026-09-03T19:28:50,2027-01-10,NFL,New Orleans Saints,Tampa Bay Buccaneers,total,draftkings,,,-110,-110,43.5
2026-09-03T19:28:50,2027-01-10,NFL,New York Giants,Philadelphia Eagles,moneyline,draftkings,130,-155,,,
2026-09-03T19:28:50,2027-01-10,NFL,New York Giants,Philadelphia Eagles,spread,draftkings,-110,-110,,,
2026-09-03T19:28:50,2027-01-10,NFL,New York Giants,Philadelphia Eagles,total,draftkings,,,-110,-110,41.5
2026-09-03T19:28:50,2027-01-10,NFL,Arizona Cardinals,San Francisco 49ers,moneyline,draftkings,330,-425,,,
2026-09-03T19:28:50,2027-01-10,NFL,Arizona Cardinals,San Francisco 49ers,spread,draftkings,-110,-110,,,
2026-09-03T19:28:50,2027-01-10,NFL,Arizona Cardinals,San Francisco 49ers,total,draftkings,,,-110,-110,44.5
2026-09-03T19:28:50,2027-01-10,NFL,Los Angeles Rams,Seattle Seahawks,moneyline,draftkings,-155,130,,,
2026-09-03T19:28:50,2027-01-10,NFL,Los Angeles Rams,Seattle Seahawks,spread,draftkings,-110,-110,,,
2026-09-03T19:28:50,2027-01-10,NFL,Los Angeles Rams,Seattle Seahawks,total,draftkings,,,-110,-110,44.5
2026-09-03T19:28:50,2026-09-03,NCAAF,Rutgers Scarlet Knights,UMass Minutemen,moneyline,betmgm,-10000,2500,,,
2026-09-03T19:28:50,2026-09-05,NCAAF,Alabama Crimson Tide,East Carolina Pirates,moneyline,betmgm,-5000,2200,,,
2026-09-03T19:28:50,2026-09-05,NCAAF,Pittsburgh Panthers,Miami (OH) RedHawks,spread,betmgm,-108,-110,,,
2026-09-01T19:38:32,2026-09-05,NCAAF,BYU Cougars,Utah Tech Trailblazers,spread,fanduel,-110,-110,,,
2026-09-01T19:38:32,2026-09-05,NCAAF,BYU Cougars,Utah Tech Trailblazers,total,fanduel,,,-105,-115,61.5
2026-09-01T19:38:32,2026-09-05,NCAAF,BYU Cougars,Utah Tech Trailblazers,spread,draftkings,-110,-110,,,
2026-09-01T19:38:32,2026-09-05,NCAAF,BYU Cougars,Utah Tech Trailblazers,total,draftkings,,,-105,-115,61.5
2026-09-03T19:28:50,2026-09-05,NCAAF,Louisiana Tech Bulldogs,Northwestern State Demons,spread,draftkings,-115,-105,,,
2026-09-03T19:28:50,2026-09-05,NCAAF,Louisiana Tech Bulldogs,Northwestern State Demons,total,draftkings,,,-105,-115,55.5
2026-09-03T19:28:50,2026-09-05,NCAAF,Mississippi State Bulldogs,UL Monroe Warhawks,moneyline,betmgm,-10000,2000,,,
2026-09-03T19:28:50,2026-09-05,NCAAF,Virginia Tech Hokies,VMI Keydets,spread,draftkings,-108,-112,,,
2026-09-03T19:28:50,2026-09-05,NCAAF,Virginia Tech Hokies,VMI Keydets,total,draftkings,,,-122,102,61.5
2026-09-03T19:28:50,2026-09-07,NCAAF,Florida State Seminoles,SMU Mustangs,moneyline,betmgm,125,-150,,,
2026-09-03T19:28:50,2026-09-07,NCAAF,Florida State Seminoles,SMU Mustangs,spread,betmgm,-110,-110,,,
2026-09-03T19:28:50,2026-09-07,NCAAF,Florida State Seminoles,SMU Mustangs,total,betmgm,,,-108,-110,53.5
2026-09-02T01:28:06,2026-09-02,MLB,Houston Astros,Chicago White Sox,moneyline,fanduel,-130,102,,,
2026-09-02T01:28:06,2026-09-02,MLB,Houston Astros,Chicago White Sox,spread,fanduel,210,-300,,,
2026-09-02T01:28:06,2026-09-02,MLB,Houston Astros,Chicago White Sox,total,fanduel,,,118,-158,5.5
2026-09-02T01:28:06,2026-09-02,MLB,Houston Astros,Chicago White Sox,moneyline,draftkings,-138,106,,,
2026-09-02T01:28:06,2026-09-02,MLB,Houston Astros,Chicago White Sox,spread,draftkings,195,-265,,,
2026-09-02T01:28:06,2026-09-02,MLB,Houston Astros,Chicago White Sox,total,draftkings,,,-144,110,4.5
2026-09-02T01:28:06,2026-09-02,MLB,Houston Astros,Chicago White Sox,moneyline,betmgm,-125,100,,,
2026-09-02T01:28:06,2026-09-02,MLB,Houston Astros,Chicago White Sox,spread,betmgm,-250,190,,,
2026-09-02T01:28:06,2026-09-02,MLB,Houston Astros,Chicago White Sox,total,betmgm,,,120,-155,5.5
2026-09-02T01:28:06,2026-09-02,MLB,Cincinnati Reds,San Diego Padres,moneyline,fanduel,122,-144,,,
2026-09-02T19:31:19,2026-09-02,MLB,Cincinnati Reds,San Diego Padres,spread,fanduel,-580,360,,,
2026-09-02T19:31:19,2026-09-02,MLB,Cincinnati Reds,San Diego Padres,total,fanduel,,,360,-580,10.5
2026-09-02T01:28:06,2026-09-02,MLB,Cincinnati Reds,San Diego Padres,moneyline,draftkings,119,-144,,,
2026-09-02T19:31:19,2026-09-02,MLB,Cincinnati Reds,San Diego Padres,total,draftkings,,,427,-700,10.5
2026-09-02T19:31:19,2026-09-02,MLB,Cincinnati Reds,San Diego Padres,moneyline,betmgm,-10000,2200,,,
2026-09-02T19:31:19,2026-09-02,MLB,Cincinnati Reds,San Diego Padres,spread,betmgm,-285,210,,,
2026-09-02T19:31:19,2026-09-02,MLB,Cincinnati Reds,San Diego Padres,total,betmgm,,,210,-285,10.5
2026-09-02T19:31:19,2026-09-02,MLB,Washington Nationals,Atlanta Braves,moneyline,fanduel,126,-162,,,
2026-09-02T19:31:19,2026-09-02,MLB,Washington Nationals,Atlanta Braves,spread,fanduel,-160,120,,,
2026-09-02T19:31:19,2026-09-02,MLB,Washington Nationals,Atlanta Braves,total,fanduel,,,116,-154,5.5
2026-09-02T19:31:19,2026-09-02,MLB,Cleveland Guardians,Toronto Blue Jays,moneyline,fanduel,112,-132,,,
2026-09-03T01:31:05,2026-09-02,MLB,Cleveland Guardians,Toronto Blue Jays,spread,fanduel,350,-550,,,
2026-09-02T19:31:19,2026-09-02,MLB,Cleveland Guardians,Toronto Blue Jays,total,fanduel,,,100,-122,7.5
2026-09-02T19:31:19,2026-09-02,MLB,Cleveland Guardians,Toronto Blue Jays,moneyline,draftkings,109,-131,,,
2026-09-03T01:31:05,2026-09-02,MLB,Cleveland Guardians,Toronto Blue Jays,total,draftkings,,,359,-551,11.5
2026-09-02T19:31:19,2026-09-02,MLB,Cleveland Guardians,Toronto Blue Jays,moneyline,betmgm,110,-130,,,
2026-09-03T01:31:05,2026-09-02,MLB,Cleveland Guardians,Toronto Blue Jays,spread,betmgm,350,-525,,,
2026-09-03T01:31:05,2026-09-02,MLB,Cleveland Guardians,Toronto Blue Jays,total,betmgm,,,350,-525,11.5
2026-09-03T01:31:05,2026-09-02,MLB,Pittsburgh Pirates,San Francisco Giants,moneyline,fanduel,340,-500,,,
2026-09-03T01:31:05,2026-09-02,MLB,Pittsburgh Pirates,San Francisco Giants,spread,fanduel,-108,-122,,,
2026-09-03T01:31:05,2026-09-02,MLB,Pittsburgh Pirates,San Francisco Giants,total,fanduel,,,136,-182,9.5
2026-09-03T01:31:05,2026-09-02,MLB,Pittsburgh Pirates,San Francisco Giants,moneyline,draftkings,262,-371,,,
2026-09-03T01:31:05,2026-09-02,MLB,Pittsburgh Pirates,San Francisco Giants,total,draftkings,,,-184,140,8.5
2026-09-03T01:31:05,2026-09-02,MLB,Pittsburgh Pirates,San Francisco Giants,moneyline,betmgm,280,-375,,,
2026-09-03T01:31:05,2026-09-02,MLB,Pittsburgh Pirates,San Francisco Giants,spread,betmgm,-160,125,,,
2026-09-03T01:31:05,2026-09-02,MLB,Pittsburgh Pirates,San Francisco Giants,total,betmgm,,,-185,140,8.5
2026-09-03T01:31:05,2026-09-02,MLB,Chicago Cubs,Milwaukee Brewers,moneyline,fanduel,148,-192,,,
2026-09-03T01:31:05,2026-09-02,MLB,Chicago Cubs,Milwaukee Brewers,spread,fanduel,-136,102,,,
2026-09-03T01:31:05,2026-09-02,MLB,Chicago Cubs,Milwaukee Brewers,total,fanduel,,,-136,102,15.5
2026-09-03T01:31:05,2026-09-02,MLB,Chicago Cubs,Milwaukee Brewers,moneyline,draftkings,161,-214,,,
2026-09-03T01:31:05,2026-09-02,MLB,Minnesota Twins,Detroit Tigers,moneyline,fanduel,680,-1400,,,
2026-09-03T01:31:05,2026-09-02,MLB,Minnesota Twins,Detroit Tigers,spread,fanduel,-114,-114,,,
2026-09-03T01:31:05,2026-09-02,MLB,Minnesota Twins,Detroit Tigers,total,fanduel,,,116,-154,9.5
2026-09-03T01:31:05,2026-09-02,MLB,Minnesota Twins,Detroit Tigers,moneyline,draftkings,630,-1280,,,
2026-09-03T01:31:05,2026-09-02,MLB,Minnesota Twins,Detroit Tigers,total,draftkings,,,-139,107,8.5
2026-09-03T01:31:05,2026-09-02,MLB,Minnesota Twins,Detroit Tigers,moneyline,betmgm,800,-1600,,,
2026-09-03T01:31:05,2026-09-02,MLB,Minnesota Twins,Detroit Tigers,total,betmgm,,,-135,105,8.5
2026-09-03T01:31:05,2026-09-02,MLB,Kansas City Royals,Miami Marlins,moneyline,fanduel,-520,350,,,
2026-09-03T01:31:05,2026-09-02,MLB,Kansas City Royals,Miami Marlins,spread,fanduel,-174,130,,,
2026-09-03T01:31:05,2026-09-02,MLB,Kansas City Royals,Miami Marlins,total,fanduel,,,-120,-110,13.5
2026-09-03T01:31:05,2026-09-02,MLB,Kansas City Royals,Miami Marlins,moneyline,draftkings,-337,241,,,
2026-09-03T01:31:05,2026-09-02,MLB,Kansas City Royals,Miami Marlins,total,draftkings,,,-119,-109,14.5
2026-09-03T01:31:05,2026-09-03,MLB,Los Angeles Angels,New York Yankees,moneyline,fanduel,136,-162,,,
2026-09-03T01:31:05,2026-09-03,MLB,Los Angeles Angels,New York Yankees,spread,fanduel,-134,112,,,
2026-09-03T01:31:05,2026-09-03,MLB,Los Angeles Angels,New York Yankees,total,fanduel,,,-112,-108,6.5
2026-09-03T01:31:05,2026-09-03,MLB,Los Angeles Angels,New York Yankees,moneyline,draftkings,133,-161,,,
2026-09-03T01:31:05,2026-09-03,MLB,Los Angeles Angels,New York Yankees,total,draftkings,,,-112,-108,6.5
2026-09-03T01:31:05,2026-09-03,MLB,Los Angeles Angels,New York Yankees,moneyline,betmgm,135,-160,,,
2026-09-03T01:31:05,2026-09-03,MLB,Los Angeles Angels,New York Yankees,spread,betmgm,-145,118,,,
2026-09-03T01:31:05,2026-09-03,MLB,Los Angeles Angels,New York Yankees,total,betmgm,,,-110,-110,6.5
2026-09-03T19:28:50,2026-09-06,NCAAF,Maryland Terrapins,Hampton Pirates,spread,draftkings,-110,-110,,,
2026-09-03T19:28:50,2026-09-06,NCAAF,Maryland Terrapins,Hampton Pirates,total,draftkings,,,-112,-108,56.5
2026-09-03T19:28:50,2026-09-06,NCAAF,Louisiana Ragin Cajuns,Lamar Cardinals,moneyline,draftkings,-1200,750,,,
2026-09-03T19:28:50,2026-09-06,NCAAF,Louisiana Ragin Cajuns,Lamar Cardinals,spread,draftkings,-108,-112,,,
2026-09-03T19:28:50,2026-09-06,NCAAF,Louisiana Ragin Cajuns,Lamar Cardinals,total,draftkings,,,-110,-110,48.5
2026-09-03T19:28:50,2026-09-06,NCAAF,Northwestern Wildcats,South Dakota State Jackrabbits,moneyline,draftkings,-500,380,,,
2026-09-03T19:28:50,2026-09-06,NCAAF,Northwestern Wildcats,South Dakota State Jackrabbits,spread,draftkings,-105,-115,,,
2026-09-03T19:28:50,2026-09-06,NCAAF,Northwestern Wildcats,South Dakota State Jackrabbits,total,draftkings,,,-110,-110,46.5
2026-09-03T19:28:50,2026-09-06,NCAAF,New Mexico State Aggies,Mercyhurst Lakers,moneyline,draftkings,-8000,2200,,,
2026-09-03T19:28:50,2026-09-06,NCAAF,New Mexico State Aggies,Mercyhurst Lakers,spread,draftkings,-112,-108,,,
2026-09-03T19:28:50,2026-09-06,NCAAF,New Mexico State Aggies,Mercyhurst Lakers,total,draftkings,,,-105,-115,52.5
2026-09-03T19:28:50,2026-09-06,NCAAF,Arizona Wildcats,Northern Arizona Lumberjacks,moneyline,draftkings,-8000,2200,,,
2026-09-03T19:28:50,2026-09-06,NCAAF,Arizona Wildcats,Northern Arizona Lumberjacks,spread,draftkings,-108,-112,,,
2026-09-03T19:28:50,2026-09-06,NCAAF,Arizona Wildcats,Northern Arizona Lumberjacks,total,draftkings,,,-105,-115,58.5
2026-09-03T19:28:50,2026-09-06,NCAAF,San Diego State Aztecs,Portland State Vikings,spread,draftkings,-115,-105,,,
2026-09-03T19:28:50,2026-09-06,NCAAF,San Diego State Aztecs,Portland State Vikings,total,draftkings,,,-120,100,61.5
2026-09-03T19:28:50,2026-09-06,NCAAF,Arizona State Sun Devils,Morgan State Bears,spread,draftkings,-115,-105,,,
2026-09-03T19:28:50,2026-09-06,NCAAF,Arizona State Sun Devils,Morgan State Bears,total,draftkings,,,-112,-108,52.5
2026-09-03T19:28:50,2026-09-06,NCAAF,Sacramento State Hornets,Mississippi Valley State Delta Devils,spread,draftkings,-108,-112,,,
2026-09-03T19:28:50,2026-09-06,NCAAF,Sacramento State Hornets,Mississippi Valley State Delta Devils,total,draftkings,,,-112,-108,56.5
2026-09-03T19:28:50,2026-09-12,NCAAF,Utah Utes,Arkansas Razorbacks,moneyline,draftkings,-410,320,,,
2026-09-03T19:28:50,2026-09-12,NCAAF,Utah Utes,Arkansas Razorbacks,spread,draftkings,-115,-105,,,
2026-09-03T19:28:50,2026-09-12,NCAAF,Utah Utes,Arkansas Razorbacks,total,draftkings,,,-108,-112,54.5
2026-09-03T19:28:50,2026-10-10,NCAAF,Oklahoma Sooners,Texas Longhorns,moneyline,draftkings,180,-218,,,
2026-09-03T19:28:50,2026-10-10,NCAAF,Oklahoma Sooners,Texas Longhorns,spread,draftkings,-108,-112,,,
2026-09-03T19:28:50,2026-10-10,NCAAF,Oklahoma Sooners,Texas Longhorns,total,draftkings,,,-108,-112,48.5
2026-09-03T19:28:50,2026-10-11,NCAAF,Alabama Crimson Tide,Georgia Bulldogs,moneyline,draftkings,136,-162,,,
2026-09-03T19:28:50,2026-10-11,NCAAF,Alabama Crimson Tide,Georgia Bulldogs,spread,draftkings,-110,-110,,,
2026-09-03T19:28:50,2026-10-11,NCAAF,Alabama Crimson Tide,Georgia Bulldogs,total,draftkings,,,-120,100,50.5
2026-09-03T19:28:50,2026-10-17,NCAAF,Indiana Hoosiers,Ohio State Buckeyes,moneyline,draftkings,-110,-110,,,
2026-09-03T19:28:50,2026-10-17,NCAAF,Indiana Hoosiers,Ohio State Buckeyes,spread,draftkings,-102,-118,,,
2026-09-03T19:28:50,2026-10-17,NCAAF,Indiana Hoosiers,Ohio State Buckeyes,total,draftkings,,,-108,-112,48.5
2026-09-03T19:28:50,2026-10-17,NCAAF,Kansas State Wildcats,Kansas Jayhawks,moneyline,draftkings,-290,235,,,
2026-09-03T19:28:50,2026-10-17,NCAAF,Kansas State Wildcats,Kansas Jayhawks,spread,draftkings,-108,-112,,,
2026-09-03T19:28:50,2026-10-17,NCAAF,Kansas State Wildcats,Kansas Jayhawks,total,draftkings,,,-112,-108,54.5
2026-09-03T19:28:50,2026-10-17,NCAAF,Michigan Wolverines,Penn State Nittany Lions,moneyline,draftkings,-270,220,,,
2026-09-03T19:28:50,2026-10-17,NCAAF,Michigan Wolverines,Penn State Nittany Lions,spread,draftkings,-112,-108,,,
2026-09-03T19:28:50,2026-10-17,NCAAF,Michigan Wolverines,Penn State Nittany Lions,total,draftkings,,,-108,-112,51.5
2026-09-03T19:28:50,2026-10-17,NCAAF,Oregon Ducks,Nebraska Cornhuskers,moneyline,draftkings,-3600,1500,,,
2026-09-03T19:28:50,2026-10-17,NCAAF,Oregon Ducks,Nebraska Cornhuskers,spread,draftkings,-108,-112,,,
2026-09-03T19:28:50,2026-10-17,NCAAF,Oregon Ducks,Nebraska Cornhuskers,total,draftkings,,,-108,-112,51.5
2026-09-03T19:28:50,2026-10-24,NCAAF,Alabama Crimson Tide,Texas A&M Aggies,moneyline,draftkings,-142,120,,,
2026-09-03T19:28:50,2026-10-24,NCAAF,Alabama Crimson Tide,Texas A&M Aggies,spread,draftkings,-108,-112,,,
2026-09-03T19:28:50,2026-10-24,NCAAF,Alabama Crimson Tide,Texas A&M Aggies,total,draftkings,,,-108,-112,54.5
2026-09-03T19:28:50,2026-10-24,NCAAF,Utah Utes,Houston Cougars,moneyline,draftkings,-258,210,,,
2026-09-03T19:28:50,2026-10-24,NCAAF,Utah Utes,Houston Cougars,spread,draftkings,-108,-112,,,
2026-09-03T19:28:50,2026-10-24,NCAAF,Utah Utes,Houston Cougars,total,draftkings,,,-110,-110,50.5
2026-09-03T19:28:50,2026-10-24,NCAAF,Michigan Wolverines,Indiana Hoosiers,moneyline,draftkings,210,-258,,,
2026-09-03T19:28:50,2026-10-24,NCAAF,Michigan Wolverines,Indiana Hoosiers,spread,draftkings,-110,-110,,,
2026-09-03T19:28:50,2026-10-24,NCAAF,Michigan Wolverines,Indiana Hoosiers,total,draftkings,,,-108,-112,52.5
2026-09-03T19:28:50,2026-10-24,NCAAF,Texas Longhorns,Ole Miss Rebels,moneyline,draftkings,-310,250,,,
2026-09-03T19:28:50,2026-10-24,NCAAF,Texas Longhorns,Ole Miss Rebels,spread,draftkings,-108,-112,,,
2026-09-03T19:28:50,2026-10-24,NCAAF,Texas Longhorns,Ole Miss Rebels,total,draftkings,,,-115,-105,54.5
2026-09-03T19:28:50,2026-10-31,NCAAF,Georgia Bulldogs,Florida Gators,moneyline,draftkings,-550,410,,,
2026-09-03T19:28:50,2026-10-31,NCAAF,Georgia Bulldogs,Florida Gators,spread,draftkings,-110,-110,,,
2026-09-03T19:28:50,2026-10-31,NCAAF,Georgia Bulldogs,Florida Gators,total,draftkings,,,-110,-110,53.5
2026-09-03T19:28:50,2026-11-07,NCAAF,LSU Tigers,Alabama Crimson Tide,moneyline,draftkings,-185,154,,,
2026-09-03T19:28:50,2026-11-07,NCAAF,LSU Tigers,Alabama Crimson Tide,spread,draftkings,-108,-112,,,
2026-09-03T19:28:50,2026-11-07,NCAAF,LSU Tigers,Alabama Crimson Tide,total,draftkings,,,-108,-112,54.5
2026-09-03T19:28:50,2026-11-07,NCAAF,Utah Utes,BYU Cougars,moneyline,draftkings,-142,120,,,
2026-09-03T19:28:50,2026-11-07,NCAAF,Utah Utes,BYU Cougars,spread,draftkings,100,-120,,,
2026-09-03T19:28:50,2026-11-07,NCAAF,Utah Utes,BYU Cougars,total,draftkings,,,-110,-110,51.5
2026-09-03T19:28:50,2026-11-07,NCAAF,Ole Miss Rebels,Georgia Bulldogs,moneyline,draftkings,180,-218,,,
2026-09-03T19:28:50,2026-11-07,NCAAF,Ole Miss Rebels,Georgia Bulldogs,spread,draftkings,-112,-108,,,
2026-09-03T19:28:50,2026-11-07,NCAAF,Ole Miss Rebels,Georgia Bulldogs,total,draftkings,,,-105,-115,55.5
2026-09-03T19:28:50,2026-11-07,NCAAF,Michigan Wolverines,Michigan State Spartans,moneyline,draftkings,-950,625,,,
2026-09-03T19:28:50,2026-11-07,NCAAF,Michigan Wolverines,Michigan State Spartans,spread,draftkings,-108,-112,,,
2026-09-03T19:28:50,2026-11-07,NCAAF,Michigan Wolverines,Michigan State Spartans,total,draftkings,,,-110,-110,50.5
2026-09-03T19:28:50,2026-11-07,NCAAF,Ohio State Buckeyes,Oregon Ducks,moneyline,draftkings,-258,210,,,
2026-09-03T19:28:50,2026-11-07,NCAAF,Ohio State Buckeyes,Oregon Ducks,spread,draftkings,-110,-110,,,
2026-09-03T19:28:50,2026-11-07,NCAAF,Ohio State Buckeyes,Oregon Ducks,total,draftkings,,,-108,-112,52.5
2026-09-03T19:28:50,2026-11-08,NCAAF,Notre Dame Fighting Irish,Miami Hurricanes,moneyline,draftkings,-238,195,,,
2026-09-03T19:28:50,2026-11-08,NCAAF,Notre Dame Fighting Irish,Miami Hurricanes,spread,draftkings,-108,-112,,,
2026-09-03T19:28:50,2026-11-08,NCAAF,Notre Dame Fighting Irish,Miami Hurricanes,total,draftkings,,,-118,-102,54.5
2026-09-03T19:28:50,2026-11-14,NCAAF,Miami Hurricanes,Duke Blue Devils,moneyline,draftkings,-1800,1000,,,
2026-09-03T19:28:50,2026-11-14,NCAAF,Miami Hurricanes,Duke Blue Devils,spread,draftkings,-112,-108,,,
2026-09-03T19:28:50,2026-11-14,NCAAF,Miami Hurricanes,Duke Blue Devils,total,draftkings,,,-112,-108,55.5
2026-09-03T19:28:50,2026-11-14,NCAAF,LSU Tigers,Texas Longhorns,moneyline,draftkings,120,-142,,,
2026-09-03T19:28:50,2026-11-14,NCAAF,LSU Tigers,Texas Longhorns,spread,draftkings,-115,-105,,,
2026-09-03T19:28:50,2026-11-14,NCAAF,LSU Tigers,Texas Longhorns,total,draftkings,,,-105,-115,54.5
2026-09-03T19:28:50,2026-11-14,NCAAF,Oregon Ducks,Michigan Wolverines,moneyline,draftkings,-600,440,,,
2026-09-03T19:28:50,2026-11-14,NCAAF,Oregon Ducks,Michigan Wolverines,spread,draftkings,-108,-112,,,
2026-09-03T19:28:50,2026-11-14,NCAAF,Oregon Ducks,Michigan Wolverines,total,draftkings,,,-112,-108,53.5
2026-09-03T19:28:50,2026-11-14,NCAAF,Oklahoma Sooners,Ole Miss Rebels,moneyline,draftkings,-198,164,,,
2026-09-03T19:28:50,2026-11-14,NCAAF,Oklahoma Sooners,Ole Miss Rebels,spread,draftkings,-108,-112,,,
2026-09-03T19:28:50,2026-11-14,NCAAF,Oklahoma Sooners,Ole Miss Rebels,total,draftkings,,,-108,-112,53.5
2026-09-03T19:28:50,2026-11-14,NCAAF,Oklahoma State Cowboys,Texas Tech Red Raiders,moneyline,draftkings,500,-700,,,
2026-09-03T19:28:50,2026-11-14,NCAAF,Oklahoma State Cowboys,Texas Tech Red Raiders,spread,draftkings,-115,-105,,,
2026-09-03T19:28:50,2026-11-14,NCAAF,Oklahoma State Cowboys,Texas Tech Red Raiders,total,draftkings,,,-108,-112,61.5
2026-09-03T19:28:50,2026-11-14,NCAAF,Texas A&M Aggies,Tennessee Volunteers,moneyline,draftkings,-360,285,,,
2026-09-03T19:28:50,2026-11-14,NCAAF,Texas A&M Aggies,Tennessee Volunteers,spread,draftkings,-110,-110,,,
2026-09-03T19:28:50,2026-11-14,NCAAF,Texas A&M Aggies,Tennessee Volunteers,total,draftkings,,,-108,-112,55.5
2026-09-03T19:28:50,2026-11-21,NCAAF,Tennessee Volunteers,LSU Tigers,moneyline,draftkings,100,-120,,,
2026-09-03T19:28:50,2026-11-21,NCAAF,Tennessee Volunteers,LSU Tigers,spread,draftkings,-112,-108,,,
2026-09-03T19:28:50,2026-11-21,NCAAF,Tennessee Volunteers,LSU Tigers,total,draftkings,,,-108,-112,57.5
2026-09-03T19:28:50,2026-11-21,NCAAF,Miami Hurricanes,Virginia Tech Hokies,moneyline,draftkings,-1050,675,,,
2026-09-03T19:28:50,2026-11-21,NCAAF,Miami Hurricanes,Virginia Tech Hokies,spread,draftkings,-115,-105,,,
2026-09-03T19:28:50,2026-11-21,NCAAF,Miami Hurricanes,Virginia Tech Hokies,total,draftkings,,,-108,-112,56.5
2026-09-03T19:28:50,2026-11-21,NCAAF,Oklahoma Sooners,Texas A&M Aggies,moneyline,draftkings,-142,120,,,
2026-09-03T19:28:50,2026-11-21,NCAAF,Oklahoma Sooners,Texas A&M Aggies,spread,draftkings,-105,-115,,,
2026-09-03T19:28:50,2026-11-21,NCAAF,Oklahoma Sooners,Texas A&M Aggies,total,draftkings,,,-108,-112,51.5
2026-09-03T19:28:50,2026-11-22,NCAAF,Notre Dame Fighting Irish,SMU Mustangs,moneyline,draftkings,-1200,750,,,
2026-09-03T19:28:50,2026-11-22,NCAAF,Notre Dame Fighting Irish,SMU Mustangs,spread,draftkings,-115,-105,,,
2026-09-03T19:28:50,2026-11-22,NCAAF,Notre Dame Fighting Irish,SMU Mustangs,total,draftkings,,,-108,-112,56.5
2026-09-03T19:28:50,2026-11-27,NCAAF,Ole Miss Rebels,Mississippi State Bulldogs,moneyline,draftkings,-600,440,,,
2026-09-03T19:28:50,2026-11-27,NCAAF,Ole Miss Rebels,Mississippi State Bulldogs,spread,draftkings,-110,-110,,,
2026-09-03T19:28:50,2026-11-27,NCAAF,Ole Miss Rebels,Mississippi State Bulldogs,total,draftkings,,,-105,-115,57.5
2026-09-03T19:28:50,2026-11-28,NCAAF,Texas A&M Aggies,Texas Longhorns,moneyline,draftkings,120,-142,,,
2026-09-03T19:28:50,2026-11-28,NCAAF,Texas A&M Aggies,Texas Longhorns,spread,draftkings,-112,-108,,,
2026-09-03T19:28:50,2026-11-28,NCAAF,Texas A&M Aggies,Texas Longhorns,total,draftkings,,,-110,-110,53.5
2026-09-03T19:28:50,2026-11-28,NCAAF,Alabama Crimson Tide,Auburn Tigers,moneyline,draftkings,-425,330,,,
2026-09-03T19:28:50,2026-11-28,NCAAF,Alabama Crimson Tide,Auburn Tigers,spread,draftkings,-110,-110,,,
2026-09-03T19:28:50,2026-11-28,NCAAF,Alabama Crimson Tide,Auburn Tigers,total,draftkings,,,-110,-110,52.5
2026-09-03T19:28:50,2026-11-28,NCAAF,Arizona Wildcats,Arizona State Sun Devils,moneyline,draftkings,-218,180,,,
2026-09-03T19:28:50,2026-11-28,NCAAF,Arizona Wildcats,Arizona State Sun Devils,spread,draftkings,-110,-110,,,
2026-09-03T19:28:50,2026-11-28,NCAAF,Arizona Wildcats,Arizona State Sun Devils,total,draftkings,,,-110,-110,52.5
2026-09-03T19:28:50,2026-11-28,NCAAF,Clemson Tigers,South Carolina Gamecocks,moneyline,draftkings,-162,136,,,
2026-09-03T19:28:50,2026-11-28,NCAAF,Clemson Tigers,South Carolina Gamecocks,spread,draftkings,-115,-105,,,
2026-09-03T19:28:50,2026-11-28,NCAAF,Clemson Tigers,South Carolina Gamecocks,total,draftkings,,,-110,-110,53.5
2026-09-03T19:28:50,2026-11-28,NCAAF,Northwestern Wildcats,Illinois Fighting Illini,moneyline,draftkings,145,-175,,,
2026-09-03T19:28:50,2026-11-28,NCAAF,Northwestern Wildcats,Illinois Fighting Illini,spread,draftkings,-108,-112,,,
2026-09-03T19:28:50,2026-11-28,NCAAF,Northwestern Wildcats,Illinois Fighting Illini,total,draftkings,,,-108,-112,52.5
2026-09-03T19:28:50,2026-11-28,NCAAF,Oregon Ducks,Washington Huskies,moneyline,draftkings,-650,470,,,
2026-09-03T19:28:50,2026-11-28,NCAAF,Oregon Ducks,Washington Huskies,spread,draftkings,-110,-110,,,
2026-09-03T19:28:50,2026-11-28,NCAAF,Oregon Ducks,Washington Huskies,total,draftkings,,,-110,-110,54.5
2026-09-03T19:28:50,2026-11-28,NCAAF,Vanderbilt Commodores,Tennessee Volunteers,moneyline,draftkings,136,-162,,,
2026-09-03T19:28:50,2026-11-28,NCAAF,Vanderbilt Commodores,Tennessee Volunteers,spread,draftkings,-110,-110,,,
2026-09-03T19:28:50,2026-11-28,NCAAF,Vanderbilt Commodores,Tennessee Volunteers,total,draftkings,,,-112,-108,57.5
2026-09-03T19:28:50,2026-11-28,NCAAF,Ohio State Buckeyes,Michigan Wolverines,moneyline,draftkings,-575,425,,,
2026-09-03T19:28:50,2026-11-28,NCAAF,Ohio State Buckeyes,Michigan Wolverines,spread,draftkings,-110,-110,,,
2026-09-03T19:28:50,2026-11-28,NCAAF,Ohio State Buckeyes,Michigan Wolverines,total,draftkings,,,-108,-112,46.5
2026-09-03T19:28:50,2026-12-12,NCAAF,Navy Midshipmen,Army Black Knights,moneyline,draftkings,-142,120,,,
2026-09-03T19:28:50,2026-12-12,NCAAF,Navy Midshipmen,Army Black Knights,spread,draftkings,-110,-110,,,
2026-09-03T19:28:50,2026-12-12,NCAAF,Navy Midshipmen,Army Black Knights,total,draftkings,,,-108,-112,37.5
2026-09-02T01:28:06,2026-09-01,MLB,Minnesota Twins,Detroit Tigers,spread,betmgm,-185,140,,,
2026-09-02T19:31:19,2026-09-02,MLB,Cincinnati Reds,San Diego Padres,spread,draftkings,-700,427,,,
2026-09-02T19:31:19,2026-09-02,MLB,Washington Nationals,Atlanta Braves,moneyline,draftkings,124,-162,,,
2026-09-02T19:31:19,2026-09-02,MLB,Washington Nationals,Atlanta Braves,spread,draftkings,-157,121,,,
2026-09-02T19:31:19,2026-09-02,MLB,Washington Nationals,Atlanta Braves,total,draftkings,,,-147,113,4.5
2026-09-02T19:31:19,2026-09-02,MLB,Boston Red Sox,Seattle Mariners,moneyline,fanduel,-144,122,,,
2026-09-02T19:31:19,2026-09-02,MLB,Boston Red Sox,Seattle Mariners,spread,fanduel,146,-178,,,
2026-09-02T19:31:19,2026-09-02,MLB,Boston Red Sox,Seattle Mariners,total,fanduel,,,-105,-115,8.5
2026-09-02T19:31:19,2026-09-02,MLB,Boston Red Sox,Seattle Mariners,moneyline,draftkings,-156,129,,,
2026-09-02T19:31:19,2026-09-02,MLB,Boston Red Sox,Seattle Mariners,spread,draftkings,140,-170,,,
2026-09-02T19:31:19,2026-09-02,MLB,Boston Red Sox,Seattle Mariners,total,draftkings,,,-106,-114,8.5
2026-09-03T01:31:05,2026-09-02,MLB,Cleveland Guardians,Toronto Blue Jays,spread,draftkings,359,-551,,,
2026-09-02T19:31:19,2026-09-02,MLB,Tampa Bay Rays,New York Mets,moneyline,fanduel,-178,150,,,
2026-09-03T01:31:05,2026-09-02,MLB,Tampa Bay Rays,New York Mets,spread,fanduel,225,-320,,,
2026-09-03T01:31:05,2026-09-02,MLB,Tampa Bay Rays,New York Mets,total,fanduel,,,220,-310,14.5
2026-09-02T19:31:19,2026-09-02,MLB,Tampa Bay Rays,New York Mets,moneyline,draftkings,-186,153,,,
2026-09-03T01:31:05,2026-09-02,MLB,Tampa Bay Rays,New York Mets,spread,draftkings,199,-271,,,
2026-09-03T01:31:05,2026-09-02,MLB,Tampa Bay Rays,New York Mets,total,draftkings,,,199,-271,14.5
2026-09-03T01:31:05,2026-09-02,MLB,Pittsburgh Pirates,San Francisco Giants,spread,draftkings,-164,125,,,
2026-09-03T01:31:05,2026-09-02,MLB,Chicago Cubs,Milwaukee Brewers,spread,draftkings,-113,-115,,,
2026-09-03T01:31:05,2026-09-02,MLB,Chicago Cubs,Milwaukee Brewers,total,draftkings,,,-130,100,16.5
2026-09-03T01:31:05,2026-09-02,MLB,Chicago Cubs,Milwaukee Brewers,moneyline,betmgm,165,-210,,,
2026-09-03T01:31:05,2026-09-02,MLB,Chicago Cubs,Milwaukee Brewers,spread,betmgm,-110,-118,,,
2026-09-03T01:31:05,2026-09-02,MLB,Minnesota Twins,Detroit Tigers,spread,draftkings,-105,-124,,,
2026-09-03T01:31:05,2026-09-02,MLB,Kansas City Royals,Miami Marlins,spread,draftkings,-118,-110,,,
2026-09-03T01:31:05,2026-09-02,MLB,Kansas City Royals,Miami Marlins,moneyline,betmgm,-325,250,,,
2026-09-03T01:31:05,2026-09-02,MLB,Kansas City Royals,Miami Marlins,spread,betmgm,-125,-102,,,
2026-09-03T01:31:05,2026-09-02,MLB,Kansas City Royals,Miami Marlins,total,betmgm,,,-110,-118,14.5
2026-09-03T19:28:50,2026-09-03,MLB,Houston Astros,Chicago White Sox,moneyline,fanduel,-6000,1400,,,
2026-09-03T19:28:50,2026-09-03,MLB,Houston Astros,Chicago White Sox,spread,fanduel,-102,-130,,,
2026-09-03T19:28:50,2026-09-03,MLB,Houston Astros,Chicago White Sox,total,fanduel,,,108,-144,13.5
2026-09-03T19:28:50,2026-09-03,MLB,Houston Astros,Chicago White Sox,moneyline,draftkings,-6400,1160,,,
2026-09-03T19:28:50,2026-09-03,MLB,Houston Astros,Chicago White Sox,spread,draftkings,113,-148,,,
2026-09-03T19:28:50,2026-09-03,MLB,Houston Astros,Chicago White Sox,total,draftkings,,,110,-143,13.5
2026-09-03T01:31:05,2026-09-03,MLB,Los Angeles Angels,New York Yankees,spread,draftkings,-144,119,,,
2026-09-03T01:31:05,2026-09-03,MLB,Los Angeles Dodgers,St. Louis Cardinals,moneyline,fanduel,-290,235,,,
2026-09-03T01:31:05,2026-09-03,MLB,Los Angeles Dodgers,St. Louis Cardinals,spread,fanduel,-128,106,,,
2026-09-03T01:31:05,2026-09-03,MLB,Los Angeles Dodgers,St. Louis Cardinals,total,fanduel,,,-124,102,7.5
2026-09-03T19:28:50,2026-09-03,NCAAF,Buffalo Bulls,Albany,moneyline,betmgm,-1100,750,,,
2026-09-03T19:28:50,2026-09-03,NCAAF,Buffalo Bulls,Albany,spread,betmgm,-112,-108,,,
2026-09-03T19:28:50,2026-09-03,NCAAF,Buffalo Bulls,Albany,total,betmgm,,,-110,-108,47.5
2026-09-03T19:28:50,2026-09-03,NCAAF,Delaware Blue Hens,Merrimack Warriors,moneyline,betmgm,-12500,3500,,,
2026-09-03T19:28:50,2026-09-03,NCAAF,Delaware Blue Hens,Merrimack Warriors,spread,betmgm,-110,-108,,,
2026-09-03T19:28:50,2026-09-03,NCAAF,Delaware Blue Hens,Merrimack Warriors,total,betmgm,,,-105,-112,56.5
2026-09-03T19:28:50,2026-09-03,NCAAF,Kennesaw State Owls,West Georgia Wolves,moneyline,betmgm,-2500,1300,,,
2026-09-03T19:28:50,2026-09-03,NCAAF,Kennesaw State Owls,West Georgia Wolves,spread,betmgm,-108,-110,,,
2026-09-03T19:28:50,2026-09-03,NCAAF,Kennesaw State Owls,West Georgia Wolves,total,betmgm,,,-112,-105,49.5
2026-09-03T19:28:50,2026-09-04,NCAAF,Missouri Tigers,Arkansas Pine Bluff Golden Lions,spread,betmgm,-110,-108,,,
2026-09-03T19:28:50,2026-09-04,NCAAF,Missouri Tigers,Arkansas Pine Bluff Golden Lions,total,betmgm,,,-108,-110,61.5
2026-09-03T19:28:50,2026-09-04,NCAAF,Minnesota Golden Gophers,Eastern Illinois Panthers,spread,betmgm,-110,-108,,,
2026-09-03T19:28:50,2026-09-04,NCAAF,Minnesota Golden Gophers,Eastern Illinois Panthers,total,betmgm,,,-112,-105,51.5
2026-09-03T19:28:50,2026-09-04,NCAAF,Utah Utes,Idaho Vandals,moneyline,betmgm,-100000,5500,,,
2026-09-03T19:28:50,2026-09-04,NCAAF,Utah Utes,Idaho Vandals,spread,betmgm,-110,-108,,,
2026-09-03T19:28:50,2026-09-04,NCAAF,Utah Utes,Idaho Vandals,total,betmgm,,,-105,-115,59.5
2026-09-03T19:28:50,2026-09-06,NCAAF,BYU Cougars,Utah Tech Trailblazers,spread,draftkings,-110,-110,,,
2026-09-03T19:28:50,2026-09-06,NCAAF,BYU Cougars,Utah Tech Trailblazers,total,draftkings,,,-110,-110,61.5
2026-09-02T19:31:19,2026-09-02,MLB,Washington Nationals,Atlanta Braves,moneyline,betmgm,135,-170,,,
2026-09-02T19:31:19,2026-09-02,MLB,Washington Nationals,Atlanta Braves,spread,betmgm,-165,130,,,
2026-09-02T19:31:19,2026-09-02,MLB,Washington Nationals,Atlanta Braves,total,betmgm,,,-130,100,4.5
2026-09-02T19:31:19,2026-09-02,MLB,Boston Red Sox,Seattle Mariners,moneyline,betmgm,-155,125,,,
2026-09-02T19:31:19,2026-09-02,MLB,Boston Red Sox,Seattle Mariners,spread,betmgm,140,-170,,,
2026-09-02T19:31:19,2026-09-02,MLB,Boston Red Sox,Seattle Mariners,total,betmgm,,,-105,-115,8.5
2026-09-03T01:31:05,2026-09-02,MLB,Tampa Bay Rays,New York Mets,moneyline,betmgm,3300,-10000,,,
2026-09-03T01:31:05,2026-09-02,MLB,Tampa Bay Rays,New York Mets,spread,betmgm,425,-650,,,
2026-09-03T01:31:05,2026-09-02,MLB,Tampa Bay Rays,New York Mets,total,betmgm,,,425,-650,14.5
2026-09-03T01:31:05,2026-09-02,MLB,Chicago Cubs,Milwaukee Brewers,total,betmgm,,,-125,100,16.5
2026-09-03T19:28:50,2026-09-03,MLB,Houston Astros,Chicago White Sox,moneyline,betmgm,-5000,1200,,,
2026-09-03T19:28:50,2026-09-03,MLB,Houston Astros,Chicago White Sox,spread,betmgm,115,-150,,,
2026-09-03T19:28:50,2026-09-03,MLB,Houston Astros,Chicago White Sox,total,betmgm,,,-105,-120,13.5
2026-09-03T01:31:05,2026-09-03,MLB,Los Angeles Dodgers,St. Louis Cardinals,moneyline,draftkings,-305,242,,,
2026-09-03T01:31:05,2026-09-03,MLB,Los Angeles Dodgers,St. Louis Cardinals,spread,draftkings,-136,113,,,
2026-09-03T01:31:05,2026-09-03,MLB,Los Angeles Dodgers,St. Louis Cardinals,total,draftkings,,,-110,-110,8.0
2026-09-03T01:31:05,2026-09-03,MLB,Los Angeles Dodgers,St. Louis Cardinals,moneyline,betmgm,-300,240,,,
2026-09-03T01:31:05,2026-09-03,MLB,Los Angeles Dodgers,St. Louis Cardinals,spread,betmgm,-140,115,,,
2026-09-03T01:31:05,2026-09-03,MLB,Los Angeles Dodgers,St. Louis Cardinals,total,betmgm,,,-105,-115,8.0
2026-09-02T19:31:19,2026-09-03,MLB,Pittsburgh Pirates,San Francisco Giants,moneyline,fanduel,-162,136,,,
2026-09-03T19:28:50,2026-09-03,MLB,Pittsburgh Pirates,San Francisco Giants,spread,fanduel,-1400,630,,,
2026-09-03T19:28:50,2026-09-03,MLB,Pittsburgh Pirates,San Francisco Giants,total,fanduel,,,640,-1450,7.5
2026-09-03T19:28:50,2026-09-03,MLB,Cleveland Guardians,Toronto Blue Jays,moneyline,draftkings,255,-359,,,
2026-09-03T19:28:50,2026-09-03,MLB,Cleveland Guardians,Toronto Blue Jays,spread,draftkings,110,-143,,,
2026-09-03T19:28:50,2026-09-03,MLB,Cleveland Guardians,Toronto Blue Jays,total,draftkings,,,-142,109,10.5
2026-09-03T19:28:50,2026-09-03,MLB,Cleveland Guardians,Toronto Blue Jays,moneyline,betmgm,290,-400,,,
2026-09-03T19:28:50,2026-09-03,MLB,Cleveland Guardians,Toronto Blue Jays,spread,betmgm,125,-160,,,
2026-09-03T19:28:50,2026-09-03,MLB,Cleveland Guardians,Toronto Blue Jays,total,betmgm,,,135,-175,11.5
2026-09-03T19:28:50,2026-09-03,MLB,Cleveland Guardians,Toronto Blue Jays,moneyline,fanduel,255,-350,,,
2026-09-03T19:28:50,2026-09-03,MLB,Cleveland Guardians,Toronto Blue Jays,spread,fanduel,108,-144,,,
2026-09-03T19:28:50,2026-09-03,MLB,Cleveland Guardians,Toronto Blue Jays,total,fanduel,,,-154,116,10.5
2026-09-03T19:28:50,2026-09-03,MLB,Chicago Cubs,Milwaukee Brewers,moneyline,draftkings,100,-120,,,
2026-09-03T19:28:50,2026-09-03,MLB,Chicago Cubs,Milwaukee Brewers,spread,draftkings,-168,139,,,
2026-09-03T19:28:50,2026-09-03,MLB,Chicago Cubs,Milwaukee Brewers,total,draftkings,,,-105,-114,8.5
2026-09-03T19:28:50,2026-09-03,MLB,Chicago Cubs,Milwaukee Brewers,moneyline,betmgm,100,-120,,,
2026-09-03T19:28:50,2026-09-03,MLB,Chicago Cubs,Milwaukee Brewers,spread,betmgm,-165,135,,,
2026-09-03T19:28:50,2026-09-03,MLB,Chicago Cubs,Milwaukee Brewers,total,betmgm,,,-105,-115,8.5
2026-09-03T19:28:50,2026-09-03,MLB,Chicago Cubs,Milwaukee Brewers,moneyline,fanduel,100,-118,,,
2026-09-03T19:28:50,2026-09-03,MLB,Chicago Cubs,Milwaukee Brewers,spread,fanduel,-166,138,,,
2026-09-03T19:28:50,2026-09-03,MLB,Chicago Cubs,Milwaukee Brewers,total,fanduel,,,-106,-114,8.5
2026-09-03T19:28:50,2026-09-03,MLB,Baltimore Orioles,Boston Red Sox,moneyline,fanduel,108,-126,,,
2026-09-03T19:28:50,2026-09-03,MLB,Baltimore Orioles,Boston Red Sox,spread,fanduel,-160,130,,,
2026-09-03T19:28:50,2026-09-03,MLB,Baltimore Orioles,Boston Red Sox,total,fanduel,,,-105,-115,8.5
2026-09-03T19:28:50,2026-09-03,MLB,Kansas City Royals,Miami Marlins,moneyline,draftkings,-118,-102,,,
2026-09-03T19:28:50,2026-09-03,MLB,Kansas City Royals,Miami Marlins,spread,draftkings,-185,152,,,
2026-09-03T19:28:50,2026-09-03,MLB,Kansas City Royals,Miami Marlins,total,draftkings,,,-110,-110,9.0
2026-09-03T19:28:50,2026-09-03,MLB,Kansas City Royals,Miami Marlins,moneyline,fanduel,-116,-102,,,
2026-09-03T19:28:50,2026-09-03,MLB,Kansas City Royals,Miami Marlins,spread,fanduel,-182,150,,,
2026-09-03T19:28:50,2026-09-03,MLB,Kansas City Royals,Miami Marlins,total,fanduel,,,-115,-105,9.0
2026-09-03T19:28:50,2026-09-03,MLB,Kansas City Royals,Miami Marlins,moneyline,betmgm,-118,-102,,,
2026-09-03T19:28:50,2026-09-03,MLB,Kansas City Royals,Miami Marlins,spread,betmgm,-185,150,,,
2026-09-03T19:28:50,2026-09-03,MLB,Kansas City Royals,Miami Marlins,total,betmgm,,,-110,-110,9.0
2026-09-03T19:28:50,2026-09-04,MLB,Texas Rangers,Tampa Bay Rays,moneyline,fanduel,112,-132,,,
2026-09-03T19:28:50,2026-09-04,MLB,Texas Rangers,Tampa Bay Rays,spread,fanduel,-162,132,,,
2026-09-03T19:28:50,2026-09-04,MLB,Texas Rangers,Tampa Bay Rays,total,fanduel,,,-120,-102,7.5
2026-09-03T19:28:50,2026-09-04,MLB,Seattle Mariners,Athletics,moneyline,fanduel,-215,180,,,
2026-09-03T19:28:50,2026-09-04,MLB,Seattle Mariners,Athletics,spread,fanduel,104,-126,,,
2026-09-03T19:28:50,2026-09-04,MLB,Seattle Mariners,Athletics,total,fanduel,,,100,-122,7.5
2026-09-03T19:28:50,2026-09-04,MLB,Los Angeles Dodgers,St. Louis Cardinals,moneyline,draftkings,-311,246,,,
2026-09-03T19:28:50,2026-09-04,MLB,Los Angeles Dodgers,St. Louis Cardinals,spread,draftkings,-143,119,,,
2026-09-03T19:28:50,2026-09-04,MLB,Los Angeles Dodgers,St. Louis Cardinals,total,draftkings,,,-101,-120,8.0
2026-09-03T19:28:50,2026-09-04,MLB,Los Angeles Dodgers,St. Louis Cardinals,moneyline,betmgm,-285,230,,,
2026-09-03T19:28:50,2026-09-04,MLB,Los Angeles Dodgers,St. Louis Cardinals,spread,betmgm,-140,118,,,
2026-09-03T19:28:50,2026-09-04,MLB,Los Angeles Dodgers,St. Louis Cardinals,total,betmgm,,,-105,-115,8.0
2026-09-03T19:28:50,2026-09-04,MLB,Los Angeles Dodgers,St. Louis Cardinals,moneyline,fanduel,-310,250,,,
2026-09-03T19:28:50,2026-09-04,MLB,Los Angeles Dodgers,St. Louis Cardinals,spread,fanduel,-138,115,,,
2026-09-03T19:28:50,2026-09-04,MLB,Los Angeles Dodgers,St. Louis Cardinals,total,fanduel,,,-122,100,7.5
2026-09-03T19:28:50,2026-09-03,NCAAF,UCF Knights,Bethune-Cookman Wildcats,spread,betmgm,-105,-112,,,
2026-09-03T19:28:50,2026-09-03,NCAAF,UCF Knights,Bethune-Cookman Wildcats,total,betmgm,,,-110,-108,58.5
2026-09-03T01:31:05,2026-09-02,MLB,Minnesota Twins,Detroit Tigers,spread,betmgm,105,-135,,,
2026-09-03T19:28:50,2026-09-03,MLB,Baltimore Orioles,Boston Red Sox,moneyline,draftkings,104,-125,,,
2026-09-03T19:28:50,2026-09-03,MLB,Baltimore Orioles,Boston Red Sox,spread,draftkings,-162,134,,,
2026-09-03T19:28:50,2026-09-03,MLB,Baltimore Orioles,Boston Red Sox,total,draftkings,,,-105,-115,8.5
2026-09-03T19:28:50,2026-09-03,MLB,Baltimore Orioles,Boston Red Sox,moneyline,betmgm,105,-125,,,
2026-09-03T19:28:50,2026-09-03,MLB,Baltimore Orioles,Boston Red Sox,spread,betmgm,-160,135,,,
2026-09-03T19:28:50,2026-09-03,MLB,Baltimore Orioles,Boston Red Sox,total,betmgm,,,-105,-115,8.5
2026-09-03T19:28:50,2026-09-04,MLB,Texas Rangers,Tampa Bay Rays,moneyline,betmgm,110,-130,,,
2026-09-03T19:28:50,2026-09-04,MLB,Texas Rangers,Tampa Bay Rays,spread,betmgm,-155,130,,,
2026-09-03T19:28:50,2026-09-04,MLB,Texas Rangers,Tampa Bay Rays,total,betmgm,,,-102,-118,8.0
2026-09-03T19:28:50,2026-09-04,MLB,Texas Rangers,Tampa Bay Rays,moneyline,draftkings,109,-131,,,
2026-09-03T19:28:50,2026-09-04,MLB,Texas Rangers,Tampa Bay Rays,spread,draftkings,-157,130,,,
2026-09-03T19:28:50,2026-09-04,MLB,Texas Rangers,Tampa Bay Rays,total,draftkings,,,-107,-113,8.0
2026-09-03T19:28:50,2026-09-04,MLB,Seattle Mariners,Athletics,moneyline,draftkings,-218,177,,,
2026-09-03T19:28:50,2026-09-04,MLB,Seattle Mariners,Athletics,spread,draftkings,104,-126,,,
2026-09-03T19:28:50,2026-09-04,MLB,Seattle Mariners,Athletics,total,draftkings,,,-102,-119,7.5
2026-09-03T19:28:50,2026-09-04,MLB,Seattle Mariners,Athletics,moneyline,betmgm,-220,180,,,
2026-09-03T19:28:50,2026-09-04,MLB,Seattle Mariners,Athletics,spread,betmgm,105,-125,,,
2026-09-03T19:28:50,2026-09-04,MLB,Seattle Mariners,Athletics,total,betmgm,,,-102,-118,7.5
2026-09-03T19:28:50,2026-09-12,NCAAF,Virginia Tech Hokies,Old Dominion Monarchs,spread,draftkings,-110,-110,,,
2026-09-03T19:28:50,2026-09-12,NCAAF,Kentucky Wildcats,Alabama Crimson Tide,spread,draftkings,-110,-110,,,
2026-09-03T19:28:50,2026-09-12,NCAAF,BYU Cougars,Arizona Wildcats,spread,draftkings,-110,-110,,,
2026-09-03T19:28:50,2026-09-12,NCAAF,Illinois Fighting Illini,Duke Blue Devils,spread,draftkings,-110,-110,,,
2026-09-03T19:28:50,2026-09-12,NCAAF,Minnesota Golden Gophers,Mississippi State Bulldogs,spread,draftkings,-110,-110,,,
2026-09-03T19:28:50,2026-09-12,NCAAF,Texas State Bobcats,UTSA Roadrunners,spread,draftkings,-110,-110,,,
2026-09-03T19:28:50,2026-09-12,NCAAF,Boise State Broncos,Memphis Tigers,spread,draftkings,-110,-110,,,
2026-09-03T19:28:50,2026-09-12,NCAAF,Georgia Tech Yellow Jackets,Tennessee Volunteers,spread,draftkings,-110,-110,,,
2026-09-03T19:28:50,2026-09-12,NCAAF,UCLA Bruins,San Diego State Aztecs,spread,draftkings,-110,-110,,,
2026-09-03T19:28:50,2026-09-03,MLB,Pittsburgh Pirates,San Francisco Giants,moneyline,betmgm,-10000,3300,,,
2026-09-03T19:28:50,2026-09-03,MLB,Pittsburgh Pirates,San Francisco Giants,spread,betmgm,-1100,625,,,
2026-09-03T19:28:50,2026-09-03,MLB,Pittsburgh Pirates,San Francisco Giants,total,betmgm,,,625,-1100,7.5
2026-09-03T19:28:50,2026-09-03,MLB,Pittsburgh Pirates,San Francisco Giants,spread,draftkings,-6100,1140,,,
2026-09-03T19:28:50,2026-09-03,MLB,Pittsburgh Pirates,San Francisco Giants,total,draftkings,,,1140,-6000,7.5
2026-09-03T19:28:50,2026-09-04,MLB,Cincinnati Reds,Milwaukee Brewers,moneyline,fanduel,136,-162,,,
2026-09-03T19:28:50,2026-09-04,MLB,Cincinnati Reds,Milwaukee Brewers,spread,fanduel,-118,-102,,,
2026-09-03T19:28:50,2026-09-04,MLB,Cincinnati Reds,Milwaukee Brewers,total,fanduel,,,-115,-105,9.5
2026-09-03T19:28:50,2026-09-04,MLB,Cincinnati Reds,Milwaukee Brewers,moneyline,betmgm,135,-160,,,
2026-09-03T19:28:50,2026-09-04,MLB,Cincinnati Reds,Milwaukee Brewers,spread,betmgm,-118,-102,,,
2026-09-03T19:28:50,2026-09-04,MLB,Cincinnati Reds,Milwaukee Brewers,total,betmgm,,,-115,-105,9.5
2026-09-03T19:28:50,2026-09-04,MLB,Philadelphia Phillies,Atlanta Braves,moneyline,fanduel,-106,-110,,,
2026-09-03T19:28:50,2026-09-04,MLB,Philadelphia Phillies,Atlanta Braves,spread,fanduel,-196,162,,,
2026-09-03T19:28:50,2026-09-04,MLB,Philadelphia Phillies,Atlanta Braves,total,fanduel,,,-122,100,6.5
2026-09-03T19:28:50,2026-09-04,MLB,Philadelphia Phillies,Atlanta Braves,moneyline,betmgm,-110,-110,,,
2026-09-03T19:28:50,2026-09-04,MLB,Philadelphia Phillies,Atlanta Braves,spread,betmgm,-200,165,,,
2026-09-03T19:28:50,2026-09-04,MLB,Philadelphia Phillies,Atlanta Braves,total,betmgm,,,-125,105,6.5
2026-09-03T19:28:50,2026-09-04,MLB,Pittsburgh Pirates,Los Angeles Angels,moneyline,fanduel,-190,160,,,
2026-09-03T19:28:50,2026-09-04,MLB,Pittsburgh Pirates,Los Angeles Angels,spread,fanduel,115,-138,,,
2026-09-03T19:28:50,2026-09-04,MLB,Pittsburgh Pirates,Los Angeles Angels,total,fanduel,,,-105,-115,8.5
2026-09-03T19:28:50,2026-09-04,MLB,Pittsburgh Pirates,Los Angeles Angels,moneyline,betmgm,-200,165,,,
2026-09-03T19:28:50,2026-09-04,MLB,Pittsburgh Pirates,Los Angeles Angels,spread,betmgm,115,-140,,,
2026-09-03T19:28:50,2026-09-04,MLB,Pittsburgh Pirates,Los Angeles Angels,total,betmgm,,,-102,-118,8.5
2026-09-03T19:28:50,2026-09-04,MLB,Baltimore Orioles,Boston Red Sox,moneyline,fanduel,102,-120,,,
2026-09-03T19:28:50,2026-09-04,MLB,Baltimore Orioles,Boston Red Sox,spread,fanduel,-160,132,,,
2026-09-03T19:28:50,2026-09-04,MLB,Baltimore Orioles,Boston Red Sox,total,fanduel,,,-105,-115,8.5
2026-09-03T19:28:50,2026-09-04,MLB,Baltimore Orioles,Boston Red Sox,moneyline,betmgm,100,-120,,,
2026-09-03T19:28:50,2026-09-04,MLB,Baltimore Orioles,Boston Red Sox,spread,betmgm,-165,135,,,
2026-09-03T19:28:50,2026-09-04,MLB,Baltimore Orioles,Boston Red Sox,total,betmgm,,,-105,-115,8.5
2026-09-03T19:28:50,2026-09-04,MLB,New York Mets,San Francisco Giants,moneyline,fanduel,-188,158,,,
2026-09-03T19:28:50,2026-09-04,MLB,New York Mets,San Francisco Giants,spread,fanduel,125,-150,,,
2026-09-03T19:28:50,2026-09-04,MLB,New York Mets,San Francisco Giants,total,fanduel,,,-118,-104,8.0
2026-09-03T19:28:50,2026-09-04,MLB,New York Mets,San Francisco Giants,moneyline,betmgm,-185,150,,,
2026-09-03T19:28:50,2026-09-04,MLB,New York Mets,San Francisco Giants,spread,betmgm,125,-155,,,
2026-09-03T19:28:50,2026-09-04,MLB,New York Mets,San Francisco Giants,total,betmgm,,,100,-120,8.5
2026-09-03T19:28:50,2026-09-04,MLB,Chicago White Sox,Minnesota Twins,moneyline,fanduel,-124,106,,,
2026-09-03T19:28:50,2026-09-04,MLB,Chicago White Sox,Minnesota Twins,spread,fanduel,-205,168,,,
2026-09-03T19:28:50,2026-09-04,MLB,Chicago White Sox,Minnesota Twins,total,fanduel,,,-114,-106,9.0
2026-09-03T19:28:50,2026-09-04,MLB,Chicago White Sox,Minnesota Twins,moneyline,betmgm,-135,110,,,
2026-09-03T19:28:50,2026-09-04,MLB,Chicago White Sox,Minnesota Twins,total,betmgm,,,-120,100,9.0
2026-09-03T19:28:50,2026-09-05,MLB,Texas Rangers,Tampa Bay Rays,moneyline,fanduel,102,-120,,,
2026-09-03T19:28:50,2026-09-05,MLB,Texas Rangers,Tampa Bay Rays,spread,fanduel,-170,140,,,
2026-09-03T19:28:50,2026-09-05,MLB,Texas Rangers,Tampa Bay Rays,total,fanduel,,,-110,-110,8.0
2026-09-03T19:28:50,2026-09-05,MLB,Texas Rangers,Tampa Bay Rays,moneyline,betmgm,105,-125,,,
2026-09-03T19:28:50,2026-09-05,MLB,Texas Rangers,Tampa Bay Rays,spread,betmgm,-170,140,,,
2026-09-03T19:28:50,2026-09-05,MLB,Texas Rangers,Tampa Bay Rays,total,betmgm,,,-110,-110,8.0
2026-09-03T19:28:50,2026-09-05,MLB,Houston Astros,Arizona Diamondbacks,moneyline,fanduel,-134,116,,,
2026-09-03T19:28:50,2026-09-05,MLB,Houston Astros,Arizona Diamondbacks,spread,fanduel,162,-196,,,
2026-09-03T19:28:50,2026-09-05,MLB,Houston Astros,Arizona Diamondbacks,total,fanduel,,,-105,-115,9.0
2026-09-03T19:28:50,2026-09-05,MLB,Houston Astros,Arizona Diamondbacks,moneyline,betmgm,-135,110,,,
2026-09-03T19:28:50,2026-09-05,MLB,Houston Astros,Arizona Diamondbacks,spread,betmgm,155,-190,,,
2026-09-03T19:28:50,2026-09-05,MLB,Houston Astros,Arizona Diamondbacks,total,betmgm,,,-120,100,8.5
2026-09-03T19:28:50,2026-09-05,MLB,San Diego Padres,New York Yankees,moneyline,fanduel,112,-132,,,
2026-09-03T19:28:50,2026-09-05,MLB,San Diego Padres,New York Yankees,spread,fanduel,-156,130,,,
2026-09-03T19:28:50,2026-09-05,MLB,San Diego Padres,New York Yankees,total,fanduel,,,-110,-110,7.5
2026-09-03T19:28:50,2026-09-05,MLB,San Diego Padres,New York Yankees,moneyline,betmgm,110,-135,,,
2026-09-03T19:28:50,2026-09-05,MLB,San Diego Padres,New York Yankees,spread,betmgm,-160,135,,,
2026-09-03T19:28:50,2026-09-05,MLB,San Diego Padres,New York Yankees,total,betmgm,,,-110,-110,7.5
2026-09-03T19:28:50,2026-09-03,NCAAF,Rutgers Scarlet Knights,UMass Minutemen,moneyline,fanduel,-10000,2400,,,
2026-09-03T19:28:50,2026-09-03,NCAAF,Rutgers Scarlet Knights,UMass Minutemen,spread,fanduel,-115,-105,,,
2026-09-03T19:28:50,2026-09-03,NCAAF,Rutgers Scarlet Knights,UMass Minutemen,total,fanduel,,,-120,-102,52.5
2026-09-03T19:28:50,2026-09-05,NCAAF,Texas Longhorns,Texas State Bobcats,moneyline,betmgm,-10000,2500,,,
2026-09-03T19:28:50,2026-09-05,NCAAF,Iowa Hawkeyes,Northern Illinois Huskies,moneyline,betmgm,-50000,5000,,,
2026-09-03T19:28:50,2026-09-06,NCAAF,Maryland Terrapins,Hampton Pirates,spread,fanduel,-110,-110,,,
2026-09-03T19:28:50,2026-09-06,NCAAF,Maryland Terrapins,Hampton Pirates,total,fanduel,,,-110,-110,57.5
